
*****************************************
Setting OMP_NUM_THREADS environment variable for each process to be 1 in default, to avoid your system being overloaded, please further tune the variable for optimal performance in your application as needed. 
*****************************************
RANK: 2, LOCAL_RANK: 2, WORLD_SIZE: 8,LOCAL_WORLD_SIZE: 8, CUDA_VISIBLE_DEVICES: 2
RANK: 5, LOCAL_RANK: 5, WORLD_SIZE: 8,LOCAL_WORLD_SIZE: 8, CUDA_VISIBLE_DEVICES: 5
RANK: 3, LOCAL_RANK: 3, WORLD_SIZE: 8,LOCAL_WORLD_SIZE: 8, CUDA_VISIBLE_DEVICES: 3
RANK: 7, LOCAL_RANK: 7, WORLD_SIZE: 8,LOCAL_WORLD_SIZE: 8, CUDA_VISIBLE_DEVICES: 7
RANK: 6, LOCAL_RANK: 6, WORLD_SIZE: 8,LOCAL_WORLD_SIZE: 8, CUDA_VISIBLE_DEVICES: 6
RANK: 1, LOCAL_RANK: 1, WORLD_SIZE: 8,LOCAL_WORLD_SIZE: 8, CUDA_VISIBLE_DEVICES: 1
RANK: 4, LOCAL_RANK: 4, WORLD_SIZE: 8,LOCAL_WORLD_SIZE: 8, CUDA_VISIBLE_DEVICES: 4
RANK: 0, LOCAL_RANK: 0, WORLD_SIZE: 8,LOCAL_WORLD_SIZE: 8, CUDA_VISIBLE_DEVICES: 0
[2026-06-12 08:15:17] ERROR - __init__.py: load_env - 20: Did not detect the .env file at /root/storage/mahaoxuan.mhx/code/MMR-Bench/third_party/VLMEvalKit/.env, failed to load.
[2026-06-12 08:15:17] ERROR - __init__.py: load_env - 20: Did not detect the .env file at /root/storage/mahaoxuan.mhx/code/MMR-Bench/third_party/VLMEvalKit/.env, failed to load.
[2026-06-12 08:15:17] ERROR - __init__.py: load_env - 20: Did not detect the .env file at /root/storage/mahaoxuan.mhx/code/MMR-Bench/third_party/VLMEvalKit/.env, failed to load.
[2026-06-12 08:15:17] ERROR - __init__.py: load_env - 20: Did not detect the .env file at /root/storage/mahaoxuan.mhx/code/MMR-Bench/third_party/VLMEvalKit/.env, failed to load.
[2026-06-12 08:15:17] ERROR - __init__.py: load_env - 20: Did not detect the .env file at /root/storage/mahaoxuan.mhx/code/MMR-Bench/third_party/VLMEvalKit/.env, failed to load.
[2026-06-12 08:15:17] ERROR - __init__.py: load_env - 20: Did not detect the .env file at /root/storage/mahaoxuan.mhx/code/MMR-Bench/third_party/VLMEvalKit/.env, failed to load.
[2026-06-12 08:15:17] ERROR - __init__.py: load_env - 20: Did not detect the .env file at /root/storage/mahaoxuan.mhx/code/MMR-Bench/third_party/VLMEvalKit/.env, failed to load.
[2026-06-12 08:15:17] ERROR - __init__.py: load_env - 20: Did not detect the .env file at /root/storage/mahaoxuan.mhx/code/MMR-Bench/third_party/VLMEvalKit/.env, failed to load.
[92m08:15:39 - LiteLLM:WARNING[0m: get_model_cost_map.py:271 - LiteLLM: Failed to fetch remote model cost map from https://raw.githubusercontent.com/BerriAI/litellm/main/model_prices_and_context_window.json: _ssl.c:1000: The handshake operation timed out. Falling back to local backup.
[2026-06-12 08:15:39] WARNING - get_model_cost_map.py: get_model_cost_map - 271: LiteLLM: Failed to fetch remote model cost map from https://raw.githubusercontent.com/BerriAI/litellm/main/model_prices_and_context_window.json: _ssl.c:1000: The handshake operation timed out. Falling back to local backup.
[92m08:15:39 - LiteLLM:WARNING[0m: get_model_cost_map.py:271 - LiteLLM: Failed to fetch remote model cost map from https://raw.githubusercontent.com/BerriAI/litellm/main/model_prices_and_context_window.json: _ssl.c:1000: The handshake operation timed out. Falling back to local backup.
[2026-06-12 08:15:39] WARNING - get_model_cost_map.py: get_model_cost_map - 271: LiteLLM: Failed to fetch remote model cost map from https://raw.githubusercontent.com/BerriAI/litellm/main/model_prices_and_context_window.json: _ssl.c:1000: The handshake operation timed out. Falling back to local backup.
[92m08:15:39 - LiteLLM:WARNING[0m: get_model_cost_map.py:271 - LiteLLM: Failed to fetch remote model cost map from https://raw.githubusercontent.com/BerriAI/litellm/main/model_prices_and_context_window.json: The read operation timed out. Falling back to local backup.
[2026-06-12 08:15:39] WARNING - get_model_cost_map.py: get_model_cost_map - 271: LiteLLM: Failed to fetch remote model cost map from https://raw.githubusercontent.com/BerriAI/litellm/main/model_prices_and_context_window.json: The read operation timed out. Falling back to local backup.
[92m08:15:40 - LiteLLM:WARNING[0m: get_model_cost_map.py:271 - LiteLLM: Failed to fetch remote model cost map from https://raw.githubusercontent.com/BerriAI/litellm/main/model_prices_and_context_window.json: _ssl.c:1000: The handshake operation timed out. Falling back to local backup.
[2026-06-12 08:15:40] WARNING - get_model_cost_map.py: get_model_cost_map - 271: LiteLLM: Failed to fetch remote model cost map from https://raw.githubusercontent.com/BerriAI/litellm/main/model_prices_and_context_window.json: _ssl.c:1000: The handshake operation timed out. Falling back to local backup.
[92m08:15:40 - LiteLLM:WARNING[0m: get_model_cost_map.py:271 - LiteLLM: Failed to fetch remote model cost map from https://raw.githubusercontent.com/BerriAI/litellm/main/model_prices_and_context_window.json: _ssl.c:1000: The handshake operation timed out. Falling back to local backup.
[2026-06-12 08:15:40] WARNING - get_model_cost_map.py: get_model_cost_map - 271: LiteLLM: Failed to fetch remote model cost map from https://raw.githubusercontent.com/BerriAI/litellm/main/model_prices_and_context_window.json: _ssl.c:1000: The handshake operation timed out. Falling back to local backup.
[92m08:15:48 - LiteLLM:WARNING[0m: get_model_cost_map.py:271 - LiteLLM: Failed to fetch remote model cost map from https://raw.githubusercontent.com/BerriAI/litellm/main/model_prices_and_context_window.json: The read operation timed out. Falling back to local backup.
[2026-06-12 08:15:48] WARNING - get_model_cost_map.py: get_model_cost_map - 271: LiteLLM: Failed to fetch remote model cost map from https://raw.githubusercontent.com/BerriAI/litellm/main/model_prices_and_context_window.json: The read operation timed out. Falling back to local backup.
[2026-06-12 08:15:52] ERROR - misc.py: load_env - 220: Did not detect the .env file at /root/storage/mahaoxuan.mhx/code/MMR-Bench/third_party/VLMEvalKit/.env, failed to load. 
[2026-06-12 08:15:52] ERROR - misc.py: load_env - 220: Did not detect the .env file at /root/storage/mahaoxuan.mhx/code/MMR-Bench/third_party/VLMEvalKit/.env, failed to load. 
[2026-06-12 08:15:52] ERROR - misc.py: load_env - 220: Did not detect the .env file at /root/storage/mahaoxuan.mhx/code/MMR-Bench/third_party/VLMEvalKit/.env, failed to load. 
[2026-06-12 08:15:52] ERROR - misc.py: load_env - 220: Did not detect the .env file at /root/storage/mahaoxuan.mhx/code/MMR-Bench/third_party/VLMEvalKit/.env, failed to load. 
[2026-06-12 08:15:52] ERROR - misc.py: load_env - 220: Did not detect the .env file at /root/storage/mahaoxuan.mhx/code/MMR-Bench/third_party/VLMEvalKit/.env, failed to load. 
[2026-06-12 08:15:52] ERROR - misc.py: load_env - 220: Did not detect the .env file at /root/storage/mahaoxuan.mhx/code/MMR-Bench/third_party/VLMEvalKit/.env, failed to load. 
wings-d98a0ce553d4-master-0:26957:26957 [0] NCCL INFO ENV/Plugin: Could not find: libnccl-env.so
wings-d98a0ce553d4-master-0:26957:26957 [0] NCCL INFO NCCL_SOCKET_IFNAME set by environment to eth
wings-d98a0ce553d4-master-0:26957:26957 [0] NCCL INFO Bootstrap: Using eth0:33.3.178.77<0>
wings-d98a0ce553d4-master-0:26957:26957 [0] NCCL INFO cudaDriverVersion 13000
wings-d98a0ce553d4-master-0:26961:26961 [0] NCCL INFO ENV/Plugin: Could not find: libnccl-env.so
wings-d98a0ce553d4-master-0:26961:26961 [0] NCCL INFO cudaDriverVersion 13000
wings-d98a0ce553d4-master-0:26966:26966 [0] NCCL INFO ENV/Plugin: Could not find: libnccl-env.so
wings-d98a0ce553d4-master-0:26966:26966 [0] NCCL INFO cudaDriverVersion 13000
wings-d98a0ce553d4-master-0:26958:26958 [0] NCCL INFO ENV/Plugin: Could not find: libnccl-env.so
wings-d98a0ce553d4-master-0:26958:26958 [0] NCCL INFO cudaDriverVersion 13000
wings-d98a0ce553d4-master-0:26957:26957 [0] NCCL INFO NCCL version 2.28.9+cuda13.0
wings-d98a0ce553d4-master-0:26958:26958 [0] NCCL INFO NCCL_SOCKET_IFNAME set by environment to eth
wings-d98a0ce553d4-master-0:26966:26966 [0] NCCL INFO NCCL_SOCKET_IFNAME set by environment to eth
wings-d98a0ce553d4-master-0:26961:26961 [0] NCCL INFO NCCL_SOCKET_IFNAME set by environment to eth
wings-d98a0ce553d4-master-0:26957:26957 [0] NCCL INFO Comm config Blocking set to 1
wings-d98a0ce553d4-master-0:26958:26958 [0] NCCL INFO Bootstrap: Using eth0:33.3.178.77<0>
wings-d98a0ce553d4-master-0:26958:26958 [0] NCCL INFO NCCL version 2.28.9+cuda13.0
wings-d98a0ce553d4-master-0:26966:26966 [0] NCCL INFO Bootstrap: Using eth0:33.3.178.77<0>
wings-d98a0ce553d4-master-0:26961:26961 [0] NCCL INFO Bootstrap: Using eth0:33.3.178.77<0>
wings-d98a0ce553d4-master-0:26966:26966 [0] NCCL INFO NCCL version 2.28.9+cuda13.0
wings-d98a0ce553d4-master-0:26961:26961 [0] NCCL INFO NCCL version 2.28.9+cuda13.0
wings-d98a0ce553d4-master-0:26961:26961 [0] NCCL INFO Comm config Blocking set to 1
wings-d98a0ce553d4-master-0:26966:26966 [0] NCCL INFO Comm config Blocking set to 1
wings-d98a0ce553d4-master-0:26958:26958 [0] NCCL INFO Comm config Blocking set to 1
wings-d98a0ce553d4-master-0:26965:26965 [0] NCCL INFO ENV/Plugin: Could not find: libnccl-env.so
wings-d98a0ce553d4-master-0:26965:26965 [0] NCCL INFO cudaDriverVersion 13000
wings-d98a0ce553d4-master-0:26959:26959 [0] NCCL INFO ENV/Plugin: Could not find: libnccl-env.so
wings-d98a0ce553d4-master-0:26959:26959 [0] NCCL INFO cudaDriverVersion 13000
wings-d98a0ce553d4-master-0:26965:26965 [0] NCCL INFO NCCL_SOCKET_IFNAME set by environment to eth
wings-d98a0ce553d4-master-0:26959:26959 [0] NCCL INFO NCCL_SOCKET_IFNAME set by environment to eth
wings-d98a0ce553d4-master-0:26965:26965 [0] NCCL INFO Bootstrap: Using eth0:33.3.178.77<0>
wings-d98a0ce553d4-master-0:26959:26959 [0] NCCL INFO Bootstrap: Using eth0:33.3.178.77<0>
wings-d98a0ce553d4-master-0:26965:26965 [0] NCCL INFO NCCL version 2.28.9+cuda13.0
wings-d98a0ce553d4-master-0:26959:26959 [0] NCCL INFO NCCL version 2.28.9+cuda13.0
wings-d98a0ce553d4-master-0:26959:26959 [0] NCCL INFO Comm config Blocking set to 1
wings-d98a0ce553d4-master-0:26965:26965 [0] NCCL INFO Comm config Blocking set to 1
wings-d98a0ce553d4-master-0:26959:26959 [0] NCCL INFO NET/Plugin: Could not find: libnccl-net.so
wings-d98a0ce553d4-master-0:26959:26959 [0] NCCL INFO NCCL_IB_DISABLE set by environment to 1.
wings-d98a0ce553d4-master-0:26959:26959 [0] NCCL INFO transport/net_ib.cc:852 -> 3
wings-d98a0ce553d4-master-0:26959:26959 [0] NCCL INFO Failed to initialize NET plugin IB
wings-d98a0ce553d4-master-0:26959:26959 [0] NCCL INFO NCCL_SOCKET_IFNAME set by environment to eth
wings-d98a0ce553d4-master-0:26961:26961 [0] NCCL INFO NET/Plugin: Could not find: libnccl-net.so
wings-d98a0ce553d4-master-0:26961:26961 [0] NCCL INFO NCCL_IB_DISABLE set by environment to 1.
wings-d98a0ce553d4-master-0:26961:26961 [0] NCCL INFO transport/net_ib.cc:852 -> 3
wings-d98a0ce553d4-master-0:26961:26961 [0] NCCL INFO Failed to initialize NET plugin IB
wings-d98a0ce553d4-master-0:26961:26961 [0] NCCL INFO NCCL_SOCKET_IFNAME set by environment to eth
wings-d98a0ce553d4-master-0:26957:26957 [0] NCCL INFO NET/Plugin: Could not find: libnccl-net.so
wings-d98a0ce553d4-master-0:26957:26957 [0] NCCL INFO NCCL_IB_DISABLE set by environment to 1.
wings-d98a0ce553d4-master-0:26957:26957 [0] NCCL INFO transport/net_ib.cc:852 -> 3
wings-d98a0ce553d4-master-0:26957:26957 [0] NCCL INFO Failed to initialize NET plugin IB
wings-d98a0ce553d4-master-0:26957:26957 [0] NCCL INFO NCCL_SOCKET_IFNAME set by environment to eth
wings-d98a0ce553d4-master-0:26965:26965 [0] NCCL INFO NET/Plugin: Could not find: libnccl-net.so
wings-d98a0ce553d4-master-0:26965:26965 [0] NCCL INFO NCCL_IB_DISABLE set by environment to 1.
wings-d98a0ce553d4-master-0:26965:26965 [0] NCCL INFO transport/net_ib.cc:852 -> 3
wings-d98a0ce553d4-master-0:26965:26965 [0] NCCL INFO Failed to initialize NET plugin IB
wings-d98a0ce553d4-master-0:26965:26965 [0] NCCL INFO NCCL_SOCKET_IFNAME set by environment to eth
wings-d98a0ce553d4-master-0:26957:26957 [0] NCCL INFO NET/Socket : Using [0]eth0:33.3.178.77<0> [1]eth1:2001:db8:804:7f1:2:f000:0:562<0> [2]eth2:2001:db8:804:803:2:f000:0:436<0> [3]eth3:2001:db8:804:81c:2:f000:0:539<0> [4]eth4:2001:db8:804:81e:2:f000:0:664<0> [5]eth5:2001:db8:804:851:2:f000:0:730<0> [6]eth6:2001:db8:804:852:2:f000:0:763<0> [7]eth7:2001:db8:804:90a:2:f000:0:364<0> [8]eth8:2001:db8:804:920:2:f000:0:932<0>
wings-d98a0ce553d4-master-0:26961:26961 [0] NCCL INFO NET/Socket : Using [0]eth0:33.3.178.77<0> [1]eth1:2001:db8:804:7f1:2:f000:0:562<0> [2]eth2:2001:db8:804:803:2:f000:0:436<0> [3]eth3:2001:db8:804:81c:2:f000:0:539<0> [4]eth4:2001:db8:804:81e:2:f000:0:664<0> [5]eth5:2001:db8:804:851:2:f000:0:730<0> [6]eth6:2001:db8:804:852:2:f000:0:763<0> [7]eth7:2001:db8:804:90a:2:f000:0:364<0> [8]eth8:2001:db8:804:920:2:f000:0:932<0>
wings-d98a0ce553d4-master-0:26959:26959 [0] NCCL INFO NET/Socket : Using [0]eth0:33.3.178.77<0> [1]eth1:2001:db8:804:7f1:2:f000:0:562<0> [2]eth2:2001:db8:804:803:2:f000:0:436<0> [3]eth3:2001:db8:804:81c:2:f000:0:539<0> [4]eth4:2001:db8:804:81e:2:f000:0:664<0> [5]eth5:2001:db8:804:851:2:f000:0:730<0> [6]eth6:2001:db8:804:852:2:f000:0:763<0> [7]eth7:2001:db8:804:90a:2:f000:0:364<0> [8]eth8:2001:db8:804:920:2:f000:0:932<0>
wings-d98a0ce553d4-master-0:26957:26957 [0] NCCL INFO Initialized NET plugin Socket
wings-d98a0ce553d4-master-0:26961:26961 [0] NCCL INFO Initialized NET plugin Socket
wings-d98a0ce553d4-master-0:26959:26959 [0] NCCL INFO Initialized NET plugin Socket
wings-d98a0ce553d4-master-0:26959:26959 [0] NCCL INFO Assigned NET plugin Socket to comm
wings-d98a0ce553d4-master-0:26961:26961 [0] NCCL INFO Assigned NET plugin Socket to comm
wings-d98a0ce553d4-master-0:26959:26959 [0] NCCL INFO Using network Socket
wings-d98a0ce553d4-master-0:26957:26957 [0] NCCL INFO Assigned NET plugin Socket to comm
wings-d98a0ce553d4-master-0:26961:26961 [0] NCCL INFO Using network Socket
wings-d98a0ce553d4-master-0:26957:26957 [0] NCCL INFO Using network Socket
wings-d98a0ce553d4-master-0:26965:26965 [0] NCCL INFO NET/Socket : Using [0]eth0:33.3.178.77<0> [1]eth1:2001:db8:804:7f1:2:f000:0:562<0> [2]eth2:2001:db8:804:803:2:f000:0:436<0> [3]eth3:2001:db8:804:81c:2:f000:0:539<0> [4]eth4:2001:db8:804:81e:2:f000:0:664<0> [5]eth5:2001:db8:804:851:2:f000:0:730<0> [6]eth6:2001:db8:804:852:2:f000:0:763<0> [7]eth7:2001:db8:804:90a:2:f000:0:364<0> [8]eth8:2001:db8:804:920:2:f000:0:932<0>
wings-d98a0ce553d4-master-0:26965:26965 [0] NCCL INFO Initialized NET plugin Socket
wings-d98a0ce553d4-master-0:26965:26965 [0] NCCL INFO Assigned NET plugin Socket to comm
wings-d98a0ce553d4-master-0:26965:26965 [0] NCCL INFO Using network Socket
wings-d98a0ce553d4-master-0:26966:26966 [0] NCCL INFO NET/Plugin: Could not find: libnccl-net.so
wings-d98a0ce553d4-master-0:26966:26966 [0] NCCL INFO NCCL_IB_DISABLE set by environment to 1.
wings-d98a0ce553d4-master-0:26966:26966 [0] NCCL INFO transport/net_ib.cc:852 -> 3
wings-d98a0ce553d4-master-0:26966:26966 [0] NCCL INFO Failed to initialize NET plugin IB
wings-d98a0ce553d4-master-0:26966:26966 [0] NCCL INFO NCCL_SOCKET_IFNAME set by environment to eth
wings-d98a0ce553d4-master-0:26966:26966 [0] NCCL INFO NET/Socket : Using [0]eth0:33.3.178.77<0> [1]eth1:2001:db8:804:7f1:2:f000:0:562<0> [2]eth2:2001:db8:804:803:2:f000:0:436<0> [3]eth3:2001:db8:804:81c:2:f000:0:539<0> [4]eth4:2001:db8:804:81e:2:f000:0:664<0> [5]eth5:2001:db8:804:851:2:f000:0:730<0> [6]eth6:2001:db8:804:852:2:f000:0:763<0> [7]eth7:2001:db8:804:90a:2:f000:0:364<0> [8]eth8:2001:db8:804:920:2:f000:0:932<0>
wings-d98a0ce553d4-master-0:26966:26966 [0] NCCL INFO Initialized NET plugin Socket
wings-d98a0ce553d4-master-0:26966:26966 [0] NCCL INFO Assigned NET plugin Socket to comm
wings-d98a0ce553d4-master-0:26966:26966 [0] NCCL INFO Using network Socket
wings-d98a0ce553d4-master-0:26958:26958 [0] NCCL INFO NET/Plugin: Could not find: libnccl-net.so
wings-d98a0ce553d4-master-0:26958:26958 [0] NCCL INFO NCCL_IB_DISABLE set by environment to 1.
wings-d98a0ce553d4-master-0:26958:26958 [0] NCCL INFO transport/net_ib.cc:852 -> 3
wings-d98a0ce553d4-master-0:26958:26958 [0] NCCL INFO Failed to initialize NET plugin IB
wings-d98a0ce553d4-master-0:26958:26958 [0] NCCL INFO NCCL_SOCKET_IFNAME set by environment to eth
wings-d98a0ce553d4-master-0:26958:26958 [0] NCCL INFO NET/Socket : Using [0]eth0:33.3.178.77<0> [1]eth1:2001:db8:804:7f1:2:f000:0:562<0> [2]eth2:2001:db8:804:803:2:f000:0:436<0> [3]eth3:2001:db8:804:81c:2:f000:0:539<0> [4]eth4:2001:db8:804:81e:2:f000:0:664<0> [5]eth5:2001:db8:804:851:2:f000:0:730<0> [6]eth6:2001:db8:804:852:2:f000:0:763<0> [7]eth7:2001:db8:804:90a:2:f000:0:364<0> [8]eth8:2001:db8:804:920:2:f000:0:932<0>
wings-d98a0ce553d4-master-0:26958:26958 [0] NCCL INFO Initialized NET plugin Socket
wings-d98a0ce553d4-master-0:26958:26958 [0] NCCL INFO Assigned NET plugin Socket to comm
wings-d98a0ce553d4-master-0:26958:26958 [0] NCCL INFO Using network Socket
wings-d98a0ce553d4-master-0:26957:26957 [0] NCCL INFO ncclCommInitRankConfig comm 0x55ed2c55bfa0 rank 0 nranks 8 cudaDev 0 nvmlDev 0 busId c000 commId 0x50071e2ad65d3f7 - Init START
wings-d98a0ce553d4-master-0:26965:26965 [0] NCCL INFO ncclCommInitRankConfig comm 0x560c4e559f50 rank 6 nranks 8 cudaDev 0 nvmlDev 6 busId 91000 commId 0x50071e2ad65d3f7 - Init START
wings-d98a0ce553d4-master-0:26959:26959 [0] NCCL INFO ncclCommInitRankConfig comm 0x5613ed75b480 rank 2 nranks 8 cudaDev 0 nvmlDev 2 busId 19000 commId 0x50071e2ad65d3f7 - Init START
wings-d98a0ce553d4-master-0:26961:26961 [0] NCCL INFO ncclCommInitRankConfig comm 0x55bd7555c8e0 rank 4 nranks 8 cudaDev 0 nvmlDev 4 busId 84000 commId 0x50071e2ad65d3f7 - Init START
wings-d98a0ce553d4-master-0:26966:26966 [0] NCCL INFO ncclCommInitRankConfig comm 0x563cf6b82330 rank 7 nranks 8 cudaDev 0 nvmlDev 7 busId e4000 commId 0x50071e2ad65d3f7 - Init START
wings-d98a0ce553d4-master-0:26966:26966 [0] NCCL INFO RAS client listening socket at 127.0.0.1<28028>
wings-d98a0ce553d4-master-0:26958:26958 [0] NCCL INFO ncclCommInitRankConfig comm 0x55b245f5b470 rank 1 nranks 8 cudaDev 0 nvmlDev 1 busId 13000 commId 0x50071e2ad65d3f7 - Init START
wings-d98a0ce553d4-master-0:26958:26958 [0] NCCL INFO RAS client listening socket at 127.0.0.1<28028>
wings-d98a0ce553d4-master-0:26957:26957 [0] NCCL INFO RAS client listening socket at 127.0.0.1<28028>
[2026-06-12 08:15:57] ERROR - misc.py: load_env - 220: Did not detect the .env file at /root/storage/mahaoxuan.mhx/code/MMR-Bench/third_party/VLMEvalKit/.env, failed to load. 
wings-d98a0ce553d4-master-0:26960:26960 [0] NCCL INFO ENV/Plugin: Could not find: libnccl-env.so
wings-d98a0ce553d4-master-0:26960:26960 [0] NCCL INFO cudaDriverVersion 13000
wings-d98a0ce553d4-master-0:26960:26960 [0] NCCL INFO NCCL_SOCKET_IFNAME set by environment to eth
wings-d98a0ce553d4-master-0:26960:26960 [0] NCCL INFO Bootstrap: Using eth0:33.3.178.77<0>
wings-d98a0ce553d4-master-0:26960:26960 [0] NCCL INFO NCCL version 2.28.9+cuda13.0
wings-d98a0ce553d4-master-0:26960:26960 [0] NCCL INFO Comm config Blocking set to 1
wings-d98a0ce553d4-master-0:26960:26960 [0] NCCL INFO NET/Plugin: Could not find: libnccl-net.so
wings-d98a0ce553d4-master-0:26960:26960 [0] NCCL INFO NCCL_IB_DISABLE set by environment to 1.
wings-d98a0ce553d4-master-0:26960:26960 [0] NCCL INFO transport/net_ib.cc:852 -> 3
wings-d98a0ce553d4-master-0:26960:26960 [0] NCCL INFO Failed to initialize NET plugin IB
wings-d98a0ce553d4-master-0:26960:26960 [0] NCCL INFO NCCL_SOCKET_IFNAME set by environment to eth
wings-d98a0ce553d4-master-0:26960:26960 [0] NCCL INFO NET/Socket : Using [0]eth0:33.3.178.77<0> [1]eth1:2001:db8:804:7f1:2:f000:0:562<0> [2]eth2:2001:db8:804:803:2:f000:0:436<0> [3]eth3:2001:db8:804:81c:2:f000:0:539<0> [4]eth4:2001:db8:804:81e:2:f000:0:664<0> [5]eth5:2001:db8:804:851:2:f000:0:730<0> [6]eth6:2001:db8:804:852:2:f000:0:763<0> [7]eth7:2001:db8:804:90a:2:f000:0:364<0> [8]eth8:2001:db8:804:920:2:f000:0:932<0>
wings-d98a0ce553d4-master-0:26960:26960 [0] NCCL INFO Initialized NET plugin Socket
wings-d98a0ce553d4-master-0:26960:26960 [0] NCCL INFO Assigned NET plugin Socket to comm
wings-d98a0ce553d4-master-0:26960:26960 [0] NCCL INFO Using network Socket
wings-d98a0ce553d4-master-0:26960:26960 [0] NCCL INFO ncclCommInitRankConfig comm 0x55b7e1b5b650 rank 3 nranks 8 cudaDev 0 nvmlDev 3 busId 67000 commId 0x50071e2ad65d3f7 - Init START
wings-d98a0ce553d4-master-0:26960:26960 [0] NCCL INFO RAS client listening socket at 127.0.0.1<28028>
wings-d98a0ce553d4-master-0:26959:26959 [0] NCCL INFO RAS client listening socket at 127.0.0.1<28028>
[2026-06-12 08:16:04] ERROR - misc.py: load_env - 220: Did not detect the .env file at /root/storage/mahaoxuan.mhx/code/MMR-Bench/third_party/VLMEvalKit/.env, failed to load. 
wings-d98a0ce553d4-master-0:26964:26964 [0] NCCL INFO ENV/Plugin: Could not find: libnccl-env.so
wings-d98a0ce553d4-master-0:26964:26964 [0] NCCL INFO cudaDriverVersion 13000
wings-d98a0ce553d4-master-0:26964:26964 [0] NCCL INFO NCCL_SOCKET_IFNAME set by environment to eth
wings-d98a0ce553d4-master-0:26964:26964 [0] NCCL INFO Bootstrap: Using eth0:33.3.178.77<0>
wings-d98a0ce553d4-master-0:26964:26964 [0] NCCL INFO NCCL version 2.28.9+cuda13.0
wings-d98a0ce553d4-master-0:26964:26964 [0] NCCL INFO Comm config Blocking set to 1
wings-d98a0ce553d4-master-0:26964:26964 [0] NCCL INFO NET/Plugin: Could not find: libnccl-net.so
wings-d98a0ce553d4-master-0:26964:26964 [0] NCCL INFO NCCL_IB_DISABLE set by environment to 1.
wings-d98a0ce553d4-master-0:26964:26964 [0] NCCL INFO transport/net_ib.cc:852 -> 3
wings-d98a0ce553d4-master-0:26964:26964 [0] NCCL INFO Failed to initialize NET plugin IB
wings-d98a0ce553d4-master-0:26964:26964 [0] NCCL INFO NCCL_SOCKET_IFNAME set by environment to eth
wings-d98a0ce553d4-master-0:26964:26964 [0] NCCL INFO NET/Socket : Using [0]eth0:33.3.178.77<0> [1]eth1:2001:db8:804:7f1:2:f000:0:562<0> [2]eth2:2001:db8:804:803:2:f000:0:436<0> [3]eth3:2001:db8:804:81c:2:f000:0:539<0> [4]eth4:2001:db8:804:81e:2:f000:0:664<0> [5]eth5:2001:db8:804:851:2:f000:0:730<0> [6]eth6:2001:db8:804:852:2:f000:0:763<0> [7]eth7:2001:db8:804:90a:2:f000:0:364<0> [8]eth8:2001:db8:804:920:2:f000:0:932<0>
wings-d98a0ce553d4-master-0:26964:26964 [0] NCCL INFO Initialized NET plugin Socket
wings-d98a0ce553d4-master-0:26964:26964 [0] NCCL INFO Assigned NET plugin Socket to comm
wings-d98a0ce553d4-master-0:26964:26964 [0] NCCL INFO Using network Socket
wings-d98a0ce553d4-master-0:26964:26964 [0] NCCL INFO ncclCommInitRankConfig comm 0x555a34b80ea0 rank 5 nranks 8 cudaDev 0 nvmlDev 5 busId 8b000 commId 0x50071e2ad65d3f7 - Init START
wings-d98a0ce553d4-master-0:26964:26964 [0] NCCL INFO RAS client listening socket at 127.0.0.1<28028>
wings-d98a0ce553d4-master-0:26965:26965 [0] NCCL INFO RAS client listening socket at 127.0.0.1<28028>
wings-d98a0ce553d4-master-0:26961:26961 [0] NCCL INFO RAS client listening socket at 127.0.0.1<28028>
wings-d98a0ce553d4-master-0:26965:26965 [0] NCCL INFO Bootstrap timings total 8.561079 (create 0.000049, send 0.000072, recv 0.006426, ring 0.000176, delay 0.000009)
wings-d98a0ce553d4-master-0:26964:26964 [0] NCCL INFO Bootstrap timings total 0.000881 (create 0.000053, send 0.000068, recv 0.000123, ring 0.000298, delay 0.000009)
wings-d98a0ce553d4-master-0:26961:26961 [0] NCCL INFO Bootstrap timings total 8.558061 (create 0.000067, send 0.000079, recv 8.557264, ring 0.000146, delay 0.000013)
wings-d98a0ce553d4-master-0:26966:26966 [0] NCCL INFO Bootstrap timings total 8.554739 (create 0.000058, send 0.000067, recv 0.000093, ring 8.554128, delay 0.000011)
wings-d98a0ce553d4-master-0:26957:26957 [0] NCCL INFO Bootstrap timings total 8.565067 (create 0.000033, send 0.000064, recv 0.010909, ring 8.553723, delay 0.000011)
wings-d98a0ce553d4-master-0:26958:26958 [0] NCCL INFO Bootstrap timings total 8.554226 (create 0.000048, send 0.000069, recv 0.000058, ring 8.553730, delay 0.000009)
wings-d98a0ce553d4-master-0:26960:26960 [0] NCCL INFO Bootstrap timings total 6.662700 (create 0.000054, send 0.000066, recv 0.000118, ring 6.661488, delay 0.000009)
wings-d98a0ce553d4-master-0:26959:26959 [0] NCCL INFO Bootstrap timings total 8.559526 (create 0.000048, send 0.000068, recv 1.897550, ring 6.661376, delay 0.000009)
wings-d98a0ce553d4-master-0:26964:26964 [0] NCCL INFO MNNVL busId 0x8b000 fabric UUID 0.0 cliqueId 0x0 state 3 healthMask 0x0
wings-d98a0ce553d4-master-0:26965:26965 [0] NCCL INFO MNNVL busId 0x91000 fabric UUID 0.0 cliqueId 0x0 state 3 healthMask 0x0
wings-d98a0ce553d4-master-0:26961:26961 [0] NCCL INFO MNNVL busId 0x84000 fabric UUID 0.0 cliqueId 0x0 state 3 healthMask 0x0
wings-d98a0ce553d4-master-0:26966:26966 [0] NCCL INFO MNNVL busId 0xe4000 fabric UUID 0.0 cliqueId 0x0 state 3 healthMask 0x0
wings-d98a0ce553d4-master-0:26960:26960 [0] NCCL INFO MNNVL busId 0x67000 fabric UUID 0.0 cliqueId 0x0 state 3 healthMask 0x0
wings-d98a0ce553d4-master-0:26958:26958 [0] NCCL INFO MNNVL busId 0x13000 fabric UUID 0.0 cliqueId 0x0 state 3 healthMask 0x0
wings-d98a0ce553d4-master-0:26959:26959 [0] NCCL INFO MNNVL busId 0x19000 fabric UUID 0.0 cliqueId 0x0 state 3 healthMask 0x0
wings-d98a0ce553d4-master-0:26957:26957 [0] NCCL INFO MNNVL busId 0xc000 fabric UUID 0.0 cliqueId 0x0 state 3 healthMask 0x0
wings-d98a0ce553d4-master-0:26964:26964 [0] NCCL INFO ncclTopoGetCpuAffinity: Affinity for GPU 5 is 48-71,144-167. (GPU affinity = 48-71,144-167 ; CPU affinity = 0-191).
wings-d98a0ce553d4-master-0:26964:26964 [0] NCCL INFO NCCL_NVLS_ENABLE set by environment to 0.
wings-d98a0ce553d4-master-0:26961:26961 [0] NCCL INFO ncclTopoGetCpuAffinity: Affinity for GPU 4 is 48-71,144-167. (GPU affinity = 48-71,144-167 ; CPU affinity = 0-191).
wings-d98a0ce553d4-master-0:26961:26961 [0] NCCL INFO NCCL_NVLS_ENABLE set by environment to 0.
wings-d98a0ce553d4-master-0:26960:26960 [0] NCCL INFO ncclTopoGetCpuAffinity: Affinity for GPU 3 is 24-47,120-143. (GPU affinity = 24-47,120-143 ; CPU affinity = 0-191).
wings-d98a0ce553d4-master-0:26960:26960 [0] NCCL INFO NCCL_NVLS_ENABLE set by environment to 0.
wings-d98a0ce553d4-master-0:26965:26965 [0] NCCL INFO ncclTopoGetCpuAffinity: Affinity for GPU 6 is 48-71,144-167. (GPU affinity = 48-71,144-167 ; CPU affinity = 0-191).
wings-d98a0ce553d4-master-0:26965:26965 [0] NCCL INFO NCCL_NVLS_ENABLE set by environment to 0.
wings-d98a0ce553d4-master-0:26966:26966 [0] NCCL INFO ncclTopoGetCpuAffinity: Affinity for GPU 7 is 72-95,168-191. (GPU affinity = 72-95,168-191 ; CPU affinity = 0-191).
wings-d98a0ce553d4-master-0:26966:26966 [0] NCCL INFO NCCL_NVLS_ENABLE set by environment to 0.
wings-d98a0ce553d4-master-0:26957:26957 [0] NCCL INFO ncclTopoGetCpuAffinity: Affinity for GPU 0 is 0-23,96-119. (GPU affinity = 0-23,96-119 ; CPU affinity = 0-191).
wings-d98a0ce553d4-master-0:26957:26957 [0] NCCL INFO NCCL_NVLS_ENABLE set by environment to 0.
wings-d98a0ce553d4-master-0:26958:26958 [0] NCCL INFO ncclTopoGetCpuAffinity: Affinity for GPU 1 is 0-23,96-119. (GPU affinity = 0-23,96-119 ; CPU affinity = 0-191).
wings-d98a0ce553d4-master-0:26958:26958 [0] NCCL INFO NCCL_NVLS_ENABLE set by environment to 0.
wings-d98a0ce553d4-master-0:26959:26959 [0] NCCL INFO ncclTopoGetCpuAffinity: Affinity for GPU 2 is 0-23,96-119. (GPU affinity = 0-23,96-119 ; CPU affinity = 0-191).
wings-d98a0ce553d4-master-0:26959:26959 [0] NCCL INFO NCCL_NVLS_ENABLE set by environment to 0.
wings-d98a0ce553d4-master-0:26961:26961 [0] NCCL INFO comm 0x55bd7555c8e0 rank 4 nRanks 8 nNodes 1 localRanks 8 localRank 4 MNNVL 0
wings-d98a0ce553d4-master-0:26960:26960 [0] NCCL INFO comm 0x55b7e1b5b650 rank 3 nRanks 8 nNodes 1 localRanks 8 localRank 3 MNNVL 0
wings-d98a0ce553d4-master-0:26964:26964 [0] NCCL INFO comm 0x555a34b80ea0 rank 5 nRanks 8 nNodes 1 localRanks 8 localRank 5 MNNVL 0
wings-d98a0ce553d4-master-0:26959:26959 [0] NCCL INFO comm 0x5613ed75b480 rank 2 nRanks 8 nNodes 1 localRanks 8 localRank 2 MNNVL 0
wings-d98a0ce553d4-master-0:26965:26965 [0] NCCL INFO comm 0x560c4e559f50 rank 6 nRanks 8 nNodes 1 localRanks 8 localRank 6 MNNVL 0
wings-d98a0ce553d4-master-0:26958:26958 [0] NCCL INFO comm 0x55b245f5b470 rank 1 nRanks 8 nNodes 1 localRanks 8 localRank 1 MNNVL 0
wings-d98a0ce553d4-master-0:26966:26966 [0] NCCL INFO comm 0x563cf6b82330 rank 7 nRanks 8 nNodes 1 localRanks 8 localRank 7 MNNVL 0
wings-d98a0ce553d4-master-0:26957:26957 [0] NCCL INFO comm 0x55ed2c55bfa0 rank 0 nRanks 8 nNodes 1 localRanks 8 localRank 0 MNNVL 0
wings-d98a0ce553d4-master-0:26960:26960 [0] NCCL INFO Trees [0] 4/-1/-1->3->2 [1] 4/-1/-1->3->2 [2] 4/-1/-1->3->2 [3] 4/-1/-1->3->2 [4] 4/-1/-1->3->2 [5] 4/-1/-1->3->2 [6] 4/-1/-1->3->2 [7] 4/-1/-1->3->2 [8] 4/-1/-1->3->2 [9] 4/-1/-1->3->2 [10] 4/-1/-1->3->2 [11] 4/-1/-1->3->2 [12] 4/-1/-1->3->2 [13] 4/-1/-1->3->2 [14] 4/-1/-1->3->2 [15] 4/-1/-1->3->2 [16] 4/-1/-1->3->2 [17] 4/-1/-1->3->2 [18] 4/-1/-1->3->2 [19] 4/-1/-1->3->2 [20] 4/-1/-1->3->2 [21] 4/-1/-1->3->2 [22] 4/-1/-1->3->2 [23] 4/-1/-1->3->2
wings-d98a0ce553d4-master-0:26961:26961 [0] NCCL INFO Trees [0] 5/-1/-1->4->3 [1] 5/-1/-1->4->3 [2] 5/-1/-1->4->3 [3] 5/-1/-1->4->3 [4] 5/-1/-1->4->3 [5] 5/-1/-1->4->3 [6] 5/-1/-1->4->3 [7] 5/-1/-1->4->3 [8] 5/-1/-1->4->3 [9] 5/-1/-1->4->3 [10] 5/-1/-1->4->3 [11] 5/-1/-1->4->3 [12] 5/-1/-1->4->3 [13] 5/-1/-1->4->3 [14] 5/-1/-1->4->3 [15] 5/-1/-1->4->3 [16] 5/-1/-1->4->3 [17] 5/-1/-1->4->3 [18] 5/-1/-1->4->3 [19] 5/-1/-1->4->3 [20] 5/-1/-1->4->3 [21] 5/-1/-1->4->3 [22] 5/-1/-1->4->3 [23] 5/-1/-1->4->3
wings-d98a0ce553d4-master-0:26959:26959 [0] NCCL INFO Trees [0] 3/-1/-1->2->1 [1] 3/-1/-1->2->1 [2] 3/-1/-1->2->1 [3] 3/-1/-1->2->1 [4] 3/-1/-1->2->1 [5] 3/-1/-1->2->1 [6] 3/-1/-1->2->1 [7] 3/-1/-1->2->1 [8] 3/-1/-1->2->1 [9] 3/-1/-1->2->1 [10] 3/-1/-1->2->1 [11] 3/-1/-1->2->1 [12] 3/-1/-1->2->1 [13] 3/-1/-1->2->1 [14] 3/-1/-1->2->1 [15] 3/-1/-1->2->1 [16] 3/-1/-1->2->1 [17] 3/-1/-1->2->1 [18] 3/-1/-1->2->1 [19] 3/-1/-1->2->1 [20] 3/-1/-1->2->1 [21] 3/-1/-1->2->1 [22] 3/-1/-1->2->1 [23] 3/-1/-1->2->1
wings-d98a0ce553d4-master-0:26966:26966 [0] NCCL INFO Trees [0] -1/-1/-1->7->6 [1] -1/-1/-1->7->6 [2] -1/-1/-1->7->6 [3] -1/-1/-1->7->6 [4] -1/-1/-1->7->6 [5] -1/-1/-1->7->6 [6] -1/-1/-1->7->6 [7] -1/-1/-1->7->6 [8] -1/-1/-1->7->6 [9] -1/-1/-1->7->6 [10] -1/-1/-1->7->6 [11] -1/-1/-1->7->6 [12] -1/-1/-1->7->6 [13] -1/-1/-1->7->6 [14] -1/-1/-1->7->6 [15] -1/-1/-1->7->6 [16] -1/-1/-1->7->6 [17] -1/-1/-1->7->6 [18] -1/-1/-1->7->6 [19] -1/-1/-1->7->6 [20] -1/-1/-1->7->6 [21] -1/-1/-1->7->6 [22] -1/-1/-1->7->6 [23] -1/-1/-1->7->6
wings-d98a0ce553d4-master-0:26959:26959 [0] NCCL INFO P2P Chunksize set to 524288
wings-d98a0ce553d4-master-0:26960:26960 [0] NCCL INFO P2P Chunksize set to 524288
wings-d98a0ce553d4-master-0:26961:26961 [0] NCCL INFO P2P Chunksize set to 524288
wings-d98a0ce553d4-master-0:26966:26966 [0] NCCL INFO P2P Chunksize set to 524288
wings-d98a0ce553d4-master-0:26957:26957 [0] NCCL INFO Channel 00/24 : 0 1 2 3 4 5 6 7
wings-d98a0ce553d4-master-0:26957:26957 [0] NCCL INFO Channel 01/24 : 0 1 2 3 4 5 6 7
wings-d98a0ce553d4-master-0:26958:26958 [0] NCCL INFO Trees [0] 2/-1/-1->1->0 [1] 2/-1/-1->1->0 [2] 2/-1/-1->1->0 [3] 2/-1/-1->1->0 [4] 2/-1/-1->1->0 [5] 2/-1/-1->1->0 [6] 2/-1/-1->1->0 [7] 2/-1/-1->1->0 [8] 2/-1/-1->1->0 [9] 2/-1/-1->1->0 [10] 2/-1/-1->1->0 [11] 2/-1/-1->1->0 [12] 2/-1/-1->1->0 [13] 2/-1/-1->1->0 [14] 2/-1/-1->1->0 [15] 2/-1/-1->1->0 [16] 2/-1/-1->1->0 [17] 2/-1/-1->1->0 [18] 2/-1/-1->1->0 [19] 2/-1/-1->1->0 [20] 2/-1/-1->1->0 [21] 2/-1/-1->1->0 [22] 2/-1/-1->1->0 [23] 2/-1/-1->1->0
wings-d98a0ce553d4-master-0:26957:26957 [0] NCCL INFO Channel 02/24 : 0 1 2 3 4 5 6 7
wings-d98a0ce553d4-master-0:26957:26957 [0] NCCL INFO Channel 03/24 : 0 1 2 3 4 5 6 7
wings-d98a0ce553d4-master-0:26957:26957 [0] NCCL INFO Channel 04/24 : 0 1 2 3 4 5 6 7
wings-d98a0ce553d4-master-0:26957:26957 [0] NCCL INFO Channel 05/24 : 0 1 2 3 4 5 6 7
wings-d98a0ce553d4-master-0:26957:26957 [0] NCCL INFO Channel 06/24 : 0 1 2 3 4 5 6 7
wings-d98a0ce553d4-master-0:26957:26957 [0] NCCL INFO Channel 07/24 : 0 1 2 3 4 5 6 7
wings-d98a0ce553d4-master-0:26957:26957 [0] NCCL INFO Channel 08/24 : 0 1 2 3 4 5 6 7
wings-d98a0ce553d4-master-0:26957:26957 [0] NCCL INFO Channel 09/24 : 0 1 2 3 4 5 6 7
wings-d98a0ce553d4-master-0:26957:26957 [0] NCCL INFO Channel 10/24 : 0 1 2 3 4 5 6 7
wings-d98a0ce553d4-master-0:26957:26957 [0] NCCL INFO Channel 11/24 : 0 1 2 3 4 5 6 7
wings-d98a0ce553d4-master-0:26957:26957 [0] NCCL INFO Channel 12/24 : 0 1 2 3 4 5 6 7
wings-d98a0ce553d4-master-0:26957:26957 [0] NCCL INFO Channel 13/24 : 0 1 2 3 4 5 6 7
wings-d98a0ce553d4-master-0:26957:26957 [0] NCCL INFO Channel 14/24 : 0 1 2 3 4 5 6 7
wings-d98a0ce553d4-master-0:26957:26957 [0] NCCL INFO Channel 15/24 : 0 1 2 3 4 5 6 7
wings-d98a0ce553d4-master-0:26964:26964 [0] NCCL INFO Trees [0] 6/-1/-1->5->4 [1] 6/-1/-1->5->4 [2] 6/-1/-1->5->4 [3] 6/-1/-1->5->4 [4] 6/-1/-1->5->4 [5] 6/-1/-1->5->4 [6] 6/-1/-1->5->4 [7] 6/-1/-1->5->4 [8] 6/-1/-1->5->4 [9] 6/-1/-1->5->4 [10] 6/-1/-1->5->4 [11] 6/-1/-1->5->4 [12] 6/-1/-1->5->4 [13] 6/-1/-1->5->4 [14] 6/-1/-1->5->4 [15] 6/-1/-1->5->4 [16] 6/-1/-1->5->4 [17] 6/-1/-1->5->4 [18] 6/-1/-1->5->4 [19] 6/-1/-1->5->4 [20] 6/-1/-1->5->4 [21] 6/-1/-1->5->4 [22] 6/-1/-1->5->4 [23] 6/-1/-1->5->4
wings-d98a0ce553d4-master-0:26965:26965 [0] NCCL INFO Trees [0] 7/-1/-1->6->5 [1] 7/-1/-1->6->5 [2] 7/-1/-1->6->5 [3] 7/-1/-1->6->5 [4] 7/-1/-1->6->5 [5] 7/-1/-1->6->5 [6] 7/-1/-1->6->5 [7] 7/-1/-1->6->5 [8] 7/-1/-1->6->5 [9] 7/-1/-1->6->5 [10] 7/-1/-1->6->5 [11] 7/-1/-1->6->5 [12] 7/-1/-1->6->5 [13] 7/-1/-1->6->5 [14] 7/-1/-1->6->5 [15] 7/-1/-1->6->5 [16] 7/-1/-1->6->5 [17] 7/-1/-1->6->5 [18] 7/-1/-1->6->5 [19] 7/-1/-1->6->5 [20] 7/-1/-1->6->5 [21] 7/-1/-1->6->5 [22] 7/-1/-1->6->5 [23] 7/-1/-1->6->5
wings-d98a0ce553d4-master-0:26957:26957 [0] NCCL INFO Channel 16/24 : 0 1 2 3 4 5 6 7
wings-d98a0ce553d4-master-0:26957:26957 [0] NCCL INFO Channel 17/24 : 0 1 2 3 4 5 6 7
wings-d98a0ce553d4-master-0:26957:26957 [0] NCCL INFO Channel 18/24 : 0 1 2 3 4 5 6 7
wings-d98a0ce553d4-master-0:26957:26957 [0] NCCL INFO Channel 19/24 : 0 1 2 3 4 5 6 7
wings-d98a0ce553d4-master-0:26958:26958 [0] NCCL INFO P2P Chunksize set to 524288
wings-d98a0ce553d4-master-0:26957:26957 [0] NCCL INFO Channel 20/24 : 0 1 2 3 4 5 6 7
wings-d98a0ce553d4-master-0:26957:26957 [0] NCCL INFO Channel 21/24 : 0 1 2 3 4 5 6 7
wings-d98a0ce553d4-master-0:26957:26957 [0] NCCL INFO Channel 22/24 : 0 1 2 3 4 5 6 7
wings-d98a0ce553d4-master-0:26957:26957 [0] NCCL INFO Channel 23/24 : 0 1 2 3 4 5 6 7
wings-d98a0ce553d4-master-0:26957:26957 [0] NCCL INFO Trees [0] 1/-1/-1->0->-1 [1] 1/-1/-1->0->-1 [2] 1/-1/-1->0->-1 [3] 1/-1/-1->0->-1 [4] 1/-1/-1->0->-1 [5] 1/-1/-1->0->-1 [6] 1/-1/-1->0->-1 [7] 1/-1/-1->0->-1 [8] 1/-1/-1->0->-1 [9] 1/-1/-1->0->-1 [10] 1/-1/-1->0->-1 [11] 1/-1/-1->0->-1 [12] 1/-1/-1->0->-1 [13] 1/-1/-1->0->-1 [14] 1/-1/-1->0->-1 [15] 1/-1/-1->0->-1 [16] 1/-1/-1->0->-1 [17] 1/-1/-1->0->-1 [18] 1/-1/-1->0->-1 [19] 1/-1/-1->0->-1 [20] 1/-1/-1->0->-1 [21] 1/-1/-1->0->-1 [22] 1/-1/-1->0->-1 [23] 1/-1/-1->0->-1
wings-d98a0ce553d4-master-0:26957:26957 [0] NCCL INFO P2P Chunksize set to 524288
wings-d98a0ce553d4-master-0:26964:26964 [0] NCCL INFO P2P Chunksize set to 524288
wings-d98a0ce553d4-master-0:26965:26965 [0] NCCL INFO P2P Chunksize set to 524288
wings-d98a0ce553d4-master-0:26965:26965 [0] NCCL INFO PROFILER/Plugin: Could not find: libnccl-profiler.so
wings-d98a0ce553d4-master-0:26965:26965 [0] NCCL INFO Check P2P Type isAllDirectP2p 1 directMode 0 isAllCudaP2p 1
wings-d98a0ce553d4-master-0:26964:26964 [0] NCCL INFO PROFILER/Plugin: Could not find: libnccl-profiler.so
wings-d98a0ce553d4-master-0:26964:26964 [0] NCCL INFO Check P2P Type isAllDirectP2p 1 directMode 0 isAllCudaP2p 1
wings-d98a0ce553d4-master-0:26961:26961 [0] NCCL INFO PROFILER/Plugin: Could not find: libnccl-profiler.so
wings-d98a0ce553d4-master-0:26961:26961 [0] NCCL INFO Check P2P Type isAllDirectP2p 1 directMode 0 isAllCudaP2p 1
wings-d98a0ce553d4-master-0:26959:26959 [0] NCCL INFO PROFILER/Plugin: Could not find: libnccl-profiler.so
wings-d98a0ce553d4-master-0:26959:26959 [0] NCCL INFO Check P2P Type isAllDirectP2p 1 directMode 0 isAllCudaP2p 1
wings-d98a0ce553d4-master-0:26966:26966 [0] NCCL INFO PROFILER/Plugin: Could not find: libnccl-profiler.so
wings-d98a0ce553d4-master-0:26966:26966 [0] NCCL INFO Check P2P Type isAllDirectP2p 1 directMode 0 isAllCudaP2p 1
wings-d98a0ce553d4-master-0:26960:26960 [0] NCCL INFO PROFILER/Plugin: Could not find: libnccl-profiler.so
wings-d98a0ce553d4-master-0:26960:26960 [0] NCCL INFO Check P2P Type isAllDirectP2p 1 directMode 0 isAllCudaP2p 1
wings-d98a0ce553d4-master-0:26958:26958 [0] NCCL INFO PROFILER/Plugin: Could not find: libnccl-profiler.so
wings-d98a0ce553d4-master-0:26958:26958 [0] NCCL INFO Check P2P Type isAllDirectP2p 1 directMode 0 isAllCudaP2p 1
wings-d98a0ce553d4-master-0:26957:26957 [0] NCCL INFO PROFILER/Plugin: Could not find: libnccl-profiler.so
wings-d98a0ce553d4-master-0:26957:26957 [0] NCCL INFO Check P2P Type isAllDirectP2p 1 directMode 0 isAllCudaP2p 1
wings-d98a0ce553d4-master-0:26957:27438 [0] NCCL INFO [Proxy Service] Device 0 CPU core 97
wings-d98a0ce553d4-master-0:26960:27436 [0] NCCL INFO [Proxy Service] Device 0 CPU core 25
wings-d98a0ce553d4-master-0:26961:27433 [0] NCCL INFO [Proxy Service] Device 0 CPU core 52
wings-d98a0ce553d4-master-0:26959:27434 [0] NCCL INFO [Proxy Service] Device 0 CPU core 117
wings-d98a0ce553d4-master-0:26966:27435 [0] NCCL INFO [Proxy Service] Device 0 CPU core 169
wings-d98a0ce553d4-master-0:26957:27446 [0] NCCL INFO [Proxy Service UDS] Device 0 CPU core 99
wings-d98a0ce553d4-master-0:26958:27437 [0] NCCL INFO [Proxy Service] Device 0 CPU core 1
wings-d98a0ce553d4-master-0:26960:27441 [0] NCCL INFO [Proxy Service UDS] Device 0 CPU core 26
wings-d98a0ce553d4-master-0:26961:27440 [0] NCCL INFO [Proxy Service UDS] Device 0 CPU core 53
wings-d98a0ce553d4-master-0:26959:27443 [0] NCCL INFO [Proxy Service UDS] Device 0 CPU core 118
wings-d98a0ce553d4-master-0:26966:27442 [0] NCCL INFO [Proxy Service UDS] Device 0 CPU core 170
wings-d98a0ce553d4-master-0:26958:27445 [0] NCCL INFO [Proxy Service UDS] Device 0 CPU core 2
wings-d98a0ce553d4-master-0:26965:27431 [0] NCCL INFO [Proxy Service] Device 0 CPU core 145
wings-d98a0ce553d4-master-0:26964:27432 [0] NCCL INFO [Proxy Service] Device 0 CPU core 49
wings-d98a0ce553d4-master-0:26964:27439 [0] NCCL INFO [Proxy Service UDS] Device 0 CPU core 50
wings-d98a0ce553d4-master-0:26965:27444 [0] NCCL INFO [Proxy Service UDS] Device 0 CPU core 146
wings-d98a0ce553d4-master-0:26965:26965 [0] NCCL INFO TUNER/Plugin: Could not find: libnccl-tuner.so
wings-d98a0ce553d4-master-0:26965:26965 [0] NCCL INFO threadThresholds 8/8/64 | 64/8/64 | 512 | 512
wings-d98a0ce553d4-master-0:26965:26965 [0] NCCL INFO 24 coll channels, 24 collnet channels, 0 nvls channels, 32 p2p channels, 32 p2p channels per peer
wings-d98a0ce553d4-master-0:26960:26960 [0] NCCL INFO TUNER/Plugin: Could not find: libnccl-tuner.so
wings-d98a0ce553d4-master-0:26960:26960 [0] NCCL INFO threadThresholds 8/8/64 | 64/8/64 | 512 | 512
wings-d98a0ce553d4-master-0:26960:26960 [0] NCCL INFO 24 coll channels, 24 collnet channels, 0 nvls channels, 32 p2p channels, 32 p2p channels per peer
wings-d98a0ce553d4-master-0:26959:26959 [0] NCCL INFO TUNER/Plugin: Could not find: libnccl-tuner.so
wings-d98a0ce553d4-master-0:26959:26959 [0] NCCL INFO threadThresholds 8/8/64 | 64/8/64 | 512 | 512
wings-d98a0ce553d4-master-0:26959:26959 [0] NCCL INFO 24 coll channels, 24 collnet channels, 0 nvls channels, 32 p2p channels, 32 p2p channels per peer
wings-d98a0ce553d4-master-0:26958:26958 [0] NCCL INFO TUNER/Plugin: Could not find: libnccl-tuner.so
wings-d98a0ce553d4-master-0:26958:26958 [0] NCCL INFO threadThresholds 8/8/64 | 64/8/64 | 512 | 512
wings-d98a0ce553d4-master-0:26958:26958 [0] NCCL INFO 24 coll channels, 24 collnet channels, 0 nvls channels, 32 p2p channels, 32 p2p channels per peer
wings-d98a0ce553d4-master-0:26966:26966 [0] NCCL INFO TUNER/Plugin: Could not find: libnccl-tuner.so
wings-d98a0ce553d4-master-0:26966:26966 [0] NCCL INFO threadThresholds 8/8/64 | 64/8/64 | 512 | 512
wings-d98a0ce553d4-master-0:26966:26966 [0] NCCL INFO 24 coll channels, 24 collnet channels, 0 nvls channels, 32 p2p channels, 32 p2p channels per peer
wings-d98a0ce553d4-master-0:26957:26957 [0] NCCL INFO TUNER/Plugin: Could not find: libnccl-tuner.so
wings-d98a0ce553d4-master-0:26957:26957 [0] NCCL INFO threadThresholds 8/8/64 | 64/8/64 | 512 | 512
wings-d98a0ce553d4-master-0:26957:26957 [0] NCCL INFO 24 coll channels, 24 collnet channels, 0 nvls channels, 32 p2p channels, 32 p2p channels per peer
wings-d98a0ce553d4-master-0:26961:26961 [0] NCCL INFO TUNER/Plugin: Could not find: libnccl-tuner.so
wings-d98a0ce553d4-master-0:26961:26961 [0] NCCL INFO threadThresholds 8/8/64 | 64/8/64 | 512 | 512
wings-d98a0ce553d4-master-0:26961:26961 [0] NCCL INFO 24 coll channels, 24 collnet channels, 0 nvls channels, 32 p2p channels, 32 p2p channels per peer
wings-d98a0ce553d4-master-0:26964:26964 [0] NCCL INFO TUNER/Plugin: Could not find: libnccl-tuner.so
wings-d98a0ce553d4-master-0:26964:26964 [0] NCCL INFO threadThresholds 8/8/64 | 64/8/64 | 512 | 512
wings-d98a0ce553d4-master-0:26964:26964 [0] NCCL INFO 24 coll channels, 24 collnet channels, 0 nvls channels, 32 p2p channels, 32 p2p channels per peer
wings-d98a0ce553d4-master-0:26957:26957 [0] NCCL INFO CC Off, workFifoBytes 1048576
wings-d98a0ce553d4-master-0:26959:26959 [0] NCCL INFO ncclCommInitRankConfig comm 0x5613ed75b480 rank 2 nranks 8 cudaDev 0 nvmlDev 2 busId 19000 commId 0x50071e2ad65d3f7 - Init COMPLETE
wings-d98a0ce553d4-master-0:26965:26965 [0] NCCL INFO ncclCommInitRankConfig comm 0x560c4e559f50 rank 6 nranks 8 cudaDev 0 nvmlDev 6 busId 91000 commId 0x50071e2ad65d3f7 - Init COMPLETE
wings-d98a0ce553d4-master-0:26959:26959 [0] NCCL INFO Init timings - ncclCommInitRankConfig: rank 2 nranks 8 total 10.12 (kernels 0.37, alloc 1.00, bootstrap 8.56, allgathers 0.01, topo 0.08, graphs 0.02, connections 0.05, rest 0.03)
wings-d98a0ce553d4-master-0:26961:26961 [0] NCCL INFO ncclCommInitRankConfig comm 0x55bd7555c8e0 rank 4 nranks 8 cudaDev 0 nvmlDev 4 busId 84000 commId 0x50071e2ad65d3f7 - Init COMPLETE
wings-d98a0ce553d4-master-0:26965:26965 [0] NCCL INFO Init timings - ncclCommInitRankConfig: rank 6 nranks 8 total 10.12 (kernels 0.37, alloc 0.99, bootstrap 8.56, allgathers 0.00, topo 0.08, graphs 0.03, connections 0.05, rest 0.03)
wings-d98a0ce553d4-master-0:26961:26961 [0] NCCL INFO Init timings - ncclCommInitRankConfig: rank 4 nranks 8 total 10.13 (kernels 0.38, alloc 1.00, bootstrap 8.56, allgathers 0.02, topo 0.08, graphs 0.02, connections 0.06, rest 0.03)
wings-d98a0ce553d4-master-0:26957:26957 [0] NCCL INFO ncclCommInitRankConfig comm 0x55ed2c55bfa0 rank 0 nranks 8 cudaDev 0 nvmlDev 0 busId c000 commId 0x50071e2ad65d3f7 - Init COMPLETE
wings-d98a0ce553d4-master-0:26957:26957 [0] NCCL INFO Init timings - ncclCommInitRankConfig: rank 0 nranks 8 total 10.14 (kernels 0.39, alloc 0.99, bootstrap 8.57, allgathers 0.00, topo 0.08, graphs 0.03, connections 0.06, rest 0.03)
wings-d98a0ce553d4-master-0:26960:26960 [0] NCCL INFO ncclCommInitRankConfig comm 0x55b7e1b5b650 rank 3 nranks 8 cudaDev 0 nvmlDev 3 busId 67000 commId 0x50071e2ad65d3f7 - Init COMPLETE
wings-d98a0ce553d4-master-0:26966:26966 [0] NCCL INFO ncclCommInitRankConfig comm 0x563cf6b82330 rank 7 nranks 8 cudaDev 0 nvmlDev 7 busId e4000 commId 0x50071e2ad65d3f7 - Init COMPLETE
wings-d98a0ce553d4-master-0:26964:26964 [0] NCCL INFO ncclCommInitRankConfig comm 0x555a34b80ea0 rank 5 nranks 8 cudaDev 0 nvmlDev 5 busId 8b000 commId 0x50071e2ad65d3f7 - Init COMPLETE
wings-d98a0ce553d4-master-0:26958:26958 [0] NCCL INFO ncclCommInitRankConfig comm 0x55b245f5b470 rank 1 nranks 8 cudaDev 0 nvmlDev 1 busId 13000 commId 0x50071e2ad65d3f7 - Init COMPLETE
wings-d98a0ce553d4-master-0:26960:26960 [0] NCCL INFO Init timings - ncclCommInitRankConfig: rank 3 nranks 8 total 7.42 (kernels 0.36, alloc 0.20, bootstrap 6.66, allgathers 0.01, topo 0.08, graphs 0.02, connections 0.05, rest 0.04)
wings-d98a0ce553d4-master-0:26966:26966 [0] NCCL INFO Init timings - ncclCommInitRankConfig: rank 7 nranks 8 total 10.13 (kernels 0.39, alloc 1.00, bootstrap 8.55, allgathers 0.01, topo 0.08, graphs 0.02, connections 0.05, rest 0.03)
wings-d98a0ce553d4-master-0:26964:26964 [0] NCCL INFO Init timings - ncclCommInitRankConfig: rank 5 nranks 8 total 0.66 (kernels 0.35, alloc 0.11, bootstrap 0.00, allgathers 0.02, topo 0.07, graphs 0.02, connections 0.06, rest 0.03)
wings-d98a0ce553d4-master-0:26958:26958 [0] NCCL INFO Init timings - ncclCommInitRankConfig: rank 1 nranks 8 total 10.13 (kernels 0.39, alloc 1.00, bootstrap 8.55, allgathers 0.00, topo 0.08, graphs 0.03, connections 0.05, rest 0.03)
wings-d98a0ce553d4-master-0:26966:26966 [0] NCCL INFO Channel 00/0 : 7[7] -> 0[0] via P2P/CUMEM
wings-d98a0ce553d4-master-0:26966:26966 [0] NCCL INFO Channel 01/0 : 7[7] -> 0[0] via P2P/CUMEM
wings-d98a0ce553d4-master-0:26961:26961 [0] NCCL INFO Channel 00/0 : 4[4] -> 5[5] via P2P/CUMEM
wings-d98a0ce553d4-master-0:26958:26958 [0] NCCL INFO Channel 00/0 : 1[1] -> 2[2] via P2P/CUMEM
wings-d98a0ce553d4-master-0:26961:26961 [0] NCCL INFO Channel 01/0 : 4[4] -> 5[5] via P2P/CUMEM
wings-d98a0ce553d4-master-0:26964:26964 [0] NCCL INFO Channel 00/0 : 5[5] -> 6[6] via P2P/CUMEM
wings-d98a0ce553d4-master-0:26960:26960 [0] NCCL INFO Channel 00/0 : 3[3] -> 4[4] via P2P/CUMEM
wings-d98a0ce553d4-master-0:26958:26958 [0] NCCL INFO Channel 01/0 : 1[1] -> 2[2] via P2P/CUMEM
wings-d98a0ce553d4-master-0:26964:26964 [0] NCCL INFO Channel 01/0 : 5[5] -> 6[6] via P2P/CUMEM
wings-d98a0ce553d4-master-0:26966:26966 [0] NCCL INFO Channel 02/0 : 7[7] -> 0[0] via P2P/CUMEM
wings-d98a0ce553d4-master-0:26961:26961 [0] NCCL INFO Channel 02/0 : 4[4] -> 5[5] via P2P/CUMEM
wings-d98a0ce553d4-master-0:26960:26960 [0] NCCL INFO Channel 01/0 : 3[3] -> 4[4] via P2P/CUMEM
wings-d98a0ce553d4-master-0:26964:26964 [0] NCCL INFO Channel 02/0 : 5[5] -> 6[6] via P2P/CUMEM
wings-d98a0ce553d4-master-0:26958:26958 [0] NCCL INFO Channel 02/0 : 1[1] -> 2[2] via P2P/CUMEM
wings-d98a0ce553d4-master-0:26966:26966 [0] NCCL INFO Channel 03/0 : 7[7] -> 0[0] via P2P/CUMEM
wings-d98a0ce553d4-master-0:26958:26958 [0] NCCL INFO Channel 03/0 : 1[1] -> 2[2] via P2P/CUMEM
wings-d98a0ce553d4-master-0:26961:26961 [0] NCCL INFO Channel 03/0 : 4[4] -> 5[5] via P2P/CUMEM
wings-d98a0ce553d4-master-0:26960:26960 [0] NCCL INFO Channel 02/0 : 3[3] -> 4[4] via P2P/CUMEM
wings-d98a0ce553d4-master-0:26966:26966 [0] NCCL INFO Channel 04/0 : 7[7] -> 0[0] via P2P/CUMEM
wings-d98a0ce553d4-master-0:26964:26964 [0] NCCL INFO Channel 03/0 : 5[5] -> 6[6] via P2P/CUMEM
wings-d98a0ce553d4-master-0:26961:26961 [0] NCCL INFO Channel 04/0 : 4[4] -> 5[5] via P2P/CUMEM
wings-d98a0ce553d4-master-0:26958:26958 [0] NCCL INFO Channel 04/0 : 1[1] -> 2[2] via P2P/CUMEM
wings-d98a0ce553d4-master-0:26966:26966 [0] NCCL INFO Channel 05/0 : 7[7] -> 0[0] via P2P/CUMEM
wings-d98a0ce553d4-master-0:26960:26960 [0] NCCL INFO Channel 03/0 : 3[3] -> 4[4] via P2P/CUMEM
wings-d98a0ce553d4-master-0:26964:26964 [0] NCCL INFO Channel 04/0 : 5[5] -> 6[6] via P2P/CUMEM
wings-d98a0ce553d4-master-0:26961:26961 [0] NCCL INFO Channel 05/0 : 4[4] -> 5[5] via P2P/CUMEM
wings-d98a0ce553d4-master-0:26958:26958 [0] NCCL INFO Channel 05/0 : 1[1] -> 2[2] via P2P/CUMEM
wings-d98a0ce553d4-master-0:26960:26960 [0] NCCL INFO Channel 04/0 : 3[3] -> 4[4] via P2P/CUMEM
wings-d98a0ce553d4-master-0:26966:26966 [0] NCCL INFO Channel 06/0 : 7[7] -> 0[0] via P2P/CUMEM
wings-d98a0ce553d4-master-0:26961:26961 [0] NCCL INFO Channel 06/0 : 4[4] -> 5[5] via P2P/CUMEM
wings-d98a0ce553d4-master-0:26964:26964 [0] NCCL INFO Channel 05/0 : 5[5] -> 6[6] via P2P/CUMEM
wings-d98a0ce553d4-master-0:26958:26958 [0] NCCL INFO Channel 06/0 : 1[1] -> 2[2] via P2P/CUMEM
wings-d98a0ce553d4-master-0:26960:26960 [0] NCCL INFO Channel 05/0 : 3[3] -> 4[4] via P2P/CUMEM
wings-d98a0ce553d4-master-0:26966:26966 [0] NCCL INFO Channel 07/0 : 7[7] -> 0[0] via P2P/CUMEM
wings-d98a0ce553d4-master-0:26964:26964 [0] NCCL INFO Channel 06/0 : 5[5] -> 6[6] via P2P/CUMEM
wings-d98a0ce553d4-master-0:26958:26958 [0] NCCL INFO Channel 07/0 : 1[1] -> 2[2] via P2P/CUMEM
wings-d98a0ce553d4-master-0:26960:26960 [0] NCCL INFO Channel 06/0 : 3[3] -> 4[4] via P2P/CUMEM
wings-d98a0ce553d4-master-0:26966:26966 [0] NCCL INFO Channel 08/0 : 7[7] -> 0[0] via P2P/CUMEM
wings-d98a0ce553d4-master-0:26964:26964 [0] NCCL INFO Channel 07/0 : 5[5] -> 6[6] via P2P/CUMEM
wings-d98a0ce553d4-master-0:26961:26961 [0] NCCL INFO Channel 07/0 : 4[4] -> 5[5] via P2P/CUMEM
wings-d98a0ce553d4-master-0:26957:26957 [0] NCCL INFO Channel 00/0 : 0[0] -> 1[1] via P2P/CUMEM
wings-d98a0ce553d4-master-0:26958:26958 [0] NCCL INFO Channel 08/0 : 1[1] -> 2[2] via P2P/CUMEM
wings-d98a0ce553d4-master-0:26960:26960 [0] NCCL INFO Channel 07/0 : 3[3] -> 4[4] via P2P/CUMEM
wings-d98a0ce553d4-master-0:26957:26957 [0] NCCL INFO Channel 01/0 : 0[0] -> 1[1] via P2P/CUMEM
wings-d98a0ce553d4-master-0:26964:26964 [0] NCCL INFO Channel 08/0 : 5[5] -> 6[6] via P2P/CUMEM
wings-d98a0ce553d4-master-0:26961:26961 [0] NCCL INFO Channel 08/0 : 4[4] -> 5[5] via P2P/CUMEM
wings-d98a0ce553d4-master-0:26958:26958 [0] NCCL INFO Channel 09/0 : 1[1] -> 2[2] via P2P/CUMEM
wings-d98a0ce553d4-master-0:26961:26961 [0] NCCL INFO Channel 09/0 : 4[4] -> 5[5] via P2P/CUMEM
wings-d98a0ce553d4-master-0:26960:26960 [0] NCCL INFO Channel 08/0 : 3[3] -> 4[4] via P2P/CUMEM
wings-d98a0ce553d4-master-0:26966:26966 [0] NCCL INFO Channel 09/0 : 7[7] -> 0[0] via P2P/CUMEM
wings-d98a0ce553d4-master-0:26957:26957 [0] NCCL INFO Channel 02/0 : 0[0] -> 1[1] via P2P/CUMEM
wings-d98a0ce553d4-master-0:26958:26958 [0] NCCL INFO Channel 10/0 : 1[1] -> 2[2] via P2P/CUMEM
wings-d98a0ce553d4-master-0:26964:26964 [0] NCCL INFO Channel 09/0 : 5[5] -> 6[6] via P2P/CUMEM
wings-d98a0ce553d4-master-0:26961:26961 [0] NCCL INFO Channel 10/0 : 4[4] -> 5[5] via P2P/CUMEM
wings-d98a0ce553d4-master-0:26960:26960 [0] NCCL INFO Channel 09/0 : 3[3] -> 4[4] via P2P/CUMEM
wings-d98a0ce553d4-master-0:26966:26966 [0] NCCL INFO Channel 10/0 : 7[7] -> 0[0] via P2P/CUMEM
wings-d98a0ce553d4-master-0:26964:26964 [0] NCCL INFO Channel 10/0 : 5[5] -> 6[6] via P2P/CUMEM
wings-d98a0ce553d4-master-0:26961:26961 [0] NCCL INFO Channel 11/0 : 4[4] -> 5[5] via P2P/CUMEM
wings-d98a0ce553d4-master-0:26960:26960 [0] NCCL INFO Channel 10/0 : 3[3] -> 4[4] via P2P/CUMEM
wings-d98a0ce553d4-master-0:26957:26957 [0] NCCL INFO Channel 03/0 : 0[0] -> 1[1] via P2P/CUMEM
wings-d98a0ce553d4-master-0:26958:26958 [0] NCCL INFO Channel 11/0 : 1[1] -> 2[2] via P2P/CUMEM
wings-d98a0ce553d4-master-0:26966:26966 [0] NCCL INFO Channel 11/0 : 7[7] -> 0[0] via P2P/CUMEM
wings-d98a0ce553d4-master-0:26961:26961 [0] NCCL INFO Channel 12/0 : 4[4] -> 5[5] via P2P/CUMEM
wings-d98a0ce553d4-master-0:26966:26966 [0] NCCL INFO Channel 12/0 : 7[7] -> 0[0] via P2P/CUMEM
wings-d98a0ce553d4-master-0:26960:26960 [0] NCCL INFO Channel 11/0 : 3[3] -> 4[4] via P2P/CUMEM
wings-d98a0ce553d4-master-0:26957:26957 [0] NCCL INFO Channel 04/0 : 0[0] -> 1[1] via P2P/CUMEM
wings-d98a0ce553d4-master-0:26964:26964 [0] NCCL INFO Channel 11/0 : 5[5] -> 6[6] via P2P/CUMEM
wings-d98a0ce553d4-master-0:26958:26958 [0] NCCL INFO Channel 12/0 : 1[1] -> 2[2] via P2P/CUMEM
wings-d98a0ce553d4-master-0:26961:26961 [0] NCCL INFO Channel 13/0 : 4[4] -> 5[5] via P2P/CUMEM
wings-d98a0ce553d4-master-0:26966:26966 [0] NCCL INFO Channel 13/0 : 7[7] -> 0[0] via P2P/CUMEM
wings-d98a0ce553d4-master-0:26964:26964 [0] NCCL INFO Channel 12/0 : 5[5] -> 6[6] via P2P/CUMEM
wings-d98a0ce553d4-master-0:26966:26966 [0] NCCL INFO Channel 14/0 : 7[7] -> 0[0] via P2P/CUMEM
wings-d98a0ce553d4-master-0:26957:26957 [0] NCCL INFO Channel 05/0 : 0[0] -> 1[1] via P2P/CUMEM
wings-d98a0ce553d4-master-0:26958:26958 [0] NCCL INFO Channel 13/0 : 1[1] -> 2[2] via P2P/CUMEM
wings-d98a0ce553d4-master-0:26957:26957 [0] NCCL INFO Channel 06/0 : 0[0] -> 1[1] via P2P/CUMEM
wings-d98a0ce553d4-master-0:26960:26960 [0] NCCL INFO Channel 12/0 : 3[3] -> 4[4] via P2P/CUMEM
wings-d98a0ce553d4-master-0:26958:26958 [0] NCCL INFO Channel 14/0 : 1[1] -> 2[2] via P2P/CUMEM
wings-d98a0ce553d4-master-0:26964:26964 [0] NCCL INFO Channel 13/0 : 5[5] -> 6[6] via P2P/CUMEM
wings-d98a0ce553d4-master-0:26961:26961 [0] NCCL INFO Channel 14/0 : 4[4] -> 5[5] via P2P/CUMEM
wings-d98a0ce553d4-master-0:26957:26957 [0] NCCL INFO Channel 07/0 : 0[0] -> 1[1] via P2P/CUMEM
wings-d98a0ce553d4-master-0:26966:26966 [0] NCCL INFO Channel 15/0 : 7[7] -> 0[0] via P2P/CUMEM
wings-d98a0ce553d4-master-0:26960:26960 [0] NCCL INFO Channel 13/0 : 3[3] -> 4[4] via P2P/CUMEM
wings-d98a0ce553d4-master-0:26958:26958 [0] NCCL INFO Channel 15/0 : 1[1] -> 2[2] via P2P/CUMEM
wings-d98a0ce553d4-master-0:26964:26964 [0] NCCL INFO Channel 14/0 : 5[5] -> 6[6] via P2P/CUMEM
wings-d98a0ce553d4-master-0:26957:26957 [0] NCCL INFO Channel 08/0 : 0[0] -> 1[1] via P2P/CUMEM
wings-d98a0ce553d4-master-0:26966:26966 [0] NCCL INFO Channel 16/0 : 7[7] -> 0[0] via P2P/CUMEM
wings-d98a0ce553d4-master-0:26958:26958 [0] NCCL INFO Channel 16/0 : 1[1] -> 2[2] via P2P/CUMEM
wings-d98a0ce553d4-master-0:26961:26961 [0] NCCL INFO Channel 15/0 : 4[4] -> 5[5] via P2P/CUMEM
wings-d98a0ce553d4-master-0:26964:26964 [0] NCCL INFO Channel 15/0 : 5[5] -> 6[6] via P2P/CUMEM
wings-d98a0ce553d4-master-0:26959:26959 [0] NCCL INFO Channel 00/0 : 2[2] -> 3[3] via P2P/CUMEM
wings-d98a0ce553d4-master-0:26960:26960 [0] NCCL INFO Channel 14/0 : 3[3] -> 4[4] via P2P/CUMEM
wings-d98a0ce553d4-master-0:26966:26966 [0] NCCL INFO Channel 17/0 : 7[7] -> 0[0] via P2P/CUMEM
wings-d98a0ce553d4-master-0:26964:26964 [0] NCCL INFO Channel 16/0 : 5[5] -> 6[6] via P2P/CUMEM
wings-d98a0ce553d4-master-0:26958:26958 [0] NCCL INFO Channel 17/0 : 1[1] -> 2[2] via P2P/CUMEM
wings-d98a0ce553d4-master-0:26961:26961 [0] NCCL INFO Channel 16/0 : 4[4] -> 5[5] via P2P/CUMEM
wings-d98a0ce553d4-master-0:26957:26957 [0] NCCL INFO Channel 09/0 : 0[0] -> 1[1] via P2P/CUMEM
wings-d98a0ce553d4-master-0:26959:26959 [0] NCCL INFO Channel 01/0 : 2[2] -> 3[3] via P2P/CUMEM
wings-d98a0ce553d4-master-0:26961:26961 [0] NCCL INFO Channel 17/0 : 4[4] -> 5[5] via P2P/CUMEM
wings-d98a0ce553d4-master-0:26960:26960 [0] NCCL INFO Channel 15/0 : 3[3] -> 4[4] via P2P/CUMEM
wings-d98a0ce553d4-master-0:26966:26966 [0] NCCL INFO Channel 18/0 : 7[7] -> 0[0] via P2P/CUMEM
wings-d98a0ce553d4-master-0:26964:26964 [0] NCCL INFO Channel 17/0 : 5[5] -> 6[6] via P2P/CUMEM
wings-d98a0ce553d4-master-0:26957:26957 [0] NCCL INFO Channel 10/0 : 0[0] -> 1[1] via P2P/CUMEM
wings-d98a0ce553d4-master-0:26960:26960 [0] NCCL INFO Channel 16/0 : 3[3] -> 4[4] via P2P/CUMEM
wings-d98a0ce553d4-master-0:26958:26958 [0] NCCL INFO Channel 18/0 : 1[1] -> 2[2] via P2P/CUMEM
wings-d98a0ce553d4-master-0:26960:26960 [0] NCCL INFO Channel 17/0 : 3[3] -> 4[4] via P2P/CUMEM
wings-d98a0ce553d4-master-0:26964:26964 [0] NCCL INFO Channel 18/0 : 5[5] -> 6[6] via P2P/CUMEM
wings-d98a0ce553d4-master-0:26961:26961 [0] NCCL INFO Channel 18/0 : 4[4] -> 5[5] via P2P/CUMEM
wings-d98a0ce553d4-master-0:26966:26966 [0] NCCL INFO Channel 19/0 : 7[7] -> 0[0] via P2P/CUMEM
wings-d98a0ce553d4-master-0:26959:26959 [0] NCCL INFO Channel 02/0 : 2[2] -> 3[3] via P2P/CUMEM
wings-d98a0ce553d4-master-0:26957:26957 [0] NCCL INFO Channel 11/0 : 0[0] -> 1[1] via P2P/CUMEM
wings-d98a0ce553d4-master-0:26958:26958 [0] NCCL INFO Channel 19/0 : 1[1] -> 2[2] via P2P/CUMEM
wings-d98a0ce553d4-master-0:26960:26960 [0] NCCL INFO Channel 18/0 : 3[3] -> 4[4] via P2P/CUMEM
wings-d98a0ce553d4-master-0:26961:26961 [0] NCCL INFO Channel 19/0 : 4[4] -> 5[5] via P2P/CUMEM
wings-d98a0ce553d4-master-0:26960:26960 [0] NCCL INFO Channel 19/0 : 3[3] -> 4[4] via P2P/CUMEM
wings-d98a0ce553d4-master-0:26966:26966 [0] NCCL INFO Channel 20/0 : 7[7] -> 0[0] via P2P/CUMEM
wings-d98a0ce553d4-master-0:26959:26959 [0] NCCL INFO Channel 03/0 : 2[2] -> 3[3] via P2P/CUMEM
wings-d98a0ce553d4-master-0:26957:26957 [0] NCCL INFO Channel 12/0 : 0[0] -> 1[1] via P2P/CUMEM
wings-d98a0ce553d4-master-0:26964:26964 [0] NCCL INFO Channel 19/0 : 5[5] -> 6[6] via P2P/CUMEM
wings-d98a0ce553d4-master-0:26961:26961 [0] NCCL INFO Channel 20/0 : 4[4] -> 5[5] via P2P/CUMEM
wings-d98a0ce553d4-master-0:26965:26965 [0] NCCL INFO Channel 00/0 : 6[6] -> 7[7] via P2P/CUMEM
wings-d98a0ce553d4-master-0:26964:26964 [0] NCCL INFO Channel 20/0 : 5[5] -> 6[6] via P2P/CUMEM
wings-d98a0ce553d4-master-0:26961:26961 [0] NCCL INFO Channel 21/0 : 4[4] -> 5[5] via P2P/CUMEM
wings-d98a0ce553d4-master-0:26960:26960 [0] NCCL INFO Channel 20/0 : 3[3] -> 4[4] via P2P/CUMEM
wings-d98a0ce553d4-master-0:26958:26958 [0] NCCL INFO Channel 20/0 : 1[1] -> 2[2] via P2P/CUMEM
wings-d98a0ce553d4-master-0:26966:26966 [0] NCCL INFO Channel 21/0 : 7[7] -> 0[0] via P2P/CUMEM
wings-d98a0ce553d4-master-0:26957:26957 [0] NCCL INFO Channel 13/0 : 0[0] -> 1[1] via P2P/CUMEM
wings-d98a0ce553d4-master-0:26964:26964 [0] NCCL INFO Channel 21/0 : 5[5] -> 6[6] via P2P/CUMEM
wings-d98a0ce553d4-master-0:26965:26965 [0] NCCL INFO Channel 01/0 : 6[6] -> 7[7] via P2P/CUMEM
wings-d98a0ce553d4-master-0:26959:26959 [0] NCCL INFO Channel 04/0 : 2[2] -> 3[3] via P2P/CUMEM
wings-d98a0ce553d4-master-0:26960:26960 [0] NCCL INFO Channel 21/0 : 3[3] -> 4[4] via P2P/CUMEM
wings-d98a0ce553d4-master-0:26958:26958 [0] NCCL INFO Channel 21/0 : 1[1] -> 2[2] via P2P/CUMEM
wings-d98a0ce553d4-master-0:26961:26961 [0] NCCL INFO Channel 22/0 : 4[4] -> 5[5] via P2P/CUMEM
wings-d98a0ce553d4-master-0:26966:26966 [0] NCCL INFO Channel 22/0 : 7[7] -> 0[0] via P2P/CUMEM
wings-d98a0ce553d4-master-0:26964:26964 [0] NCCL INFO Channel 22/0 : 5[5] -> 6[6] via P2P/CUMEM
wings-d98a0ce553d4-master-0:26965:26965 [0] NCCL INFO Channel 02/0 : 6[6] -> 7[7] via P2P/CUMEM
wings-d98a0ce553d4-master-0:26959:26959 [0] NCCL INFO Channel 05/0 : 2[2] -> 3[3] via P2P/CUMEM
wings-d98a0ce553d4-master-0:26960:26960 [0] NCCL INFO Channel 22/0 : 3[3] -> 4[4] via P2P/CUMEM
wings-d98a0ce553d4-master-0:26957:26957 [0] NCCL INFO Channel 14/0 : 0[0] -> 1[1] via P2P/CUMEM
wings-d98a0ce553d4-master-0:26959:26959 [0] NCCL INFO Channel 06/0 : 2[2] -> 3[3] via P2P/CUMEM
wings-d98a0ce553d4-master-0:26961:26961 [0] NCCL INFO Channel 23/0 : 4[4] -> 5[5] via P2P/CUMEM
wings-d98a0ce553d4-master-0:26958:26958 [0] NCCL INFO Channel 22/0 : 1[1] -> 2[2] via P2P/CUMEM
wings-d98a0ce553d4-master-0:26966:26966 [0] NCCL INFO Channel 23/0 : 7[7] -> 0[0] via P2P/CUMEM
wings-d98a0ce553d4-master-0:26964:26964 [0] NCCL INFO Channel 23/0 : 5[5] -> 6[6] via P2P/CUMEM
wings-d98a0ce553d4-master-0:26960:26960 [0] NCCL INFO Channel 23/0 : 3[3] -> 4[4] via P2P/CUMEM
wings-d98a0ce553d4-master-0:26965:26965 [0] NCCL INFO Channel 03/0 : 6[6] -> 7[7] via P2P/CUMEM
wings-d98a0ce553d4-master-0:26959:26959 [0] NCCL INFO Channel 07/0 : 2[2] -> 3[3] via P2P/CUMEM
wings-d98a0ce553d4-master-0:26965:26965 [0] NCCL INFO Channel 04/0 : 6[6] -> 7[7] via P2P/CUMEM
wings-d98a0ce553d4-master-0:26959:26959 [0] NCCL INFO Channel 08/0 : 2[2] -> 3[3] via P2P/CUMEM
wings-d98a0ce553d4-master-0:26958:26958 [0] NCCL INFO Channel 23/0 : 1[1] -> 2[2] via P2P/CUMEM
wings-d98a0ce553d4-master-0:26957:26957 [0] NCCL INFO Channel 15/0 : 0[0] -> 1[1] via P2P/CUMEM
wings-d98a0ce553d4-master-0:26965:26965 [0] NCCL INFO Channel 05/0 : 6[6] -> 7[7] via P2P/CUMEM
wings-d98a0ce553d4-master-0:26959:26959 [0] NCCL INFO Channel 09/0 : 2[2] -> 3[3] via P2P/CUMEM
wings-d98a0ce553d4-master-0:26957:26957 [0] NCCL INFO Channel 16/0 : 0[0] -> 1[1] via P2P/CUMEM
wings-d98a0ce553d4-master-0:26957:26957 [0] NCCL INFO Channel 17/0 : 0[0] -> 1[1] via P2P/CUMEM
wings-d98a0ce553d4-master-0:26965:26965 [0] NCCL INFO Channel 06/0 : 6[6] -> 7[7] via P2P/CUMEM
wings-d98a0ce553d4-master-0:26957:26957 [0] NCCL INFO Channel 18/0 : 0[0] -> 1[1] via P2P/CUMEM
wings-d98a0ce553d4-master-0:26959:26959 [0] NCCL INFO Channel 10/0 : 2[2] -> 3[3] via P2P/CUMEM
wings-d98a0ce553d4-master-0:26965:26965 [0] NCCL INFO Channel 07/0 : 6[6] -> 7[7] via P2P/CUMEM
wings-d98a0ce553d4-master-0:26957:26957 [0] NCCL INFO Channel 19/0 : 0[0] -> 1[1] via P2P/CUMEM
wings-d98a0ce553d4-master-0:26959:26959 [0] NCCL INFO Channel 11/0 : 2[2] -> 3[3] via P2P/CUMEM
wings-d98a0ce553d4-master-0:26957:26957 [0] NCCL INFO Channel 20/0 : 0[0] -> 1[1] via P2P/CUMEM
wings-d98a0ce553d4-master-0:26959:26959 [0] NCCL INFO Channel 12/0 : 2[2] -> 3[3] via P2P/CUMEM
wings-d98a0ce553d4-master-0:26965:26965 [0] NCCL INFO Channel 08/0 : 6[6] -> 7[7] via P2P/CUMEM
wings-d98a0ce553d4-master-0:26957:26957 [0] NCCL INFO Channel 21/0 : 0[0] -> 1[1] via P2P/CUMEM
wings-d98a0ce553d4-master-0:26959:26959 [0] NCCL INFO Channel 13/0 : 2[2] -> 3[3] via P2P/CUMEM
wings-d98a0ce553d4-master-0:26965:26965 [0] NCCL INFO Channel 09/0 : 6[6] -> 7[7] via P2P/CUMEM
wings-d98a0ce553d4-master-0:26957:26957 [0] NCCL INFO Channel 22/0 : 0[0] -> 1[1] via P2P/CUMEM
wings-d98a0ce553d4-master-0:26959:26959 [0] NCCL INFO Channel 14/0 : 2[2] -> 3[3] via P2P/CUMEM
wings-d98a0ce553d4-master-0:26957:26957 [0] NCCL INFO Channel 23/0 : 0[0] -> 1[1] via P2P/CUMEM
wings-d98a0ce553d4-master-0:26965:26965 [0] NCCL INFO Channel 10/0 : 6[6] -> 7[7] via P2P/CUMEM
wings-d98a0ce553d4-master-0:26959:26959 [0] NCCL INFO Channel 15/0 : 2[2] -> 3[3] via P2P/CUMEM
wings-d98a0ce553d4-master-0:26965:26965 [0] NCCL INFO Channel 11/0 : 6[6] -> 7[7] via P2P/CUMEM
wings-d98a0ce553d4-master-0:26959:26959 [0] NCCL INFO Channel 16/0 : 2[2] -> 3[3] via P2P/CUMEM
wings-d98a0ce553d4-master-0:26965:26965 [0] NCCL INFO Channel 12/0 : 6[6] -> 7[7] via P2P/CUMEM
wings-d98a0ce553d4-master-0:26959:26959 [0] NCCL INFO Channel 17/0 : 2[2] -> 3[3] via P2P/CUMEM
wings-d98a0ce553d4-master-0:26965:26965 [0] NCCL INFO Channel 13/0 : 6[6] -> 7[7] via P2P/CUMEM
wings-d98a0ce553d4-master-0:26965:26965 [0] NCCL INFO Channel 14/0 : 6[6] -> 7[7] via P2P/CUMEM
wings-d98a0ce553d4-master-0:26959:26959 [0] NCCL INFO Channel 18/0 : 2[2] -> 3[3] via P2P/CUMEM
wings-d98a0ce553d4-master-0:26965:26965 [0] NCCL INFO Channel 15/0 : 6[6] -> 7[7] via P2P/CUMEM
wings-d98a0ce553d4-master-0:26959:26959 [0] NCCL INFO Channel 19/0 : 2[2] -> 3[3] via P2P/CUMEM
wings-d98a0ce553d4-master-0:26965:26965 [0] NCCL INFO Channel 16/0 : 6[6] -> 7[7] via P2P/CUMEM
wings-d98a0ce553d4-master-0:26959:26959 [0] NCCL INFO Channel 20/0 : 2[2] -> 3[3] via P2P/CUMEM
wings-d98a0ce553d4-master-0:26965:26965 [0] NCCL INFO Channel 17/0 : 6[6] -> 7[7] via P2P/CUMEM
wings-d98a0ce553d4-master-0:26959:26959 [0] NCCL INFO Channel 21/0 : 2[2] -> 3[3] via P2P/CUMEM
wings-d98a0ce553d4-master-0:26965:26965 [0] NCCL INFO Channel 18/0 : 6[6] -> 7[7] via P2P/CUMEM
wings-d98a0ce553d4-master-0:26959:26959 [0] NCCL INFO Channel 22/0 : 2[2] -> 3[3] via P2P/CUMEM
wings-d98a0ce553d4-master-0:26965:26965 [0] NCCL INFO Channel 19/0 : 6[6] -> 7[7] via P2P/CUMEM
wings-d98a0ce553d4-master-0:26959:26959 [0] NCCL INFO Channel 23/0 : 2[2] -> 3[3] via P2P/CUMEM
wings-d98a0ce553d4-master-0:26965:26965 [0] NCCL INFO Channel 20/0 : 6[6] -> 7[7] via P2P/CUMEM
wings-d98a0ce553d4-master-0:26965:26965 [0] NCCL INFO Channel 21/0 : 6[6] -> 7[7] via P2P/CUMEM
wings-d98a0ce553d4-master-0:26965:26965 [0] NCCL INFO Channel 22/0 : 6[6] -> 7[7] via P2P/CUMEM
wings-d98a0ce553d4-master-0:26965:26965 [0] NCCL INFO Channel 23/0 : 6[6] -> 7[7] via P2P/CUMEM
wings-d98a0ce553d4-master-0:26959:26959 [0] NCCL INFO Connected all rings, use ring PXN 0 GDR 1
wings-d98a0ce553d4-master-0:26958:26958 [0] NCCL INFO Connected all rings, use ring PXN 0 GDR 1
wings-d98a0ce553d4-master-0:26965:26965 [0] NCCL INFO Connected all rings, use ring PXN 0 GDR 1
wings-d98a0ce553d4-master-0:26964:26964 [0] NCCL INFO Connected all rings, use ring PXN 0 GDR 1
wings-d98a0ce553d4-master-0:26957:26957 [0] NCCL INFO Connected all rings, use ring PXN 0 GDR 1
wings-d98a0ce553d4-master-0:26966:26966 [0] NCCL INFO Connected all rings, use ring PXN 0 GDR 1
wings-d98a0ce553d4-master-0:26960:26960 [0] NCCL INFO Connected all rings, use ring PXN 0 GDR 1
wings-d98a0ce553d4-master-0:26961:26961 [0] NCCL INFO Connected all rings, use ring PXN 0 GDR 1
[2026-06-12 08:16:06] WARNING - vlmeval.__main__: --reuse is not set, this run will start from a fresh output directory
[2026-06-12 08:16:06] INFO - vlmeval.__main__: =========== Qwen2.5-VL-32B-Instruct ===========
[2026-06-12 08:16:06] INFO - vlmeval.__main__: =========== Qwen2.5-VL-32B-Instruct ===========
[2026-06-12 08:16:06] INFO - vlmeval.__main__: =========== Qwen2.5-VL-32B-Instruct ===========
[2026-06-12 08:16:06] INFO - vlmeval.__main__: =========== Qwen2.5-VL-32B-Instruct ===========
[2026-06-12 08:16:06] INFO - vlmeval.__main__: =========== Qwen2.5-VL-32B-Instruct ===========
[2026-06-12 08:16:06] INFO - vlmeval.__main__: =========== Qwen2.5-VL-32B-Instruct ===========
[2026-06-12 08:16:06] INFO - vlmeval.__main__: =========== Qwen2.5-VL-32B-Instruct ===========
[2026-06-12 08:16:06] INFO - vlmeval.__main__: =========== Qwen2.5-VL-32B-Instruct ===========
Loading weights:   0%|          | 0/1161 [00:00<?, ?it/s]Loading weights:   0%|          | 0/1161 [00:00<?, ?it/s]Loading weights:   0%|          | 0/1161 [00:00<?, ?it/s]Loading weights:   0%|          | 0/1161 [00:00<?, ?it/s]Loading weights:   0%|          | 0/1161 [00:00<?, ?it/s]Loading weights:   0%|          | 0/1161 [00:00<?, ?it/s]Loading weights:   0%|          | 0/1161 [00:00<?, ?it/s]Loading weights:   0%|          | 0/1161 [00:00<?, ?it/s]Loading weights:   0%|          | 1/1161 [00:00<06:53,  2.81it/s]Loading weights:   0%|          | 1/1161 [00:00<07:00,  2.76it/s]Loading weights:   0%|          | 1/1161 [00:00<13:17,  1.45it/s]Loading weights:   0%|          | 1/1161 [00:00<13:00,  1.49it/s]Loading weights:   0%|          | 1/1161 [00:00<13:01,  1.48it/s]Loading weights:   0%|          | 3/1161 [00:00<04:10,  4.63it/s]Loading weights:   0%|          | 4/1161 [00:00<02:58,  6.47it/s]Loading weights:   0%|          | 4/1161 [00:00<02:59,  6.46it/s]Loading weights:   0%|          | 2/1161 [00:00<07:50,  2.46it/s]Loading weights:   0%|          | 2/1161 [00:00<07:53,  2.45it/s]Loading weights:   0%|          | 1/1161 [00:00<16:05,  1.20it/s]Loading weights:   0%|          | 1/1161 [00:00<16:00,  1.21it/s]Loading weights:   0%|          | 1/1161 [00:00<16:00,  1.21it/s]Loading weights:   0%|          | 5/1161 [00:00<02:34,  7.48it/s]Loading weights:   1%|          | 6/1161 [00:00<02:10,  8.87it/s]Loading weights:   0%|          | 5/1161 [00:00<02:51,  6.73it/s]Loading weights:   0%|          | 4/1161 [00:00<03:56,  4.90it/s]Loading weights:   1%|          | 6/1161 [00:00<02:34,  7.49it/s]Loading weights:   1%|          | 9/1161 [00:01<01:20, 14.40it/s]Loading weights:   0%|          | 5/1161 [00:01<03:11,  6.02it/s]Loading weights:   0%|          | 5/1161 [00:01<03:11,  6.04it/s]Loading weights:   1%|          | 7/1161 [00:01<02:06,  9.15it/s]Loading weights:   1%|▏         | 16/1161 [00:01<00:44, 25.50it/s]Loading weights:   1%|          | 12/1161 [00:01<01:03, 18.08it/s]Loading weights:   0%|          | 5/1161 [00:01<03:26,  5.60it/s]Loading weights:   1%|▏         | 16/1161 [00:01<00:45, 25.20it/s]Loading weights:   1%|▏         | 16/1161 [00:01<00:49, 23.19it/s]Loading weights:   1%|▏         | 16/1161 [00:01<00:45, 25.31it/s]Loading weights:   1%|          | 10/1161 [00:01<01:32, 12.46it/s]Loading weights:   1%|          | 10/1161 [00:01<01:32, 12.50it/s]Loading weights:   2%|▏         | 28/1161 [00:01<00:27, 41.26it/s]Loading weights:   1%|▏         | 17/1161 [00:01<00:51, 22.10it/s]Loading weights:   1%|▏         | 16/1161 [00:01<00:56, 20.43it/s]Loading weights:   1%|▏         | 16/1161 [00:01<00:55, 20.48it/s]Loading weights:   1%|▏         | 16/1161 [00:01<01:00, 18.88it/s]Loading weights:   2%|▏         | 20/1161 [00:01<00:44, 25.49it/s]Loading weights:   2%|▏         | 20/1161 [00:01<00:45, 25.29it/s]Loading weights:   2%|▏         | 20/1161 [00:01<00:49, 22.84it/s]Loading weights:   2%|▏         | 22/1161 [00:01<00:41, 27.46it/s]Loading weights:   3%|▎         | 34/1161 [00:01<00:26, 42.05it/s]Loading weights:   2%|▏         | 20/1161 [00:01<00:53, 21.28it/s]Loading weights:   2%|▏         | 29/1161 [00:01<00:31, 35.68it/s]Loading weights:   2%|▏         | 28/1161 [00:01<00:32, 35.00it/s]Loading weights:   2%|▏         | 28/1161 [00:01<00:33, 33.97it/s]Loading weights:   2%|▏         | 28/1161 [00:01<00:35, 32.19it/s]Loading weights:   2%|▏         | 20/1161 [00:01<00:54, 20.96it/s]Loading weights:   2%|▏         | 28/1161 [00:01<00:37, 29.91it/s]Loading weights:   4%|▎         | 41/1161 [00:01<00:26, 42.32it/s]Loading weights:   2%|▏         | 28/1161 [00:01<00:34, 32.39it/s]Loading weights:   3%|▎         | 40/1161 [00:01<00:24, 46.44it/s]Loading weights:   2%|▏         | 28/1161 [00:01<00:38, 29.40it/s]Loading weights:   3%|▎         | 33/1161 [00:01<00:35, 31.82it/s]Loading weights:   3%|▎         | 33/1161 [00:01<00:36, 31.06it/s]Loading weights:   3%|▎         | 33/1161 [00:01<00:37, 30.17it/s]Loading weights:   4%|▍         | 52/1161 [00:01<00:22, 49.77it/s]Loading weights:   3%|▎         | 40/1161 [00:01<00:30, 37.30it/s]Loading weights:   3%|▎         | 33/1161 [00:01<00:34, 32.83it/s]Loading weights:   4%|▍         | 45/1161 [00:01<00:26, 41.93it/s]Loading weights:   3%|▎         | 40/1161 [00:01<00:29, 37.70it/s]Loading weights:   4%|▍         | 48/1161 [00:01<00:25, 44.23it/s]Loading weights:   3%|▎         | 40/1161 [00:01<00:35, 31.77it/s]Loading weights:   5%|▍         | 58/1161 [00:01<00:24, 44.37it/s]Loading weights:   3%|▎         | 40/1161 [00:01<00:32, 34.64it/s]Loading weights:   3%|▎         | 40/1161 [00:01<00:38, 29.45it/s]Loading weights:   5%|▍         | 53/1161 [00:01<00:24, 45.12it/s]Loading weights:   3%|▎         | 40/1161 [00:01<00:33, 33.50it/s]Loading weights:   4%|▍         | 45/1161 [00:01<00:31, 35.52it/s]Loading weights:   4%|▍         | 47/1161 [00:01<00:29, 37.96it/s]Loading weights:   6%|▌         | 65/1161 [00:01<00:23, 46.15it/s]Loading weights:   5%|▍         | 54/1161 [00:01<00:27, 39.87it/s]Loading weights:   4%|▍         | 52/1161 [00:02<00:24, 45.23it/s]Loading weights:   4%|▍         | 52/1161 [00:02<00:24, 45.72it/s]Loading weights:   6%|▌         | 64/1161 [00:02<00:21, 52.09it/s]Loading weights:   4%|▍         | 52/1161 [00:02<00:25, 43.49it/s]Loading weights:   5%|▍         | 53/1161 [00:02<00:29, 38.20it/s]Loading weights:   4%|▍         | 52/1161 [00:02<00:30, 36.14it/s]Loading weights:   6%|▌         | 65/1161 [00:02<00:22, 48.07it/s]Loading weights:   5%|▍         | 58/1161 [00:02<00:26, 42.39it/s]Loading weights:   5%|▍         | 57/1161 [00:02<00:25, 42.78it/s]Loading weights:   5%|▍         | 58/1161 [00:02<00:26, 41.09it/s]Loading weights:   7%|▋         | 76/1161 [00:02<00:22, 47.53it/s]Loading weights:   6%|▌         | 70/1161 [00:02<00:22, 49.02it/s]Loading weights:   6%|▌         | 64/1161 [00:02<00:20, 52.87it/s]Loading weights:   5%|▍         | 58/1161 [00:02<00:28, 39.15it/s]Loading weights:   6%|▋         | 75/1161 [00:02<00:20, 53.09it/s]Loading weights:   6%|▌         | 64/1161 [00:02<00:23, 47.28it/s]Loading weights:   6%|▌         | 65/1161 [00:02<00:25, 42.66it/s]Loading weights:   7%|▋         | 77/1161 [00:02<00:21, 49.86it/s]Loading weights:   6%|▌         | 64/1161 [00:02<00:28, 38.69it/s]Loading weights:   6%|▌         | 64/1161 [00:02<00:28, 38.63it/s]Loading weights:   6%|▌         | 70/1161 [00:02<00:23, 46.95it/s]Loading weights:   7%|▋         | 81/1161 [00:02<00:20, 53.20it/s]Loading weights:   6%|▋         | 74/1161 [00:02<00:20, 52.35it/s]Loading weights:   8%|▊         | 88/1161 [00:02<00:21, 48.92it/s]Loading weights:   6%|▌         | 70/1161 [00:02<00:24, 44.82it/s]Loading weights:   6%|▌         | 72/1161 [00:02<00:23, 46.42it/s]Loading weights:   6%|▌         | 71/1161 [00:02<00:24, 44.36it/s]Loading weights:   7%|▋         | 77/1161 [00:02<00:22, 48.73it/s]Loading weights:   8%|▊         | 89/1161 [00:02<00:19, 54.05it/s]Loading weights:   8%|▊         | 94/1161 [00:02<00:21, 49.93it/s]Loading weights:   8%|▊         | 88/1161 [00:02<00:22, 48.08it/s]Loading weights:   7%|▋         | 76/1161 [00:02<00:26, 40.73it/s]Loading weights:   9%|▊         | 100/1161 [00:02<00:21, 49.60it/s]Loading weights:   8%|▊         | 88/1161 [00:02<00:19, 55.60it/s]Loading weights:   9%|▊         | 100/1161 [00:02<00:17, 60.42it/s]Loading weights:   7%|▋         | 81/1161 [00:02<00:25, 41.58it/s]Loading weights:   7%|▋         | 76/1161 [00:02<00:30, 35.55it/s]Loading weights:   9%|▊         | 100/1161 [00:02<00:18, 57.04it/s]Loading weights:   7%|▋         | 78/1161 [00:02<00:29, 37.08it/s]Loading weights:   7%|▋         | 86/1161 [00:02<00:19, 54.23it/s]Loading weights:   8%|▊         | 88/1161 [00:02<00:22, 46.82it/s]Loading weights:   8%|▊         | 94/1161 [00:02<00:20, 52.71it/s]Loading weights:   7%|▋         | 87/1161 [00:02<00:21, 49.14it/s]Loading weights:   9%|▉         | 107/1161 [00:02<00:18, 57.64it/s]Loading weights:  10%|▉         | 112/1161 [00:02<00:18, 57.84it/s]Loading weights:   8%|▊         | 88/1161 [00:02<00:21, 49.02it/s]Loading weights:   9%|▉         | 106/1161 [00:02<00:20, 51.95it/s]Loading weights:   9%|▊         | 101/1161 [00:02<00:20, 52.68it/s]Loading weights:  10%|▉         | 113/1161 [00:02<00:19, 54.02it/s]Loading weights:   8%|▊         | 94/1161 [00:02<00:24, 42.95it/s]Loading weights:   8%|▊         | 92/1161 [00:02<00:25, 42.52it/s]Loading weights:  10%|█         | 118/1161 [00:02<00:19, 53.47it/s]Loading weights:   8%|▊         | 93/1161 [00:02<00:23, 46.31it/s]Loading weights:   8%|▊         | 94/1161 [00:03<00:23, 45.74it/s]Loading weights:  10%|▉         | 113/1161 [00:03<00:19, 53.12it/s]Loading weights:   9%|▊         | 100/1161 [00:03<00:21, 49.41it/s]Loading weights:   9%|▊         | 100/1161 [00:03<00:21, 48.28it/s]Loading weights:  11%|█         | 124/1161 [00:03<00:17, 60.47it/s]Loading weights:  11%|█         | 124/1161 [00:03<00:20, 50.65it/s]Loading weights:   9%|▊         | 101/1161 [00:03<00:23, 44.48it/s]Loading weights:  11%|█         | 124/1161 [00:03<00:17, 60.35it/s]Loading weights:  10%|▉         | 112/1161 [00:03<00:19, 52.82it/s]Loading weights:   9%|▊         | 101/1161 [00:03<00:24, 44.05it/s]Loading weights:   9%|▉         | 106/1161 [00:03<00:22, 46.06it/s]Loading weights:  11%|█▏        | 131/1161 [00:03<00:17, 57.59it/s]Loading weights:   9%|▉         | 106/1161 [00:03<00:23, 44.89it/s]Loading weights:   9%|▉         | 106/1161 [00:03<00:24, 43.40it/s]Loading weights:  11%|█▏        | 131/1161 [00:03<00:17, 58.97it/s]Loading weights:  10%|▉         | 112/1161 [00:03<00:20, 51.27it/s]Loading weights:  11%|█         | 124/1161 [00:03<00:16, 62.26it/s]Loading weights:  12%|█▏        | 136/1161 [00:03<00:19, 53.93it/s]Loading weights:  10%|▉         | 113/1161 [00:03<00:22, 47.22it/s]Loading weights:  12%|█▏        | 137/1161 [00:03<00:18, 55.19it/s]Loading weights:  12%|█▏        | 144/1161 [00:03<00:17, 59.21it/s]Loading weights:  10%|▉         | 111/1161 [00:03<00:25, 40.77it/s]Loading weights:  10%|▉         | 113/1161 [00:03<00:23, 43.81it/s]Loading weights:  10%|█         | 118/1161 [00:03<00:21, 47.59it/s]Loading weights:  12%|█▏        | 137/1161 [00:03<00:21, 47.75it/s]Loading weights:  11%|█▏        | 131/1161 [00:03<00:18, 56.61it/s]Loading weights:  11%|█         | 122/1161 [00:03<00:18, 56.89it/s]Loading weights:  10%|█         | 118/1161 [00:03<00:23, 43.95it/s]Loading weights:  10%|█         | 118/1161 [00:03<00:22, 46.01it/s]Loading weights:  13%|█▎        | 147/1161 [00:03<00:16, 59.66it/s]Loading weights:  12%|█▏        | 137/1161 [00:03<00:18, 55.53it/s]Loading weights:  13%|█▎        | 148/1161 [00:03<00:18, 56.25it/s]Loading weights:  11%|█         | 125/1161 [00:03<00:22, 47.02it/s]Loading weights:  13%|█▎        | 151/1161 [00:03<00:19, 52.16it/s]Loading weights:  11%|█         | 124/1161 [00:03<00:22, 46.86it/s]Loading weights:  13%|█▎        | 153/1161 [00:03<00:17, 57.27it/s]Loading weights:  12%|█▏        | 134/1161 [00:03<00:18, 56.00it/s]Loading weights:  13%|█▎        | 148/1161 [00:03<00:16, 62.46it/s]Loading weights:  11%|█         | 125/1161 [00:03<00:23, 43.49it/s]Loading weights:  11%|█         | 129/1161 [00:03<00:22, 45.25it/s]Loading weights:  14%|█▍        | 160/1161 [00:03<00:15, 64.38it/s]Loading weights:  14%|█▍        | 160/1161 [00:03<00:18, 55.22it/s]Loading weights:  11%|█▏        | 132/1161 [00:03<00:19, 53.36it/s]Loading weights:  14%|█▍        | 160/1161 [00:03<00:18, 54.72it/s]Loading weights:  11%|█▏        | 132/1161 [00:03<00:21, 48.82it/s]Loading weights:  13%|█▎        | 155/1161 [00:03<00:18, 53.22it/s]Loading weights:  15%|█▍        | 170/1161 [00:03<00:17, 57.78it/s]Loading weights:  14%|█▍        | 167/1161 [00:03<00:17, 55.24it/s]Loading weights:  14%|█▍        | 167/1161 [00:03<00:17, 57.68it/s]Loading weights:  12%|█▏        | 137/1161 [00:03<00:23, 42.86it/s]Loading weights:  12%|█▏        | 141/1161 [00:03<00:24, 42.39it/s]Loading weights:  14%|█▍        | 161/1161 [00:04<00:19, 51.58it/s]Loading weights:  13%|█▎        | 148/1161 [00:04<00:18, 55.88it/s]Loading weights:  15%|█▍        | 173/1161 [00:04<00:18, 52.92it/s]Loading weights:  15%|█▍        | 173/1161 [00:04<00:18, 54.88it/s]Loading weights:  12%|█▏        | 138/1161 [00:04<00:26, 38.87it/s]Loading weights:  12%|█▏        | 138/1161 [00:04<00:26, 38.40it/s]Loading weights:  15%|█▌        | 176/1161 [00:04<00:19, 49.91it/s]Loading weights:  16%|█▌        | 182/1161 [00:04<00:16, 60.96it/s]Loading weights:  13%|█▎        | 149/1161 [00:04<00:23, 42.83it/s]Loading weights:  16%|█▌        | 184/1161 [00:04<00:17, 55.91it/s]Loading weights:  13%|█▎        | 148/1161 [00:04<00:20, 49.17it/s]Loading weights:  13%|█▎        | 148/1161 [00:04<00:20, 48.66it/s]Loading weights:  13%|█▎        | 155/1161 [00:04<00:19, 50.59it/s]Loading weights:  16%|█▌        | 184/1161 [00:04<00:16, 60.21it/s]Loading weights:  15%|█▍        | 171/1161 [00:04<00:20, 49.33it/s]Loading weights:  13%|█▎        | 155/1161 [00:04<00:21, 45.95it/s]Loading weights:  16%|█▋        | 190/1161 [00:04<00:18, 52.33it/s]Loading weights:  16%|█▋        | 189/1161 [00:04<00:18, 52.99it/s]Loading weights:  16%|█▋        | 190/1161 [00:04<00:17, 55.82it/s]Loading weights:  14%|█▍        | 161/1161 [00:04<00:20, 47.67it/s]Loading weights:  13%|█▎        | 154/1161 [00:04<00:23, 43.46it/s]Loading weights:  13%|█▎        | 154/1161 [00:04<00:23, 43.17it/s]Loading weights:  17%|█▋        | 197/1161 [00:04<00:18, 52.26it/s]Loading weights:  16%|█▌        | 184/1161 [00:04<00:18, 53.60it/s]Loading weights:  15%|█▍        | 169/1161 [00:04<00:18, 54.32it/s]Loading weights:  14%|█▍        | 161/1161 [00:04<00:25, 39.43it/s]Loading weights:  14%|█▍        | 160/1161 [00:04<00:21, 46.78it/s]Loading weights:  14%|█▍        | 160/1161 [00:04<00:21, 46.53it/s]Loading weights:  17%|█▋        | 197/1161 [00:04<00:17, 53.87it/s]Loading weights:  17%|█▋        | 196/1161 [00:04<00:18, 52.32it/s]Loading weights:  15%|█▍        | 172/1161 [00:04<00:18, 53.08it/s]Loading weights:  17%|█▋        | 196/1161 [00:04<00:15, 60.77it/s]Loading weights:  18%|█▊        | 208/1161 [00:04<00:15, 59.81it/s]Loading weights:  18%|█▊        | 208/1161 [00:04<00:15, 61.17it/s]Loading weights:  14%|█▍        | 166/1161 [00:04<00:23, 41.50it/s]Loading weights:  14%|█▍        | 166/1161 [00:04<00:24, 41.33it/s]Loading weights:  18%|█▊        | 208/1161 [00:04<00:18, 52.34it/s]Loading weights:  15%|█▌        | 176/1161 [00:04<00:23, 41.68it/s]Loading weights:  17%|█▋        | 203/1161 [00:04<00:16, 59.01it/s]Loading weights:  19%|█▊        | 215/1161 [00:04<00:15, 59.66it/s]Loading weights:  15%|█▌        | 179/1161 [00:04<00:19, 49.22it/s]Loading weights:  19%|█▊        | 215/1161 [00:04<00:17, 55.45it/s]Loading weights:  15%|█▍        | 172/1161 [00:04<00:24, 40.40it/s]Loading weights:  15%|█▍        | 172/1161 [00:04<00:24, 40.32it/s]Loading weights:  19%|█▉        | 220/1161 [00:04<00:16, 58.56it/s]Loading weights:  16%|█▌        | 184/1161 [00:04<00:20, 48.20it/s]Loading weights:  18%|█▊        | 209/1161 [00:04<00:16, 57.05it/s]Loading weights:  19%|█▉        | 221/1161 [00:04<00:17, 55.22it/s]Loading weights:  16%|█▌        | 185/1161 [00:04<00:21, 44.59it/s]Loading weights:  15%|█▌        | 177/1161 [00:04<00:25, 37.86it/s]Loading weights:  15%|█▌        | 177/1161 [00:04<00:25, 37.89it/s]Loading weights:  19%|█▉        | 222/1161 [00:04<00:19, 47.02it/s]Loading weights:  19%|█▉        | 219/1161 [00:04<00:14, 63.01it/s]Loading weights:  19%|█▉        | 226/1161 [00:04<00:17, 51.96it/s]Loading weights:  20%|█▉        | 228/1161 [00:05<00:15, 58.52it/s]Loading weights:  17%|█▋        | 192/1161 [00:05<00:19, 49.45it/s]Loading weights:  16%|█▋        | 190/1161 [00:05<00:22, 43.19it/s]Loading weights:  16%|█▌        | 184/1161 [00:05<00:22, 44.25it/s]Loading weights:  16%|█▌        | 184/1161 [00:05<00:22, 44.29it/s]Loading weights:  19%|█▉        | 226/1161 [00:05<00:15, 62.12it/s]Loading weights:  20%|██        | 233/1161 [00:05<00:17, 53.65it/s]Loading weights:  20%|██        | 233/1161 [00:05<00:18, 51.48it/s]Loading weights:  17%|█▋        | 197/1161 [00:05<00:22, 43.71it/s]Loading weights:  20%|██        | 234/1161 [00:05<00:18, 49.17it/s]Loading weights:  16%|█▋        | 189/1161 [00:05<00:23, 40.75it/s]Loading weights:  16%|█▋        | 189/1161 [00:05<00:23, 40.72it/s]Loading weights:  17%|█▋        | 198/1161 [00:05<00:23, 41.31it/s]Loading weights:  21%|██        | 240/1161 [00:05<00:16, 54.22it/s]Loading weights:  21%|██        | 240/1161 [00:05<00:16, 55.78it/s]Loading weights:  20%|██        | 233/1161 [00:05<00:16, 55.00it/s]Loading weights:  17%|█▋        | 202/1161 [00:05<00:22, 42.96it/s]Loading weights:  21%|██        | 244/1161 [00:05<00:16, 55.22it/s]Loading weights:  18%|█▊        | 207/1161 [00:05<00:18, 51.02it/s]Loading weights:  17%|█▋        | 196/1161 [00:05<00:20, 46.96it/s]Loading weights:  17%|█▋        | 196/1161 [00:05<00:23, 40.47it/s]Loading weights:  21%|██        | 244/1161 [00:05<00:14, 61.48it/s]Loading weights:  21%|██        | 246/1161 [00:05<00:19, 46.72it/s]Loading weights:  18%|█▊        | 209/1161 [00:05<00:21, 43.48it/s]Loading weights:  21%|██        | 246/1161 [00:05<00:20, 44.99it/s]Loading weights:  22%|██▏       | 250/1161 [00:05<00:18, 50.28it/s]Loading weights:  18%|█▊        | 213/1161 [00:05<00:19, 48.11it/s]Loading weights:  17%|█▋        | 202/1161 [00:05<00:21, 43.84it/s]Loading weights:  18%|█▊        | 204/1161 [00:05<00:19, 48.84it/s]Loading weights:  22%|██▏       | 251/1161 [00:05<00:15, 57.73it/s]Loading weights:  19%|█▊        | 216/1161 [00:05<00:19, 49.16it/s]Loading weights:  22%|██▏       | 256/1161 [00:05<00:17, 52.88it/s]Loading weights:  18%|█▊        | 208/1161 [00:05<00:20, 47.41it/s]Loading weights:  22%|██▏       | 256/1161 [00:05<00:17, 50.70it/s]Loading weights:  22%|██▏       | 257/1161 [00:05<00:18, 50.04it/s]Loading weights:  19%|█▉        | 220/1161 [00:05<00:20, 45.14it/s]Loading weights:  22%|██▏       | 257/1161 [00:05<00:16, 55.25it/s]Loading weights:  23%|██▎       | 268/1161 [00:05<00:14, 60.61it/s]Loading weights:  23%|██▎       | 268/1161 [00:05<00:14, 59.56it/s]Loading weights:  20%|█▉        | 227/1161 [00:05<00:18, 50.16it/s]Loading weights:  18%|█▊        | 210/1161 [00:05<00:25, 37.57it/s]Loading weights:  23%|██▎       | 268/1161 [00:05<00:15, 57.26it/s]Loading weights:  19%|█▉        | 222/1161 [00:05<00:23, 40.09it/s]Loading weights:  18%|█▊        | 214/1161 [00:05<00:22, 41.41it/s]Loading weights:  23%|██▎       | 268/1161 [00:05<00:14, 61.82it/s]Loading weights:  24%|██▎       | 275/1161 [00:05<00:15, 57.90it/s]Loading weights:  20%|█▉        | 232/1161 [00:05<00:17, 51.88it/s]Loading weights:  19%|█▉        | 220/1161 [00:05<00:19, 47.74it/s]Loading weights:  19%|█▉        | 220/1161 [00:05<00:20, 45.23it/s]Loading weights:  24%|██▎       | 274/1161 [00:05<00:16, 53.80it/s]Loading weights:  24%|██▎       | 275/1161 [00:05<00:15, 56.39it/s]Loading weights:  20%|██        | 233/1161 [00:05<00:19, 47.21it/s]Loading weights:  24%|██▎       | 275/1161 [00:05<00:14, 59.65it/s]Loading weights:  24%|██▍       | 281/1161 [00:05<00:16, 54.50it/s]Loading weights:  21%|██        | 240/1161 [00:06<00:17, 52.42it/s]Loading weights:  24%|██▍       | 281/1161 [00:06<00:16, 54.70it/s]Loading weights:  24%|██▍       | 281/1161 [00:06<00:16, 53.38it/s]Loading weights:  20%|██        | 238/1161 [00:06<00:19, 47.55it/s]Loading weights:  19%|█▉        | 225/1161 [00:06<00:23, 39.86it/s]Loading weights:  19%|█▉        | 226/1161 [00:06<00:21, 42.76it/s]Loading weights:  24%|██▍       | 281/1161 [00:06<00:15, 55.86it/s]Loading weights:  25%|██▌       | 292/1161 [00:06<00:14, 60.65it/s]Loading weights:  20%|█▉        | 232/1161 [00:06<00:20, 46.18it/s]Loading weights:  20%|█▉        | 232/1161 [00:06<00:20, 45.01it/s]Loading weights:  25%|██▌       | 292/1161 [00:06<00:14, 58.90it/s]Loading weights:  21%|██        | 245/1161 [00:06<00:19, 46.30it/s]Loading weights:  25%|██▌       | 292/1161 [00:06<00:13, 62.33it/s]Loading weights:  21%|██        | 246/1161 [00:06<00:21, 42.24it/s]Loading weights:  25%|██▌       | 291/1161 [00:06<00:16, 51.23it/s]Loading weights:  26%|██▌       | 299/1161 [00:06<00:14, 57.65it/s]Loading weights:  22%|██▏       | 252/1161 [00:06<00:17, 51.25it/s]Loading weights:  20%|██        | 237/1161 [00:06<00:22, 41.31it/s]Loading weights:  22%|██▏       | 256/1161 [00:06<00:16, 53.91it/s]Loading weights:  26%|██▌       | 298/1161 [00:06<00:16, 52.80it/s]Loading weights:  20%|██        | 238/1161 [00:06<00:21, 42.01it/s]Loading weights:  26%|██▌       | 299/1161 [00:06<00:14, 57.84it/s]Loading weights:  26%|██▋       | 305/1161 [00:06<00:15, 53.66it/s]Loading weights:  26%|██▌       | 304/1161 [00:06<00:15, 55.12it/s]Loading weights:  26%|██▋       | 305/1161 [00:06<00:15, 53.59it/s]Loading weights:  26%|██▋       | 305/1161 [00:06<00:15, 55.34it/s]Loading weights:  21%|██        | 244/1161 [00:06<00:22, 40.81it/s]Loading weights:  21%|██        | 245/1161 [00:06<00:21, 43.46it/s]Loading weights:  23%|██▎       | 263/1161 [00:06<00:18, 49.23it/s]Loading weights:  22%|██▏       | 258/1161 [00:06<00:21, 41.75it/s]Loading weights:  27%|██▋       | 316/1161 [00:06<00:14, 59.41it/s]Loading weights:  27%|██▋       | 314/1161 [00:06<00:14, 59.22it/s]Loading weights:  23%|██▎       | 265/1161 [00:06<00:18, 47.39it/s]Loading weights:  27%|██▋       | 314/1161 [00:06<00:14, 59.01it/s]Loading weights:  21%|██▏       | 249/1161 [00:06<00:22, 40.15it/s]Loading weights:  22%|██▏       | 250/1161 [00:06<00:22, 40.92it/s]Loading weights:  23%|██▎       | 269/1161 [00:06<00:20, 43.41it/s]Loading weights:  27%|██▋       | 316/1161 [00:06<00:16, 52.01it/s]Loading weights:  22%|██▏       | 256/1161 [00:06<00:19, 46.55it/s]Loading weights:  28%|██▊       | 321/1161 [00:06<00:15, 54.50it/s]Loading weights:  28%|██▊       | 322/1161 [00:06<00:17, 49.06it/s]Loading weights:  22%|██▏       | 257/1161 [00:06<00:22, 41.02it/s]Loading weights:  28%|██▊       | 320/1161 [00:06<00:18, 45.51it/s]Loading weights:  24%|██▍       | 280/1161 [00:06<00:17, 50.95it/s]Loading weights:  23%|██▎       | 271/1161 [00:06<00:23, 37.44it/s]Loading weights:  28%|██▊       | 329/1161 [00:06<00:16, 51.06it/s]Loading weights:  28%|██▊       | 328/1161 [00:06<00:15, 53.71it/s]Loading weights:  22%|██▏       | 261/1161 [00:06<00:22, 39.32it/s]Loading weights:  28%|██▊       | 322/1161 [00:06<00:19, 42.24it/s]Loading weights:  23%|██▎       | 262/1161 [00:06<00:21, 41.83it/s]Loading weights:  29%|██▉       | 334/1161 [00:06<00:15, 54.14it/s]Loading weights:  29%|██▉       | 335/1161 [00:06<00:15, 51.75it/s]Loading weights:  28%|██▊       | 328/1161 [00:06<00:17, 47.75it/s]Loading weights:  23%|██▎       | 268/1161 [00:07<00:19, 44.96it/s]Loading weights:  25%|██▍       | 286/1161 [00:07<00:21, 41.16it/s]Loading weights:  28%|██▊       | 328/1161 [00:07<00:20, 40.54it/s]Loading weights:  23%|██▎       | 269/1161 [00:07<00:21, 41.46it/s]Loading weights:  24%|██▍       | 280/1161 [00:07<00:23, 38.21it/s]Loading weights:  29%|██▉       | 340/1161 [00:07<00:16, 49.43it/s]Loading weights:  29%|██▉       | 334/1161 [00:07<00:18, 44.82it/s]Loading weights:  24%|██▎       | 273/1161 [00:07<00:21, 41.32it/s]Loading weights:  24%|██▍       | 276/1161 [00:07<00:18, 47.64it/s]Loading weights:  29%|██▉       | 341/1161 [00:07<00:19, 43.02it/s]Loading weights:  29%|██▉       | 340/1161 [00:07<00:15, 52.03it/s]Loading weights:  25%|██▌       | 293/1161 [00:07<00:20, 43.12it/s]Loading weights:  25%|██▌       | 291/1161 [00:07<00:19, 45.71it/s]Loading weights:  24%|██▍       | 280/1161 [00:07<00:18, 47.57it/s]Loading weights:  29%|██▉       | 341/1161 [00:07<00:17, 46.52it/s]Loading weights:  30%|███       | 352/1161 [00:07<00:15, 53.79it/s]Loading weights:  30%|███       | 353/1161 [00:07<00:14, 53.90it/s]Loading weights:  30%|██▉       | 346/1161 [00:07<00:16, 48.77it/s]Loading weights:  24%|██▍       | 282/1161 [00:07<00:21, 40.41it/s]Loading weights:  25%|██▌       | 296/1161 [00:07<00:19, 43.58it/s]Loading weights:  25%|██▍       | 286/1161 [00:07<00:19, 45.04it/s]Loading weights:  30%|███       | 351/1161 [00:07<00:15, 51.70it/s]Loading weights:  26%|██▌       | 303/1161 [00:07<00:19, 43.07it/s]Loading weights:  31%|███▏      | 364/1161 [00:07<00:13, 60.17it/s]Loading weights:  25%|██▌       | 292/1161 [00:07<00:16, 53.02it/s]Loading weights:  26%|██▌       | 304/1161 [00:07<00:16, 50.92it/s]Loading weights:  30%|███       | 353/1161 [00:07<00:16, 49.84it/s]Loading weights:  31%|███▏      | 364/1161 [00:07<00:14, 55.74it/s]Loading weights:  27%|██▋       | 312/1161 [00:07<00:16, 51.50it/s]Loading weights:  31%|███       | 357/1161 [00:07<00:15, 52.17it/s]Loading weights:  25%|██▌       | 293/1161 [00:07<00:19, 43.40it/s]Loading weights:  32%|███▏      | 371/1161 [00:07<00:13, 58.11it/s]Loading weights:  26%|██▌       | 299/1161 [00:07<00:16, 50.87it/s]Loading weights:  32%|███▏      | 376/1161 [00:07<00:12, 63.32it/s]Loading weights:  27%|██▋       | 310/1161 [00:07<00:19, 44.54it/s]Loading weights:  31%|███▏      | 365/1161 [00:07<00:14, 54.95it/s]Loading weights:  31%|███▏      | 364/1161 [00:07<00:15, 52.44it/s]Loading weights:  26%|██▌       | 302/1161 [00:07<00:15, 53.75it/s]Loading weights:  32%|███▏      | 377/1161 [00:07<00:14, 55.96it/s]Loading weights:  27%|██▋       | 318/1161 [00:07<00:19, 43.73it/s]Loading weights:  26%|██▋       | 305/1161 [00:07<00:18, 46.82it/s]Loading weights:  33%|███▎      | 383/1161 [00:07<00:13, 59.12it/s]Loading weights:  32%|███▏      | 376/1161 [00:07<00:12, 61.18it/s]Loading weights:  27%|██▋       | 317/1161 [00:07<00:18, 44.45it/s]Loading weights:  32%|███▏      | 376/1161 [00:07<00:13, 59.76it/s]Loading weights:  28%|██▊       | 328/1161 [00:07<00:15, 53.72it/s]Loading weights:  27%|██▋       | 312/1161 [00:07<00:16, 51.57it/s]Loading weights:  27%|██▋       | 308/1161 [00:07<00:19, 43.47it/s]Loading weights:  28%|██▊       | 323/1161 [00:07<00:17, 47.47it/s]Loading weights:  33%|███▎      | 388/1161 [00:07<00:14, 54.70it/s]Loading weights:  34%|███▎      | 389/1161 [00:07<00:13, 55.89it/s]Loading weights:  33%|███▎      | 383/1161 [00:07<00:12, 60.03it/s]Loading weights:  33%|███▎      | 383/1161 [00:07<00:13, 58.54it/s]Loading weights:  27%|██▋       | 316/1161 [00:08<00:16, 51.19it/s]Loading weights:  29%|██▉       | 335/1161 [00:08<00:16, 51.25it/s]Loading weights:  28%|██▊       | 329/1161 [00:08<00:18, 46.05it/s]Loading weights:  34%|███▎      | 389/1161 [00:08<00:13, 55.54it/s]Loading weights:  34%|███▍      | 400/1161 [00:08<00:12, 59.65it/s]Loading weights:  34%|███▍      | 400/1161 [00:08<00:12, 60.10it/s]Loading weights:  27%|██▋       | 318/1161 [00:08<00:19, 42.29it/s]Loading weights:  34%|███▎      | 390/1161 [00:08<00:14, 52.28it/s]Loading weights:  29%|██▉       | 341/1161 [00:08<00:17, 48.20it/s]Loading weights:  29%|██▉       | 334/1161 [00:08<00:18, 44.70it/s]Loading weights:  28%|██▊       | 322/1161 [00:08<00:19, 43.56it/s]Loading weights:  28%|██▊       | 324/1161 [00:08<00:18, 46.02it/s]Loading weights:  34%|███▍      | 400/1161 [00:08<00:12, 59.88it/s]Loading weights:  34%|███▍      | 400/1161 [00:08<00:13, 57.66it/s]Loading weights:  30%|██▉       | 348/1161 [00:08<00:15, 52.11it/s]Loading weights:  35%|███▍      | 406/1161 [00:08<00:16, 47.00it/s]Loading weights:  35%|███▌      | 407/1161 [00:08<00:15, 48.23it/s]Loading weights:  28%|██▊       | 329/1161 [00:08<00:18, 43.92it/s]Loading weights:  29%|██▉       | 341/1161 [00:08<00:18, 44.56it/s]Loading weights:  35%|███▍      | 406/1161 [00:08<00:13, 55.61it/s]Loading weights:  35%|███▍      | 406/1161 [00:08<00:13, 54.74it/s]Loading weights:  28%|██▊       | 330/1161 [00:08<00:21, 38.88it/s]Loading weights:  29%|██▉       | 336/1161 [00:08<00:16, 49.33it/s]Loading weights:  30%|███       | 354/1161 [00:08<00:18, 44.50it/s]Loading weights:  35%|███▌      | 412/1161 [00:08<00:16, 46.31it/s]Loading weights:  36%|███▌      | 413/1161 [00:08<00:15, 48.43it/s]Loading weights:  36%|███▌      | 413/1161 [00:08<00:13, 55.06it/s]Loading weights:  30%|███       | 352/1161 [00:08<00:15, 51.16it/s]Loading weights:  36%|███▌      | 413/1161 [00:08<00:15, 49.37it/s]Loading weights:  29%|██▉       | 341/1161 [00:08<00:17, 47.25it/s]Loading weights:  31%|███▏      | 365/1161 [00:08<00:14, 53.67it/s]Loading weights:  37%|███▋      | 424/1161 [00:08<00:13, 54.28it/s]Loading weights:  37%|███▋      | 424/1161 [00:08<00:11, 62.57it/s]Loading weights:  31%|███       | 358/1161 [00:08<00:16, 49.46it/s]Loading weights:  29%|██▉       | 342/1161 [00:08<00:19, 40.95it/s]Loading weights:  36%|███▋      | 423/1161 [00:08<00:15, 48.53it/s]Loading weights:  32%|███▏      | 374/1161 [00:08<00:12, 61.08it/s]Loading weights:  30%|███       | 352/1161 [00:08<00:14, 54.54it/s]Loading weights:  37%|███▋      | 430/1161 [00:08<00:13, 53.27it/s]Loading weights:  30%|███       | 352/1161 [00:08<00:15, 53.06it/s]Loading weights:  37%|███▋      | 425/1161 [00:08<00:13, 52.89it/s]Loading weights:  37%|███▋      | 431/1161 [00:08<00:11, 61.52it/s]Loading weights:  31%|███▏      | 364/1161 [00:08<00:16, 48.72it/s]Loading weights:  38%|███▊      | 436/1161 [00:08<00:12, 59.23it/s]Loading weights:  31%|███       | 358/1161 [00:08<00:15, 52.59it/s]Loading weights:  38%|███▊      | 437/1161 [00:08<00:13, 52.51it/s]Loading weights:  31%|███       | 359/1161 [00:08<00:14, 53.61it/s]Loading weights:  33%|███▎      | 381/1161 [00:08<00:15, 51.92it/s]Loading weights:  38%|███▊      | 437/1161 [00:08<00:11, 61.91it/s]Loading weights:  32%|███▏      | 376/1161 [00:08<00:13, 56.93it/s]Loading weights:  38%|███▊      | 438/1161 [00:08<00:13, 52.83it/s]Loading weights:  38%|███▊      | 443/1161 [00:09<00:14, 50.59it/s]Loading weights:  38%|███▊      | 443/1161 [00:09<00:14, 49.78it/s]Loading weights:  38%|███▊      | 444/1161 [00:09<00:12, 59.69it/s]Loading weights:  31%|███▏      | 365/1161 [00:09<00:16, 46.95it/s]Loading weights:  31%|███▏      | 365/1161 [00:09<00:16, 47.93it/s]Loading weights:  33%|███▎      | 388/1161 [00:09<00:16, 48.29it/s]Loading weights:  39%|███▊      | 448/1161 [00:09<00:12, 56.76it/s]Loading weights:  33%|███▎      | 382/1161 [00:09<00:15, 49.00it/s]Loading weights:  39%|███▊      | 449/1161 [00:09<00:14, 49.95it/s]Loading weights:  32%|███▏      | 372/1161 [00:09<00:15, 51.33it/s]Loading weights:  32%|███▏      | 372/1161 [00:09<00:15, 52.43it/s]Loading weights:  39%|███▊      | 449/1161 [00:09<00:15, 47.35it/s]Loading weights:  34%|███▍      | 400/1161 [00:09<00:13, 56.99it/s]Loading weights:  39%|███▉      | 451/1161 [00:09<00:14, 49.53it/s]Loading weights:  33%|███▎      | 388/1161 [00:09<00:16, 46.96it/s]Loading weights:  39%|███▉      | 454/1161 [00:09<00:14, 49.95it/s]Loading weights:  40%|███▉      | 460/1161 [00:09<00:13, 52.93it/s]Loading weights:  40%|███▉      | 459/1161 [00:09<00:14, 49.74it/s]Loading weights:  33%|███▎      | 378/1161 [00:09<00:17, 44.60it/s]Loading weights:  33%|███▎      | 378/1161 [00:09<00:17, 44.92it/s]Loading weights:  35%|███▍      | 406/1161 [00:09<00:14, 52.87it/s]Loading weights:  40%|███▉      | 460/1161 [00:09<00:13, 52.02it/s]Loading weights:  40%|███▉      | 461/1161 [00:09<00:12, 53.86it/s]Loading weights:  33%|███▎      | 388/1161 [00:09<00:13, 55.66it/s]Loading weights:  33%|███▎      | 388/1161 [00:09<00:13, 56.37it/s]Loading weights:  41%|████      | 472/1161 [00:09<00:10, 62.65it/s]Loading weights:  40%|████      | 466/1161 [00:09<00:13, 50.50it/s]Loading weights:  34%|███▍      | 400/1161 [00:09<00:15, 50.05it/s]Loading weights:  36%|███▌      | 413/1161 [00:09<00:14, 53.36it/s]Loading weights:  41%|████      | 472/1161 [00:09<00:10, 63.82it/s]Loading weights:  41%|████      | 472/1161 [00:09<00:11, 59.24it/s]Loading weights:  41%|████▏     | 479/1161 [00:09<00:11, 61.29it/s]Loading weights:  41%|████      | 473/1161 [00:09<00:13, 50.54it/s]Loading weights:  34%|███▍      | 395/1161 [00:09<00:14, 51.55it/s]Loading weights:  34%|███▍      | 395/1161 [00:09<00:14, 51.18it/s]Loading weights:  41%|████▏     | 479/1161 [00:09<00:10, 62.47it/s]Loading weights:  35%|███▌      | 412/1161 [00:09<00:13, 56.77it/s]Loading weights:  37%|███▋      | 424/1161 [00:09<00:12, 58.30it/s]Loading weights:  41%|████▏     | 479/1161 [00:09<00:12, 54.21it/s]Loading weights:  42%|████▏     | 482/1161 [00:09<00:11, 59.04it/s]Loading weights:  35%|███▍      | 401/1161 [00:09<00:16, 47.42it/s]Loading weights:  35%|███▍      | 401/1161 [00:09<00:15, 47.55it/s]Loading weights:  37%|███▋      | 430/1161 [00:09<00:13, 55.28it/s]Loading weights:  42%|████▏     | 486/1161 [00:09<00:12, 52.63it/s]Loading weights:  36%|███▌      | 418/1161 [00:09<00:13, 53.55it/s]Loading weights:  42%|████▏     | 486/1161 [00:09<00:12, 53.70it/s]Loading weights:  42%|████▏     | 485/1161 [00:09<00:13, 51.63it/s]Loading weights:  35%|███▌      | 408/1161 [00:09<00:14, 51.61it/s]Loading weights:  35%|███▌      | 408/1161 [00:09<00:14, 51.79it/s]Loading weights:  43%|████▎     | 497/1161 [00:09<00:10, 60.75it/s]Loading weights:  37%|███▋      | 425/1161 [00:09<00:13, 53.27it/s]Loading weights:  42%|████▏     | 489/1161 [00:09<00:13, 49.76it/s]Loading weights:  38%|███▊      | 437/1161 [00:09<00:13, 53.14it/s]Loading weights:  43%|████▎     | 497/1161 [00:09<00:10, 62.53it/s]Loading weights:  43%|████▎     | 496/1161 [00:10<00:11, 58.27it/s]Loading weights:  38%|███▊      | 446/1161 [00:10<00:11, 61.51it/s]Loading weights:  43%|████▎     | 496/1161 [00:10<00:13, 50.13it/s]Loading weights:  38%|███▊      | 436/1161 [00:10<00:12, 60.37it/s]Loading weights:  44%|████▎     | 507/1161 [00:10<00:10, 63.25it/s]Loading weights:  36%|███▌      | 414/1161 [00:10<00:17, 43.65it/s]Loading weights:  36%|███▌      | 414/1161 [00:10<00:17, 42.49it/s]Loading weights:  44%|████▍     | 508/1161 [00:10<00:10, 60.95it/s]Loading weights:  43%|████▎     | 502/1161 [00:10<00:11, 55.10it/s]Loading weights:  44%|████▍     | 514/1161 [00:10<00:10, 62.03it/s]Loading weights:  37%|███▋      | 424/1161 [00:10<00:13, 54.13it/s]Loading weights:  39%|███▉      | 453/1161 [00:10<00:13, 52.22it/s]Loading weights:  44%|████▍     | 508/1161 [00:10<00:11, 58.28it/s]Loading weights:  38%|███▊      | 443/1161 [00:10<00:12, 55.35it/s]Loading weights:  37%|███▋      | 425/1161 [00:10<00:15, 47.11it/s]Loading weights:  45%|████▍     | 521/1161 [00:10<00:10, 60.55it/s]Loading weights:  45%|████▍     | 520/1161 [00:10<00:10, 61.45it/s]Loading weights:  40%|███▉      | 460/1161 [00:10<00:12, 55.13it/s]Loading weights:  44%|████▍     | 509/1161 [00:10<00:13, 48.02it/s]Loading weights:  39%|███▊      | 449/1161 [00:10<00:12, 54.98it/s]Loading weights:  37%|███▋      | 431/1161 [00:10<00:13, 53.59it/s]Loading weights:  44%|████▍     | 515/1161 [00:10<00:11, 58.00it/s]Loading weights:  39%|███▉      | 458/1161 [00:10<00:11, 63.05it/s]Loading weights:  40%|████      | 466/1161 [00:10<00:13, 53.25it/s]Loading weights:  38%|███▊      | 437/1161 [00:10<00:13, 54.78it/s]Loading weights:  46%|████▌     | 532/1161 [00:10<00:09, 64.96it/s]Loading weights:  46%|████▌     | 532/1161 [00:10<00:09, 67.71it/s]Loading weights:  45%|████▍     | 521/1161 [00:10<00:11, 55.96it/s]Loading weights:  45%|████▍     | 521/1161 [00:10<00:10, 58.33it/s]Loading weights:  38%|███▊      | 437/1161 [00:10<00:14, 50.82it/s]Loading weights:  41%|████      | 472/1161 [00:10<00:13, 50.60it/s]Loading weights:  39%|███▊      | 447/1161 [00:10<00:12, 58.88it/s]Loading weights:  46%|████▌     | 532/1161 [00:10<00:10, 62.76it/s]Loading weights:  46%|████▋     | 539/1161 [00:10<00:10, 61.27it/s]Loading weights:  40%|████      | 465/1161 [00:10<00:12, 53.84it/s]Loading weights:  46%|████▋     | 539/1161 [00:10<00:10, 56.78it/s]Loading weights:  39%|███▊      | 448/1161 [00:10<00:13, 51.20it/s]Loading weights:  41%|████▏     | 480/1161 [00:10<00:11, 57.39it/s]Loading weights:  46%|████▌     | 532/1161 [00:10<00:12, 51.89it/s]Loading weights:  46%|████▋     | 539/1161 [00:10<00:10, 57.89it/s]Loading weights:  41%|████      | 473/1161 [00:10<00:12, 55.40it/s]Loading weights:  39%|███▉      | 454/1161 [00:10<00:12, 54.45it/s]Loading weights:  47%|████▋     | 545/1161 [00:10<00:11, 53.52it/s]Loading weights:  47%|████▋     | 546/1161 [00:10<00:11, 51.49it/s]Loading weights:  40%|███▉      | 459/1161 [00:10<00:12, 55.67it/s]Loading weights:  47%|████▋     | 545/1161 [00:10<00:10, 58.25it/s]Loading weights:  42%|████▏     | 482/1161 [00:10<00:10, 63.38it/s]Loading weights:  47%|████▋     | 544/1161 [00:10<00:10, 61.15it/s]Loading weights:  40%|███▉      | 460/1161 [00:10<00:13, 53.07it/s]Loading weights:  42%|████▏     | 486/1161 [00:10<00:14, 45.67it/s]Loading weights:  48%|████▊     | 556/1161 [00:10<00:10, 59.24it/s]Loading weights:  40%|████      | 465/1161 [00:10<00:12, 55.83it/s]Loading weights:  40%|████      | 468/1161 [00:10<00:11, 58.72it/s]Loading weights:  48%|████▊     | 556/1161 [00:10<00:09, 66.04it/s]Loading weights:  48%|████▊     | 557/1161 [00:10<00:10, 55.86it/s]Loading weights:  48%|████▊     | 556/1161 [00:11<00:08, 68.80it/s]Loading weights:  43%|████▎     | 496/1161 [00:11<00:12, 51.61it/s]Loading weights:  42%|████▏     | 489/1161 [00:11<00:13, 51.26it/s]Loading weights:  48%|████▊     | 562/1161 [00:11<00:11, 52.00it/s]Loading weights:  48%|████▊     | 563/1161 [00:11<00:10, 56.41it/s]Loading weights:  48%|████▊     | 563/1161 [00:11<00:09, 63.25it/s]Loading weights:  41%|████      | 473/1161 [00:11<00:12, 54.48it/s]Loading weights:  49%|████▊     | 564/1161 [00:11<00:08, 66.78it/s]Loading weights:  41%|████      | 475/1161 [00:11<00:14, 48.74it/s]Loading weights:  44%|████▍     | 508/1161 [00:11<00:11, 58.45it/s]Loading weights:  43%|████▎     | 495/1161 [00:11<00:13, 47.61it/s]Loading weights:  49%|████▉     | 569/1161 [00:11<00:11, 53.77it/s]Loading weights:  49%|████▉     | 569/1161 [00:11<00:11, 51.52it/s]Loading weights:  41%|████▏     | 479/1161 [00:11<00:12, 54.91it/s]Loading weights:  49%|████▉     | 570/1161 [00:11<00:11, 53.39it/s]Loading weights:  49%|████▉     | 571/1161 [00:11<00:10, 58.05it/s]Loading weights:  50%|████▉     | 576/1161 [00:11<00:10, 56.51it/s]Loading weights:  50%|████▉     | 576/1161 [00:11<00:10, 54.73it/s]Loading weights:  42%|████▏     | 485/1161 [00:11<00:13, 50.91it/s]Loading weights:  44%|████▍     | 515/1161 [00:11<00:11, 54.98it/s]Loading weights:  44%|████▍     | 508/1161 [00:11<00:11, 58.84it/s]Loading weights:  42%|████▏     | 484/1161 [00:11<00:14, 48.20it/s]Loading weights:  50%|████▉     | 580/1161 [00:11<00:09, 64.11it/s]Loading weights:  50%|████▉     | 580/1161 [00:11<00:09, 63.15it/s]Loading weights:  42%|████▏     | 492/1161 [00:11<00:12, 55.39it/s]Loading weights:  45%|████▍     | 521/1161 [00:11<00:11, 53.36it/s]Loading weights:  50%|█████     | 582/1161 [00:11<00:11, 48.77it/s]Loading weights:  42%|████▏     | 490/1161 [00:11<00:13, 49.58it/s]Loading weights:  50%|█████     | 582/1161 [00:11<00:11, 49.21it/s]Loading weights:  44%|████▍     | 515/1161 [00:11<00:11, 57.60it/s]Loading weights:  51%|█████     | 587/1161 [00:11<00:09, 57.70it/s]Loading weights:  51%|█████     | 587/1161 [00:11<00:10, 57.03it/s]Loading weights:  45%|████▌     | 527/1161 [00:11<00:11, 54.36it/s]Loading weights:  43%|████▎     | 496/1161 [00:11<00:13, 50.30it/s]Loading weights:  51%|█████     | 593/1161 [00:11<00:09, 56.97it/s]Loading weights:  51%|█████     | 593/1161 [00:11<00:09, 57.73it/s]Loading weights:  43%|████▎     | 498/1161 [00:11<00:15, 44.15it/s]Loading weights:  46%|████▌     | 533/1161 [00:11<00:11, 53.71it/s]Loading weights:  44%|████▎     | 506/1161 [00:11<00:10, 61.79it/s]Loading weights:  45%|████▍     | 521/1161 [00:11<00:14, 45.53it/s]Loading weights:  51%|█████     | 594/1161 [00:11<00:11, 50.67it/s]Loading weights:  51%|█████     | 594/1161 [00:11<00:11, 50.89it/s]Loading weights:  52%|█████▏    | 604/1161 [00:11<00:09, 59.74it/s]Loading weights:  52%|█████▏    | 604/1161 [00:11<00:09, 60.51it/s]Loading weights:  47%|████▋     | 542/1161 [00:11<00:09, 62.33it/s]Loading weights:  46%|████▌     | 533/1161 [00:11<00:11, 55.72it/s]Loading weights:  52%|█████▏    | 605/1161 [00:11<00:09, 58.96it/s]Loading weights:  44%|████▍     | 508/1161 [00:11<00:14, 45.03it/s]Loading weights:  44%|████▍     | 513/1161 [00:11<00:12, 52.75it/s]Loading weights:  53%|█████▎    | 611/1161 [00:11<00:09, 57.76it/s]Loading weights:  53%|█████▎    | 611/1161 [00:11<00:09, 57.88it/s]Loading weights:  52%|█████▏    | 605/1161 [00:11<00:10, 52.74it/s]Loading weights:  45%|████▍     | 520/1161 [00:12<00:11, 56.01it/s]Loading weights:  45%|████▍     | 520/1161 [00:11<00:10, 59.32it/s]Loading weights:  47%|████▋     | 549/1161 [00:12<00:11, 52.29it/s]Loading weights:  47%|████▋     | 544/1161 [00:12<00:09, 61.73it/s]Loading weights:  53%|█████▎    | 617/1161 [00:12<00:09, 56.21it/s]Loading weights:  53%|█████▎    | 617/1161 [00:12<00:09, 56.44it/s]Loading weights:  53%|█████▎    | 616/1161 [00:12<00:09, 59.06it/s]Loading weights:  53%|█████▎    | 617/1161 [00:12<00:08, 63.12it/s]Loading weights:  48%|████▊     | 557/1161 [00:12<00:11, 54.20it/s]Loading weights:  45%|████▌     | 527/1161 [00:12<00:11, 52.94it/s]Loading weights:  47%|████▋     | 551/1161 [00:12<00:10, 57.62it/s]Loading weights:  45%|████▌     | 527/1161 [00:12<00:11, 54.20it/s]Loading weights:  54%|█████▍    | 627/1161 [00:12<00:08, 62.35it/s]Loading weights:  54%|█████▍    | 628/1161 [00:12<00:08, 60.60it/s]Loading weights:  54%|█████▍    | 628/1161 [00:12<00:08, 60.12it/s]Loading weights:  48%|████▊     | 557/1161 [00:12<00:10, 55.11it/s]Loading weights:  49%|████▉     | 567/1161 [00:12<00:10, 58.74it/s]Loading weights:  54%|█████▍    | 627/1161 [00:12<00:09, 54.40it/s]Loading weights:  55%|█████▍    | 634/1161 [00:12<00:09, 57.23it/s]Loading weights:  46%|████▌     | 534/1161 [00:12<00:12, 48.73it/s]Loading weights:  46%|████▌     | 533/1161 [00:12<00:14, 44.44it/s]Loading weights:  55%|█████▍    | 634/1161 [00:12<00:09, 58.37it/s]Loading weights:  55%|█████▍    | 635/1161 [00:12<00:09, 56.84it/s]Loading weights:  49%|████▉     | 568/1161 [00:12<00:09, 62.17it/s]Loading weights:  49%|████▉     | 574/1161 [00:12<00:10, 54.58it/s]Loading weights:  55%|█████▌    | 641/1161 [00:12<00:08, 64.49it/s]Loading weights:  55%|█████▌    | 641/1161 [00:12<00:09, 56.87it/s]Loading weights:  47%|████▋     | 545/1161 [00:12<00:11, 55.39it/s]Loading weights:  55%|█████▌    | 641/1161 [00:12<00:09, 54.74it/s]Loading weights:  55%|█████▌    | 641/1161 [00:12<00:10, 51.48it/s]Loading weights:  56%|█████▌    | 650/1161 [00:12<00:07, 69.16it/s]Loading weights:  56%|█████▌    | 650/1161 [00:12<00:07, 64.81it/s]Loading weights:  47%|████▋     | 544/1161 [00:12<00:12, 47.71it/s]Loading weights:  50%|████▉     | 575/1161 [00:12<00:10, 57.41it/s]Loading weights:  48%|████▊     | 556/1161 [00:12<00:09, 62.31it/s]Loading weights:  50%|█████     | 581/1161 [00:12<00:12, 46.22it/s]Loading weights:  56%|█████▌    | 651/1161 [00:12<00:09, 55.56it/s]Loading weights:  56%|█████▌    | 652/1161 [00:12<00:09, 54.77it/s]Loading weights:  50%|█████     | 581/1161 [00:12<00:11, 52.08it/s]Loading weights:  57%|█████▋    | 657/1161 [00:12<00:09, 55.10it/s]Loading weights:  57%|█████▋    | 658/1161 [00:12<00:08, 59.73it/s]Loading weights:  57%|█████▋    | 657/1161 [00:12<00:09, 55.99it/s]Loading weights:  48%|████▊     | 557/1161 [00:12<00:11, 52.45it/s]Loading weights:  48%|████▊     | 563/1161 [00:12<00:10, 56.26it/s]Loading weights:  57%|█████▋    | 665/1161 [00:12<00:08, 59.35it/s]Loading weights:  57%|█████▋    | 665/1161 [00:12<00:08, 56.40it/s]Loading weights:  51%|█████     | 592/1161 [00:12<00:12, 45.94it/s]Loading weights:  51%|█████     | 591/1161 [00:12<00:10, 54.07it/s]Loading weights:  57%|█████▋    | 664/1161 [00:12<00:08, 58.16it/s]Loading weights:  57%|█████▋    | 665/1161 [00:12<00:08, 57.67it/s]Loading weights:  49%|████▉     | 568/1161 [00:12<00:10, 58.64it/s]Loading weights:  49%|████▉     | 569/1161 [00:12<00:10, 53.92it/s]Loading weights:  58%|█████▊    | 674/1161 [00:12<00:07, 66.04it/s]Loading weights:  52%|█████▏    | 603/1161 [00:12<00:09, 57.15it/s]Loading weights:  50%|████▉     | 579/1161 [00:13<00:08, 68.71it/s]Loading weights:  58%|█████▊    | 675/1161 [00:13<00:07, 64.02it/s]Loading weights:  51%|█████▏    | 597/1161 [00:13<00:11, 51.18it/s]Loading weights:  58%|█████▊    | 676/1161 [00:13<00:07, 64.43it/s]Loading weights:  58%|█████▊    | 676/1161 [00:13<00:08, 59.46it/s]Loading weights:  50%|████▉     | 579/1161 [00:13<00:10, 55.96it/s]Loading weights:  53%|█████▎    | 610/1161 [00:13<00:10, 54.71it/s]Loading weights:  59%|█████▊    | 682/1161 [00:13<00:07, 60.75it/s]Loading weights:  52%|█████▏    | 605/1161 [00:13<00:10, 51.65it/s]Loading weights:  59%|█████▊    | 682/1161 [00:13<00:08, 53.23it/s]Loading weights:  59%|█████▉    | 683/1161 [00:13<00:08, 57.51it/s]Loading weights:  50%|█████     | 585/1161 [00:13<00:10, 53.29it/s]Loading weights:  59%|█████▉    | 683/1161 [00:13<00:08, 53.55it/s]Loading weights:  51%|█████     | 587/1161 [00:13<00:10, 56.82it/s]Loading weights:  53%|█████▎    | 617/1161 [00:13<00:09, 55.06it/s]Loading weights:  59%|█████▉    | 689/1161 [00:13<00:07, 60.35it/s]Loading weights:  53%|█████▎    | 615/1161 [00:13<00:09, 57.61it/s]Loading weights:  59%|█████▉    | 689/1161 [00:13<00:08, 52.46it/s]Loading weights:  59%|█████▉    | 689/1161 [00:13<00:08, 52.53it/s]Loading weights:  54%|█████▍    | 626/1161 [00:13<00:08, 62.75it/s]Loading weights:  60%|██████    | 698/1161 [00:13<00:06, 67.58it/s]Loading weights:  59%|█████▉    | 690/1161 [00:13<00:08, 52.59it/s]Loading weights:  51%|█████     | 594/1161 [00:13<00:11, 48.05it/s]Loading weights:  53%|█████▎    | 621/1161 [00:13<00:10, 53.33it/s]Loading weights:  51%|█████     | 593/1161 [00:13<00:12, 44.41it/s]Loading weights:  60%|██████    | 700/1161 [00:13<00:07, 59.76it/s]Loading weights:  60%|██████    | 700/1161 [00:13<00:07, 59.32it/s]Loading weights:  60%|██████    | 701/1161 [00:13<00:07, 59.84it/s]Loading weights:  55%|█████▍    | 633/1161 [00:13<00:09, 54.01it/s]Loading weights:  52%|█████▏    | 604/1161 [00:13<00:09, 56.71it/s]Loading weights:  61%|██████    | 705/1161 [00:13<00:08, 55.80it/s]Loading weights:  54%|█████▍    | 629/1161 [00:13<00:09, 54.01it/s]Loading weights:  61%|██████    | 707/1161 [00:13<00:07, 57.63it/s]Loading weights:  61%|██████    | 707/1161 [00:13<00:07, 56.93it/s]Loading weights:  52%|█████▏    | 604/1161 [00:13<00:11, 50.45it/s]Loading weights:  61%|██████▏   | 712/1161 [00:13<00:06, 65.11it/s]Loading weights:  55%|█████▍    | 638/1161 [00:13<00:08, 62.24it/s]Loading weights:  55%|█████▌    | 641/1161 [00:13<00:09, 52.81it/s]Loading weights:  53%|█████▎    | 611/1161 [00:13<00:10, 53.90it/s]Loading weights:  61%|██████▏   | 713/1161 [00:13<00:08, 54.63it/s]Loading weights:  53%|█████▎    | 613/1161 [00:13<00:09, 58.18it/s]Loading weights:  61%|██████▏   | 713/1161 [00:13<00:08, 52.24it/s]Loading weights:  61%|██████▏   | 714/1161 [00:13<00:08, 51.96it/s]Loading weights:  62%|██████▏   | 719/1161 [00:13<00:07, 60.48it/s]Loading weights:  56%|█████▌    | 648/1161 [00:13<00:09, 56.12it/s]Loading weights:  62%|██████▏   | 723/1161 [00:13<00:06, 64.96it/s]Loading weights:  53%|█████▎    | 617/1161 [00:13<00:10, 50.49it/s]Loading weights:  62%|██████▏   | 724/1161 [00:13<00:07, 61.61it/s]Loading weights:  62%|██████▏   | 724/1161 [00:13<00:07, 58.89it/s]Loading weights:  56%|█████▌    | 645/1161 [00:13<00:10, 50.26it/s]Loading weights:  53%|█████▎    | 620/1161 [00:13<00:10, 50.84it/s]Loading weights:  54%|█████▎    | 624/1161 [00:13<00:09, 54.03it/s]Loading weights:  56%|█████▋    | 654/1161 [00:13<00:10, 48.24it/s]Loading weights:  56%|█████▌    | 652/1161 [00:14<00:09, 51.92it/s]Loading weights:  63%|██████▎   | 726/1161 [00:14<00:09, 47.88it/s]Loading weights:  63%|██████▎   | 730/1161 [00:14<00:08, 53.75it/s]Loading weights:  63%|██████▎   | 730/1161 [00:14<00:08, 49.31it/s]Loading weights:  63%|██████▎   | 731/1161 [00:14<00:07, 55.33it/s]Loading weights:  54%|█████▍    | 629/1161 [00:14<00:09, 54.75it/s]Loading weights:  57%|█████▋    | 663/1161 [00:14<00:09, 51.24it/s]Loading weights:  63%|██████▎   | 736/1161 [00:14<00:07, 57.63it/s]Loading weights:  54%|█████▍    | 630/1161 [00:14<00:11, 45.00it/s]Loading weights:  57%|█████▋    | 658/1161 [00:14<00:09, 50.44it/s]Loading weights:  63%|██████▎   | 737/1161 [00:14<00:08, 51.27it/s]Loading weights:  63%|██████▎   | 737/1161 [00:14<00:08, 49.08it/s]Loading weights:  63%|██████▎   | 737/1161 [00:14<00:08, 52.15it/s]Loading weights:  55%|█████▌    | 640/1161 [00:14<00:08, 59.41it/s]Loading weights:  58%|█████▊    | 672/1161 [00:14<00:08, 58.43it/s]Loading weights:  55%|█████▌    | 640/1161 [00:14<00:09, 55.24it/s]Loading weights:  57%|█████▋    | 664/1161 [00:14<00:10, 49.66it/s]Loading weights:  64%|██████▍   | 743/1161 [00:14<00:07, 54.00it/s]Loading weights:  64%|██████▍   | 743/1161 [00:14<00:07, 52.37it/s]Loading weights:  64%|██████▍   | 744/1161 [00:14<00:07, 52.61it/s]Loading weights:  64%|██████▍   | 743/1161 [00:14<00:07, 52.90it/s]Loading weights:  58%|█████▊    | 672/1161 [00:14<00:08, 56.49it/s]Loading weights:  56%|█████▌    | 647/1161 [00:14<00:09, 52.46it/s]Loading weights:  65%|██████▍   | 749/1161 [00:14<00:07, 53.33it/s]Loading weights:  56%|█████▌    | 647/1161 [00:14<00:09, 53.28it/s]Loading weights:  65%|██████▍   | 749/1161 [00:14<00:08, 50.65it/s]Loading weights:  65%|██████▍   | 749/1161 [00:14<00:08, 50.90it/s]Loading weights:  58%|█████▊    | 679/1161 [00:14<00:09, 50.03it/s]Loading weights:  65%|██████▍   | 750/1161 [00:14<00:08, 46.99it/s]Loading weights:  56%|█████▌    | 653/1161 [00:14<00:09, 52.61it/s]Loading weights:  65%|██████▌   | 756/1161 [00:14<00:07, 54.58it/s]Loading weights:  56%|█████▌    | 653/1161 [00:14<00:10, 49.16it/s]Loading weights:  58%|█████▊    | 678/1161 [00:14<00:09, 48.46it/s]Loading weights:  65%|██████▌   | 760/1161 [00:14<00:06, 59.29it/s]Loading weights:  65%|██████▌   | 760/1161 [00:14<00:06, 58.66it/s]Loading weights:  57%|█████▋    | 660/1161 [00:14<00:08, 56.38it/s]Loading weights:  59%|█████▉    | 688/1161 [00:14<00:09, 51.47it/s]Loading weights:  66%|██████▌   | 761/1161 [00:14<00:07, 54.23it/s]Loading weights:  57%|█████▋    | 659/1161 [00:14<00:10, 48.13it/s]Loading weights:  66%|██████▌   | 762/1161 [00:14<00:08, 49.06it/s]Loading weights:  66%|██████▌   | 766/1161 [00:14<00:07, 55.90it/s]Loading weights:  66%|██████▌   | 766/1161 [00:14<00:07, 54.43it/s]Loading weights:  59%|█████▉    | 689/1161 [00:14<00:08, 53.91it/s]Loading weights:  67%|██████▋   | 775/1161 [00:14<00:05, 72.17it/s]Loading weights:  60%|██████    | 699/1161 [00:14<00:08, 56.43it/s]Loading weights:  57%|█████▋    | 666/1161 [00:14<00:10, 48.47it/s]Loading weights:  71%|███████   | 823/1161 [00:14<00:01, 176.45it/s]Loading weights:  73%|███████▎  | 847/1161 [00:14<00:01, 233.67it/s]Loading weights:  57%|█████▋    | 665/1161 [00:14<00:10, 48.95it/s]Loading weights:  71%|███████   | 827/1161 [00:14<00:01, 187.41it/s]Loading weights:  73%|███████▎  | 847/1161 [00:14<00:01, 224.29it/s]Loading weights:  58%|█████▊    | 676/1161 [00:14<00:08, 58.94it/s]Loading weights:  61%|██████    | 705/1161 [00:14<00:08, 54.79it/s]Loading weights:  60%|██████    | 700/1161 [00:14<00:07, 57.77it/s]Loading weights:  80%|████████  | 933/1161 [00:14<00:00, 402.93it/s]Loading weights:  84%|████████▍ | 979/1161 [00:14<00:00, 504.03it/s]Loading weights:  80%|████████  | 929/1161 [00:14<00:00, 398.07it/s]Loading weights:  58%|█████▊    | 672/1161 [00:14<00:09, 53.38it/s]Loading weights:  82%|████████▏ | 955/1161 [00:14<00:00, 430.59it/s]Loading weights:  91%|█████████▏| 1061/1161 [00:14<00:00, 630.38it/s]Loading weights:  97%|█████████▋| 1123/1161 [00:15<00:00, 748.87it/s]Loading weights:  89%|████████▉ | 1039/1161 [00:15<00:00, 571.58it/s]Loading weights:  59%|█████▉    | 683/1161 [00:15<00:08, 56.07it/s]Loading weights:  92%|█████████▏| 1073/1161 [00:15<00:00, 623.73it/s]Loading weights:  61%|██████    | 706/1161 [00:15<00:08, 52.55it/s]Loading weights: 100%|██████████| 1161/1161 [00:15<00:00, 76.86it/s] 
Loading weights:  61%|██████▏   | 713/1161 [00:15<00:09, 48.12it/s]Loading weights:  58%|█████▊    | 678/1161 [00:15<00:10, 44.55it/s]Loading weights:  99%|█████████▉| 1149/1161 [00:15<00:00, 712.36it/s]Loading weights: 100%|█████████▉| 1158/1161 [00:15<00:00, 659.60it/s]Loading weights:  59%|█████▉    | 689/1161 [00:15<00:08, 55.74it/s]Loading weights: 100%|██████████| 1161/1161 [00:15<00:00, 76.69it/s] 
Loading weights: 100%|█████████▉| 1158/1161 [00:15<00:00, 634.69it/s]Loading weights: 100%|██████████| 1161/1161 [00:15<00:00, 76.49it/s] 
Loading weights: 100%|██████████| 1161/1161 [00:15<00:00, 76.44it/s] 
Loading weights:  61%|██████▏   | 712/1161 [00:15<00:08, 50.21it/s]Loading weights:  59%|█████▉    | 689/1161 [00:15<00:08, 55.72it/s]Loading weights:  62%|██████▏   | 724/1161 [00:15<00:07, 55.81it/s]Loading weights:  60%|██████    | 700/1161 [00:15<00:07, 61.80it/s]Loading weights:  62%|██████▏   | 724/1161 [00:15<00:07, 61.38it/s]Loading weights:  60%|██████    | 700/1161 [00:15<00:07, 63.68it/s]Loading weights:  63%|██████▎   | 734/1161 [00:15<00:06, 61.02it/s]Loading weights:  61%|██████    | 707/1161 [00:15<00:07, 61.28it/s]Loading weights:  63%|██████▎   | 731/1161 [00:15<00:07, 59.33it/s]Loading weights:  61%|██████    | 707/1161 [00:15<00:07, 64.44it/s]Loading weights:  64%|██████▍   | 742/1161 [00:15<00:06, 63.88it/s]Loading weights:  61%|██████▏   | 714/1161 [00:15<00:08, 55.83it/s]Loading weights:  63%|██████▎   | 737/1161 [00:15<00:07, 56.98it/s]Loading weights:  65%|██████▍   | 749/1161 [00:15<00:06, 62.81it/s]Loading weights:  61%|██████▏   | 714/1161 [00:15<00:07, 57.27it/s]Loading weights:  62%|██████▏   | 724/1161 [00:15<00:07, 61.66it/s]Loading weights:  65%|██████▌   | 760/1161 [00:15<00:05, 70.19it/s]Loading weights:  64%|██████▍   | 748/1161 [00:15<00:06, 59.39it/s]Loading weights:  62%|██████▏   | 725/1161 [00:15<00:06, 64.28it/s]Loading weights:  63%|██████▎   | 736/1161 [00:15<00:06, 69.01it/s]Loading weights:  65%|██████▌   | 760/1161 [00:15<00:05, 69.87it/s]Loading weights:  66%|██████▌   | 768/1161 [00:15<00:05, 66.73it/s]Loading weights:  63%|██████▎   | 736/1161 [00:15<00:06, 66.89it/s]Loading weights:  64%|██████▍   | 743/1161 [00:15<00:06, 67.91it/s]Loading weights:  79%|███████▉  | 916/1161 [00:15<00:00, 413.74it/s]Loading weights:  66%|██████▌   | 768/1161 [00:16<00:06, 64.28it/s]Loading weights:  64%|██████▍   | 743/1161 [00:16<00:06, 66.81it/s]Loading weights:  93%|█████████▎| 1075/1161 [00:16<00:00, 717.00it/s]Loading weights:  65%|██████▍   | 750/1161 [00:16<00:06, 59.21it/s]Loading weights:  77%|███████▋  | 895/1161 [00:16<00:00, 340.50it/s]Loading weights: 100%|█████████▉| 1158/1161 [00:16<00:00, 738.87it/s]Loading weights: 100%|██████████| 1161/1161 [00:16<00:00, 71.73it/s] 
Loading weights:  65%|██████▍   | 750/1161 [00:16<00:07, 57.15it/s]Loading weights:  93%|█████████▎| 1075/1161 [00:16<00:00, 697.90it/s]Loading weights:  66%|██████▌   | 761/1161 [00:16<00:05, 66.87it/s]Loading weights:  65%|██████▌   | 760/1161 [00:16<00:06, 64.35it/s]Loading weights: 100%|██████████| 1161/1161 [00:16<00:00, 71.13it/s] 
Loading weights:  67%|██████▋   | 779/1161 [00:16<00:04, 93.71it/s]Loading weights:  69%|██████▉   | 799/1161 [00:16<00:02, 141.90it/s]Loading weights:  82%|████████▏ | 955/1161 [00:16<00:00, 513.77it/s]Loading weights:  83%|████████▎ | 967/1161 [00:16<00:00, 529.01it/s]Loading weights:  97%|█████████▋| 1123/1161 [00:16<00:00, 822.85it/s]Loading weights: 100%|██████████| 1161/1161 [00:16<00:00, 69.86it/s] 
Loading weights:  98%|█████████▊| 1135/1161 [00:16<00:00, 829.36it/s]Loading weights: 100%|██████████| 1161/1161 [00:16<00:00, 69.56it/s] 
[2026-06-12 08:16:39] INFO - vlmeval.__main__: ----------- MMStar -----------
[2026-06-12 08:16:39] INFO - vlmeval.__main__: ----------- MMStar -----------
[2026-06-12 08:16:39] INFO - vlmeval.__main__: ----------- MMStar -----------
[2026-06-12 08:16:39] INFO - vlmeval.__main__: ----------- MMStar -----------
[2026-06-12 08:16:39] INFO - vlmeval.__main__: ----------- MMStar -----------
[2026-06-12 08:16:39] INFO - vlmeval.__main__: ----------- MMStar -----------
[2026-06-12 08:16:39] INFO - vlmeval.__main__: ----------- MMStar -----------
[2026-06-12 08:16:39] INFO - vlmeval.__main__: ----------- MMStar -----------
/root/storage/miniconda3/envs/vlmevalkit/lib/python3.10/site-packages/torch/distributed/c10d_logger.py:83: UserWarning: barrier(): using the device under current context. You can specify `device_id` in `init_process_group` to mute this warning.
  return func(*args, **kwargs)
MMStar.tsv: 0.00B [00:00, ?B/s]MMStar.tsv:   0%|          | 8.19k/59.6M [00:00<30:13, 32.8kB/s]MMStar.tsv:  22%|██▏       | 13.2M/59.6M [00:00<00:00, 48.2MB/s]MMStar.tsv:  84%|████████▍ | 50.0M/59.6M [00:00<00:00, 157MB/s] MMStar.tsv: 59.6MB [00:00, 126MB/s]                            
/root/storage/miniconda3/envs/vlmevalkit/lib/python3.10/site-packages/torch/distributed/c10d_logger.py:83: UserWarning: barrier(): using the device under current context. You can specify `device_id` in `init_process_group` to mute this warning.
  return func(*args, **kwargs)
[2026-06-12 08:16:40] INFO - vlmeval.__main__: {'nproc': 8, 'verbose': False, 'retry': 2, 'timeout': 900, 'temperature': 0, 'chat_template_kwargs': {'enable_thinking': False}, 'api_base': 'http://33.3.183.91:8000/v1/chat/completions', 'key': 'EMPTY', 'model': 'Qwen3.5-122B-A10B'}
/root/storage/miniconda3/envs/vlmevalkit/lib/python3.10/site-packages/torch/distributed/c10d_logger.py:83: UserWarning: barrier(): using the device under current context. You can specify `device_id` in `init_process_group` to mute this warning.
  return func(*args, **kwargs)
Infer Qwen2.5-VL-32B-Instruct/MMStar, Rank 1/8:   0%|          | 0/188 [00:00<?, ?it/s]Infer Qwen2.5-VL-32B-Instruct/MMStar, Rank 7/8:   0%|          | 0/187 [00:00<?, ?it/s]Infer Qwen2.5-VL-32B-Instruct/MMStar, Rank 6/8:   0%|          | 0/187 [00:00<?, ?it/s]Infer Qwen2.5-VL-32B-Instruct/MMStar, Rank 4/8:   0%|          | 0/187 [00:00<?, ?it/s]Infer Qwen2.5-VL-32B-Instruct/MMStar, Rank 5/8:   0%|          | 0/187 [00:00<?, ?it/s]Infer Qwen2.5-VL-32B-Instruct/MMStar, Rank 2/8:   0%|          | 0/188 [00:00<?, ?it/s]Infer Qwen2.5-VL-32B-Instruct/MMStar, Rank 3/8:   0%|          | 0/188 [00:00<?, ?it/s]Infer Qwen2.5-VL-32B-Instruct/MMStar, Rank 0/8:   0%|          | 0/188 [00:00<?, ?it/s][transformers] The following generation flags are not valid and may be ignored: ['temperature', 'top_k']. Set `TRANSFORMERS_VERBOSITY=info` for more details.
[transformers] The following generation flags are not valid and may be ignored: ['temperature', 'top_k']. Set `TRANSFORMERS_VERBOSITY=info` for more details.
[transformers] The following generation flags are not valid and may be ignored: ['temperature', 'top_k']. Set `TRANSFORMERS_VERBOSITY=info` for more details.
[transformers] The following generation flags are not valid and may be ignored: ['temperature', 'top_k']. Set `TRANSFORMERS_VERBOSITY=info` for more details.
[transformers] The following generation flags are not valid and may be ignored: ['temperature', 'top_k']. Set `TRANSFORMERS_VERBOSITY=info` for more details.
[transformers] The following generation flags are not valid and may be ignored: ['temperature', 'top_k']. Set `TRANSFORMERS_VERBOSITY=info` for more details.
[transformers] The following generation flags are not valid and may be ignored: ['temperature', 'top_k']. Set `TRANSFORMERS_VERBOSITY=info` for more details.
[transformers] The following generation flags are not valid and may be ignored: ['temperature', 'top_k']. Set `TRANSFORMERS_VERBOSITY=info` for more details.
Infer Qwen2.5-VL-32B-Instruct/MMStar, Rank 2/8:   1%|          | 1/188 [00:01<04:38,  1.49s/it]Infer Qwen2.5-VL-32B-Instruct/MMStar, Rank 7/8:   1%|          | 1/187 [00:01<05:43,  1.85s/it]Infer Qwen2.5-VL-32B-Instruct/MMStar, Rank 0/8:   1%|          | 1/188 [00:02<06:34,  2.11s/it]Infer Qwen2.5-VL-32B-Instruct/MMStar, Rank 1/8:   1%|          | 1/188 [00:02<07:04,  2.27s/it]Infer Qwen2.5-VL-32B-Instruct/MMStar, Rank 4/8:   1%|          | 1/187 [00:02<07:28,  2.41s/it]Infer Qwen2.5-VL-32B-Instruct/MMStar, Rank 7/8:   1%|          | 2/187 [00:03<04:26,  1.44s/it]Infer Qwen2.5-VL-32B-Instruct/MMStar, Rank 0/8:   1%|          | 2/188 [00:03<05:15,  1.69s/it]Infer Qwen2.5-VL-32B-Instruct/MMStar, Rank 4/8:   1%|          | 2/187 [00:03<05:08,  1.67s/it]Infer Qwen2.5-VL-32B-Instruct/MMStar, Rank 7/8:   2%|▏         | 3/187 [00:03<03:38,  1.19s/it]Infer Qwen2.5-VL-32B-Instruct/MMStar, Rank 0/8:   2%|▏         | 3/188 [00:04<03:55,  1.27s/it]Infer Qwen2.5-VL-32B-Instruct/MMStar, Rank 7/8:   2%|▏         | 4/187 [00:04<03:04,  1.01s/it]Infer Qwen2.5-VL-32B-Instruct/MMStar, Rank 4/8:   2%|▏         | 3/187 [00:05<04:54,  1.60s/it]Infer Qwen2.5-VL-32B-Instruct/MMStar, Rank 0/8:   2%|▏         | 4/188 [00:05<03:21,  1.09s/it]Infer Qwen2.5-VL-32B-Instruct/MMStar, Rank 3/8:   1%|          | 1/188 [00:05<17:55,  5.75s/it]Infer Qwen2.5-VL-32B-Instruct/MMStar, Rank 7/8:   3%|▎         | 5/187 [00:05<03:17,  1.08s/it]Infer Qwen2.5-VL-32B-Instruct/MMStar, Rank 0/8:   3%|▎         | 5/188 [00:05<02:59,  1.02it/s]Infer Qwen2.5-VL-32B-Instruct/MMStar, Rank 5/8:   1%|          | 1/187 [00:06<18:55,  6.11s/it]Infer Qwen2.5-VL-32B-Instruct/MMStar, Rank 3/8:   1%|          | 2/188 [00:06<08:36,  2.78s/it]Infer Qwen2.5-VL-32B-Instruct/MMStar, Rank 4/8:   2%|▏         | 4/187 [00:06<04:43,  1.55s/it]Infer Qwen2.5-VL-32B-Instruct/MMStar, Rank 7/8:   3%|▎         | 6/187 [00:06<02:52,  1.05it/s]Infer Qwen2.5-VL-32B-Instruct/MMStar, Rank 0/8:   3%|▎         | 6/188 [00:06<02:40,  1.13it/s]Infer Qwen2.5-VL-32B-Instruct/MMStar, Rank 5/8:   1%|          | 2/187 [00:06<09:09,  2.97s/it]Infer Qwen2.5-VL-32B-Instruct/MMStar, Rank 1/8:   1%|          | 2/188 [00:07<12:00,  3.87s/it]Infer Qwen2.5-VL-32B-Instruct/MMStar, Rank 0/8:   4%|▎         | 7/188 [00:07<02:27,  1.23it/s]Infer Qwen2.5-VL-32B-Instruct/MMStar, Rank 6/8:   1%|          | 1/187 [00:07<23:40,  7.64s/it]Infer Qwen2.5-VL-32B-Instruct/MMStar, Rank 0/8:   4%|▍         | 8/188 [00:07<02:16,  1.32it/s]Infer Qwen2.5-VL-32B-Instruct/MMStar, Rank 2/8:   1%|          | 2/188 [00:08<13:47,  4.45s/it]Infer Qwen2.5-VL-32B-Instruct/MMStar, Rank 7/8:   4%|▎         | 7/187 [00:08<03:45,  1.25s/it]Infer Qwen2.5-VL-32B-Instruct/MMStar, Rank 6/8:   1%|          | 2/187 [00:08<11:10,  3.63s/it]Infer Qwen2.5-VL-32B-Instruct/MMStar, Rank 2/8:   2%|▏         | 3/188 [00:08<08:15,  2.68s/it]Infer Qwen2.5-VL-32B-Instruct/MMStar, Rank 0/8:   5%|▍         | 9/188 [00:09<02:39,  1.12it/s]Infer Qwen2.5-VL-32B-Instruct/MMStar, Rank 7/8:   4%|▍         | 8/187 [00:09<03:14,  1.08s/it]Infer Qwen2.5-VL-32B-Instruct/MMStar, Rank 6/8:   2%|▏         | 3/187 [00:09<07:39,  2.50s/it]Infer Qwen2.5-VL-32B-Instruct/MMStar, Rank 1/8:   2%|▏         | 3/188 [00:10<10:58,  3.56s/it]Infer Qwen2.5-VL-32B-Instruct/MMStar, Rank 1/8:   2%|▏         | 4/188 [00:11<07:17,  2.38s/it]Infer Qwen2.5-VL-32B-Instruct/MMStar, Rank 2/8:   2%|▏         | 4/188 [00:11<08:59,  2.93s/it]Infer Qwen2.5-VL-32B-Instruct/MMStar, Rank 4/8:   3%|▎         | 5/187 [00:12<08:58,  2.96s/it]Infer Qwen2.5-VL-32B-Instruct/MMStar, Rank 6/8:   2%|▏         | 4/187 [00:12<07:52,  2.58s/it]Infer Qwen2.5-VL-32B-Instruct/MMStar, Rank 5/8:   2%|▏         | 3/187 [00:12<12:42,  4.14s/it]Infer Qwen2.5-VL-32B-Instruct/MMStar, Rank 2/8:   3%|▎         | 5/188 [00:12<06:24,  2.10s/it]Infer Qwen2.5-VL-32B-Instruct/MMStar, Rank 0/8:   5%|▌         | 10/188 [00:14<06:42,  2.26s/it]Infer Qwen2.5-VL-32B-Instruct/MMStar, Rank 1/8:   3%|▎         | 5/188 [00:14<08:26,  2.77s/it]Infer Qwen2.5-VL-32B-Instruct/MMStar, Rank 7/8:   5%|▍         | 9/187 [00:14<07:31,  2.54s/it]Infer Qwen2.5-VL-32B-Instruct/MMStar, Rank 0/8:   6%|▌         | 11/188 [00:14<05:09,  1.75s/it]Infer Qwen2.5-VL-32B-Instruct/MMStar, Rank 1/8:   3%|▎         | 6/188 [00:15<06:34,  2.17s/it]Infer Qwen2.5-VL-32B-Instruct/MMStar, Rank 6/8:   3%|▎         | 5/187 [00:15<08:37,  2.84s/it]Infer Qwen2.5-VL-32B-Instruct/MMStar, Rank 7/8:   5%|▌         | 10/187 [00:16<06:16,  2.12s/it]Infer Qwen2.5-VL-32B-Instruct/MMStar, Rank 6/8:   3%|▎         | 6/187 [00:16<06:23,  2.12s/it]Infer Qwen2.5-VL-32B-Instruct/MMStar, Rank 0/8:   6%|▋         | 12/188 [00:16<04:46,  1.63s/it]Infer Qwen2.5-VL-32B-Instruct/MMStar, Rank 7/8:   6%|▌         | 11/187 [00:16<04:49,  1.65s/it]Infer Qwen2.5-VL-32B-Instruct/MMStar, Rank 7/8:   6%|▋         | 12/187 [00:17<03:56,  1.35s/it]Infer Qwen2.5-VL-32B-Instruct/MMStar, Rank 0/8:   7%|▋         | 13/188 [00:17<04:11,  1.44s/it]Infer Qwen2.5-VL-32B-Instruct/MMStar, Rank 7/8:   7%|▋         | 13/187 [00:18<03:21,  1.16s/it]Infer Qwen2.5-VL-32B-Instruct/MMStar, Rank 0/8:   7%|▋         | 14/188 [00:17<03:29,  1.20s/it]Infer Qwen2.5-VL-32B-Instruct/MMStar, Rank 5/8:   2%|▏         | 4/187 [00:18<14:31,  4.76s/it]Infer Qwen2.5-VL-32B-Instruct/MMStar, Rank 4/8:   3%|▎         | 6/187 [00:18<12:32,  4.16s/it]Infer Qwen2.5-VL-32B-Instruct/MMStar, Rank 7/8:   7%|▋         | 14/187 [00:18<02:58,  1.03s/it]Infer Qwen2.5-VL-32B-Instruct/MMStar, Rank 5/8:   3%|▎         | 5/187 [00:18<09:55,  3.27s/it]Infer Qwen2.5-VL-32B-Instruct/MMStar, Rank 4/8:   4%|▎         | 7/187 [00:19<09:23,  3.13s/it]Infer Qwen2.5-VL-32B-Instruct/MMStar, Rank 1/8:   4%|▎         | 7/188 [00:19<08:35,  2.85s/it]Infer Qwen2.5-VL-32B-Instruct/MMStar, Rank 5/8:   3%|▎         | 6/187 [00:19<07:39,  2.54s/it]Infer Qwen2.5-VL-32B-Instruct/MMStar, Rank 1/8:   4%|▍         | 8/188 [00:20<06:25,  2.14s/it]Infer Qwen2.5-VL-32B-Instruct/MMStar, Rank 4/8:   4%|▍         | 8/187 [00:20<07:15,  2.43s/it]Infer Qwen2.5-VL-32B-Instruct/MMStar, Rank 5/8:   4%|▎         | 7/187 [00:20<05:49,  1.94s/it]Infer Qwen2.5-VL-32B-Instruct/MMStar, Rank 7/8:   8%|▊         | 15/187 [00:20<03:54,  1.36s/it]Infer Qwen2.5-VL-32B-Instruct/MMStar, Rank 6/8:   4%|▎         | 7/187 [00:20<08:49,  2.94s/it]Infer Qwen2.5-VL-32B-Instruct/MMStar, Rank 1/8:   5%|▍         | 9/188 [00:21<05:03,  1.69s/it]Infer Qwen2.5-VL-32B-Instruct/MMStar, Rank 7/8:   9%|▊         | 16/187 [00:21<03:20,  1.18s/it]Infer Qwen2.5-VL-32B-Instruct/MMStar, Rank 0/8:   8%|▊         | 15/188 [00:21<05:46,  2.00s/it]Infer Qwen2.5-VL-32B-Instruct/MMStar, Rank 1/8:   5%|▌         | 10/188 [00:21<04:12,  1.42s/it]Infer Qwen2.5-VL-32B-Instruct/MMStar, Rank 6/8:   4%|▍         | 8/187 [00:22<07:09,  2.40s/it]Infer Qwen2.5-VL-32B-Instruct/MMStar, Rank 7/8:   9%|▉         | 17/187 [00:22<03:06,  1.10s/it]Infer Qwen2.5-VL-32B-Instruct/MMStar, Rank 0/8:   9%|▊         | 16/188 [00:22<04:41,  1.64s/it]Infer Qwen2.5-VL-32B-Instruct/MMStar, Rank 6/8:   5%|▍         | 9/187 [00:22<05:32,  1.87s/it]Infer Qwen2.5-VL-32B-Instruct/MMStar, Rank 7/8:  10%|▉         | 18/187 [00:23<02:52,  1.02s/it]Infer Qwen2.5-VL-32B-Instruct/MMStar, Rank 6/8:   5%|▌         | 10/187 [00:23<04:33,  1.55s/it]Infer Qwen2.5-VL-32B-Instruct/MMStar, Rank 7/8:  10%|█         | 19/187 [00:24<02:42,  1.03it/s]Infer Qwen2.5-VL-32B-Instruct/MMStar, Rank 1/8:   6%|▌         | 11/188 [00:24<05:33,  1.89s/it]Infer Qwen2.5-VL-32B-Instruct/MMStar, Rank 6/8:   6%|▌         | 11/187 [00:24<04:06,  1.40s/it]Infer Qwen2.5-VL-32B-Instruct/MMStar, Rank 5/8:   4%|▍         | 8/187 [00:25<08:10,  2.74s/it]Infer Qwen2.5-VL-32B-Instruct/MMStar, Rank 0/8:   9%|▉         | 17/188 [00:25<05:38,  1.98s/it]Infer Qwen2.5-VL-32B-Instruct/MMStar, Rank 4/8:   5%|▍         | 9/187 [00:25<09:37,  3.25s/it]Infer Qwen2.5-VL-32B-Instruct/MMStar, Rank 6/8:   6%|▋         | 12/187 [00:25<03:45,  1.29s/it]Infer Qwen2.5-VL-32B-Instruct/MMStar, Rank 5/8:   5%|▍         | 9/187 [00:25<06:24,  2.16s/it]Infer Qwen2.5-VL-32B-Instruct/MMStar, Rank 0/8:  10%|▉         | 18/188 [00:26<04:38,  1.64s/it]Infer Qwen2.5-VL-32B-Instruct/MMStar, Rank 0/8:  10%|█         | 19/188 [00:27<04:03,  1.44s/it]Infer Qwen2.5-VL-32B-Instruct/MMStar, Rank 1/8:   6%|▋         | 12/188 [00:27<06:13,  2.12s/it]Infer Qwen2.5-VL-32B-Instruct/MMStar, Rank 6/8:   7%|▋         | 13/187 [00:28<04:34,  1.58s/it]Infer Qwen2.5-VL-32B-Instruct/MMStar, Rank 1/8:   7%|▋         | 13/188 [00:28<05:04,  1.74s/it]Infer Qwen2.5-VL-32B-Instruct/MMStar, Rank 1/8:   7%|▋         | 14/188 [00:29<04:13,  1.46s/it]Infer Qwen2.5-VL-32B-Instruct/MMStar, Rank 6/8:   7%|▋         | 14/187 [00:29<04:05,  1.42s/it]Infer Qwen2.5-VL-32B-Instruct/MMStar, Rank 5/8:   5%|▌         | 10/187 [00:29<07:21,  2.50s/it]Infer Qwen2.5-VL-32B-Instruct/MMStar, Rank 4/8:   5%|▌         | 10/187 [00:29<10:18,  3.49s/it]Infer Qwen2.5-VL-32B-Instruct/MMStar, Rank 1/8:   8%|▊         | 15/188 [00:30<04:16,  1.48s/it]Infer Qwen2.5-VL-32B-Instruct/MMStar, Rank 7/8:  11%|█         | 20/187 [00:30<07:17,  2.62s/it]Infer Qwen2.5-VL-32B-Instruct/MMStar, Rank 5/8:   6%|▌         | 11/187 [00:32<07:47,  2.66s/it]Infer Qwen2.5-VL-32B-Instruct/MMStar, Rank 6/8:   8%|▊         | 15/187 [00:32<05:57,  2.08s/it]Infer Qwen2.5-VL-32B-Instruct/MMStar, Rank 0/8:  11%|█         | 20/188 [00:32<07:35,  2.71s/it]Infer Qwen2.5-VL-32B-Instruct/MMStar, Rank 5/8:   6%|▋         | 12/187 [00:33<06:09,  2.11s/it]Infer Qwen2.5-VL-32B-Instruct/MMStar, Rank 3/8:   2%|▏         | 3/188 [00:33<42:27, 13.77s/it]Infer Qwen2.5-VL-32B-Instruct/MMStar, Rank 1/8:   9%|▊         | 16/188 [00:33<05:30,  1.92s/it]Infer Qwen2.5-VL-32B-Instruct/MMStar, Rank 0/8:  11%|█         | 21/188 [00:33<06:01,  2.16s/it]Infer Qwen2.5-VL-32B-Instruct/MMStar, Rank 5/8:   7%|▋         | 13/187 [00:33<05:04,  1.75s/it]Infer Qwen2.5-VL-32B-Instruct/MMStar, Rank 4/8:   6%|▌         | 11/187 [00:34<11:11,  3.81s/it]Infer Qwen2.5-VL-32B-Instruct/MMStar, Rank 1/8:   9%|▉         | 17/188 [00:34<04:30,  1.58s/it]Infer Qwen2.5-VL-32B-Instruct/MMStar, Rank 3/8:   2%|▏         | 4/188 [00:34<27:14,  8.88s/it]Infer Qwen2.5-VL-32B-Instruct/MMStar, Rank 4/8:   6%|▋         | 12/187 [00:34<08:24,  2.89s/it]Infer Qwen2.5-VL-32B-Instruct/MMStar, Rank 1/8:  10%|▉         | 18/188 [00:35<04:04,  1.44s/it]Infer Qwen2.5-VL-32B-Instruct/MMStar, Rank 3/8:   3%|▎         | 5/188 [00:35<18:18,  6.00s/it]Infer Qwen2.5-VL-32B-Instruct/MMStar, Rank 4/8:   7%|▋         | 13/187 [00:35<06:38,  2.29s/it]Infer Qwen2.5-VL-32B-Instruct/MMStar, Rank 7/8:  11%|█         | 21/187 [00:35<09:23,  3.40s/it]Infer Qwen2.5-VL-32B-Instruct/MMStar, Rank 2/8:   3%|▎         | 6/188 [00:36<28:38,  9.44s/it]Infer Qwen2.5-VL-32B-Instruct/MMStar, Rank 1/8:  10%|█         | 19/188 [00:36<03:26,  1.22s/it]Infer Qwen2.5-VL-32B-Instruct/MMStar, Rank 6/8:   9%|▊         | 16/187 [00:36<07:20,  2.58s/it]Infer Qwen2.5-VL-32B-Instruct/MMStar, Rank 4/8:   7%|▋         | 14/187 [00:36<05:30,  1.91s/it]Infer Qwen2.5-VL-32B-Instruct/MMStar, Rank 0/8:  12%|█▏        | 22/188 [00:37<07:40,  2.78s/it]Infer Qwen2.5-VL-32B-Instruct/MMStar, Rank 5/8:   7%|▋         | 14/187 [00:38<07:10,  2.49s/it]Infer Qwen2.5-VL-32B-Instruct/MMStar, Rank 0/8:  12%|█▏        | 23/188 [00:38<05:50,  2.12s/it]Infer Qwen2.5-VL-32B-Instruct/MMStar, Rank 1/8:  11%|█         | 20/188 [00:39<04:51,  1.73s/it]Infer Qwen2.5-VL-32B-Instruct/MMStar, Rank 5/8:   8%|▊         | 15/187 [00:39<05:50,  2.04s/it]Infer Qwen2.5-VL-32B-Instruct/MMStar, Rank 7/8:  12%|█▏        | 22/187 [00:39<09:20,  3.39s/it]Infer Qwen2.5-VL-32B-Instruct/MMStar, Rank 0/8:  13%|█▎        | 24/188 [00:39<04:41,  1.71s/it]Infer Qwen2.5-VL-32B-Instruct/MMStar, Rank 6/8:   9%|▉         | 17/187 [00:39<07:47,  2.75s/it]Infer Qwen2.5-VL-32B-Instruct/MMStar, Rank 1/8:  11%|█         | 21/188 [00:39<03:57,  1.42s/it]Infer Qwen2.5-VL-32B-Instruct/MMStar, Rank 7/8:  12%|█▏        | 23/187 [00:39<07:00,  2.56s/it]Infer Qwen2.5-VL-32B-Instruct/MMStar, Rank 0/8:  13%|█▎        | 25/188 [00:40<03:51,  1.42s/it]Infer Qwen2.5-VL-32B-Instruct/MMStar, Rank 5/8:   9%|▊         | 16/187 [00:40<04:54,  1.72s/it]Infer Qwen2.5-VL-32B-Instruct/MMStar, Rank 6/8:  10%|▉         | 18/187 [00:40<06:04,  2.15s/it]Infer Qwen2.5-VL-32B-Instruct/MMStar, Rank 2/8:   4%|▎         | 7/188 [00:40<23:19,  7.73s/it]Infer Qwen2.5-VL-32B-Instruct/MMStar, Rank 7/8:  13%|█▎        | 24/187 [00:40<05:26,  2.00s/it]Infer Qwen2.5-VL-32B-Instruct/MMStar, Rank 4/8:   8%|▊         | 15/187 [00:40<07:19,  2.56s/it]Infer Qwen2.5-VL-32B-Instruct/MMStar, Rank 6/8:  10%|█         | 19/187 [00:41<04:56,  1.77s/it]Infer Qwen2.5-VL-32B-Instruct/MMStar, Rank 2/8:   4%|▍         | 8/188 [00:41<16:48,  5.60s/it]Infer Qwen2.5-VL-32B-Instruct/MMStar, Rank 4/8:   9%|▊         | 16/187 [00:41<05:44,  2.01s/it]Infer Qwen2.5-VL-32B-Instruct/MMStar, Rank 3/8:   3%|▎         | 6/188 [00:41<18:20,  6.05s/it]Infer Qwen2.5-VL-32B-Instruct/MMStar, Rank 4/8:   9%|▉         | 17/187 [00:42<04:30,  1.59s/it]Infer Qwen2.5-VL-32B-Instruct/MMStar, Rank 2/8:   5%|▍         | 9/188 [00:42<12:24,  4.16s/it]Infer Qwen2.5-VL-32B-Instruct/MMStar, Rank 4/8:  10%|▉         | 18/187 [00:42<03:43,  1.32s/it]Infer Qwen2.5-VL-32B-Instruct/MMStar, Rank 1/8:  12%|█▏        | 22/188 [00:42<05:18,  1.92s/it]Infer Qwen2.5-VL-32B-Instruct/MMStar, Rank 2/8:   5%|▌         | 10/188 [00:43<09:06,  3.07s/it]Infer Qwen2.5-VL-32B-Instruct/MMStar, Rank 5/8:   9%|▉         | 17/187 [00:43<06:14,  2.20s/it]Infer Qwen2.5-VL-32B-Instruct/MMStar, Rank 4/8:  10%|█         | 19/187 [00:43<03:11,  1.14s/it]Infer Qwen2.5-VL-32B-Instruct/MMStar, Rank 2/8:   6%|▌         | 11/188 [00:43<06:53,  2.33s/it]Infer Qwen2.5-VL-32B-Instruct/MMStar, Rank 0/8:  14%|█▍        | 26/188 [00:43<05:46,  2.14s/it]Infer Qwen2.5-VL-32B-Instruct/MMStar, Rank 7/8:  13%|█▎        | 25/187 [00:43<06:28,  2.40s/it]Infer Qwen2.5-VL-32B-Instruct/MMStar, Rank 2/8:   6%|▋         | 12/188 [00:44<05:18,  1.81s/it]Infer Qwen2.5-VL-32B-Instruct/MMStar, Rank 0/8:  14%|█▍        | 27/188 [00:44<04:29,  1.67s/it]Infer Qwen2.5-VL-32B-Instruct/MMStar, Rank 6/8:  11%|█         | 20/187 [00:45<06:34,  2.36s/it]Infer Qwen2.5-VL-32B-Instruct/MMStar, Rank 1/8:  12%|█▏        | 23/188 [00:46<06:41,  2.43s/it]Infer Qwen2.5-VL-32B-Instruct/MMStar, Rank 1/8:  13%|█▎        | 24/188 [00:47<05:12,  1.91s/it]Infer Qwen2.5-VL-32B-Instruct/MMStar, Rank 0/8:  15%|█▍        | 28/188 [00:47<05:37,  2.11s/it]Infer Qwen2.5-VL-32B-Instruct/MMStar, Rank 1/8:  13%|█▎        | 25/188 [00:47<04:07,  1.52s/it]Infer Qwen2.5-VL-32B-Instruct/MMStar, Rank 7/8:  14%|█▍        | 26/187 [00:48<07:49,  2.91s/it]Infer Qwen2.5-VL-32B-Instruct/MMStar, Rank 4/8:  11%|█         | 20/187 [00:48<06:16,  2.25s/it]Infer Qwen2.5-VL-32B-Instruct/MMStar, Rank 6/8:  11%|█         | 21/187 [00:48<07:33,  2.73s/it]Infer Qwen2.5-VL-32B-Instruct/MMStar, Rank 7/8:  14%|█▍        | 27/187 [00:48<05:59,  2.25s/it]Infer Qwen2.5-VL-32B-Instruct/MMStar, Rank 4/8:  11%|█         | 21/187 [00:49<04:49,  1.75s/it]Infer Qwen2.5-VL-32B-Instruct/MMStar, Rank 0/8:  15%|█▌        | 29/188 [00:49<05:01,  1.90s/it]Infer Qwen2.5-VL-32B-Instruct/MMStar, Rank 7/8:  15%|█▍        | 28/187 [00:49<04:37,  1.75s/it]Infer Qwen2.5-VL-32B-Instruct/MMStar, Rank 6/8:  12%|█▏        | 22/187 [00:49<05:51,  2.13s/it]Infer Qwen2.5-VL-32B-Instruct/MMStar, Rank 4/8:  12%|█▏        | 22/187 [00:49<03:52,  1.41s/it]Infer Qwen2.5-VL-32B-Instruct/MMStar, Rank 0/8:  16%|█▌        | 30/188 [00:49<03:59,  1.51s/it]Infer Qwen2.5-VL-32B-Instruct/MMStar, Rank 6/8:  12%|█▏        | 23/187 [00:50<04:37,  1.69s/it]Infer Qwen2.5-VL-32B-Instruct/MMStar, Rank 7/8:  16%|█▌        | 29/187 [00:50<03:47,  1.44s/it]Infer Qwen2.5-VL-32B-Instruct/MMStar, Rank 0/8:  16%|█▋        | 31/188 [00:50<03:18,  1.27s/it]Infer Qwen2.5-VL-32B-Instruct/MMStar, Rank 4/8:  12%|█▏        | 23/187 [00:50<03:21,  1.23s/it]Infer Qwen2.5-VL-32B-Instruct/MMStar, Rank 6/8:  13%|█▎        | 24/187 [00:50<03:46,  1.39s/it]Infer Qwen2.5-VL-32B-Instruct/MMStar, Rank 7/8:  16%|█▌        | 30/187 [00:50<03:12,  1.23s/it]Infer Qwen2.5-VL-32B-Instruct/MMStar, Rank 0/8:  17%|█▋        | 32/188 [00:50<02:49,  1.08s/it]Infer Qwen2.5-VL-32B-Instruct/MMStar, Rank 4/8:  13%|█▎        | 24/187 [00:51<02:51,  1.05s/it]Infer Qwen2.5-VL-32B-Instruct/MMStar, Rank 1/8:  14%|█▍        | 26/188 [00:51<05:32,  2.05s/it]Infer Qwen2.5-VL-32B-Instruct/MMStar, Rank 7/8:  17%|█▋        | 31/187 [00:51<02:45,  1.06s/it]Infer Qwen2.5-VL-32B-Instruct/MMStar, Rank 0/8:  18%|█▊        | 33/188 [00:51<02:26,  1.06it/s]Infer Qwen2.5-VL-32B-Instruct/MMStar, Rank 4/8:  13%|█▎        | 25/187 [00:51<02:27,  1.10it/s]Infer Qwen2.5-VL-32B-Instruct/MMStar, Rank 7/8:  17%|█▋        | 32/187 [00:52<02:26,  1.06it/s]Infer Qwen2.5-VL-32B-Instruct/MMStar, Rank 4/8:  14%|█▍        | 26/187 [00:52<02:25,  1.10it/s]Infer Qwen2.5-VL-32B-Instruct/MMStar, Rank 0/8:  18%|█▊        | 34/188 [00:52<02:37,  1.02s/it]Infer Qwen2.5-VL-32B-Instruct/MMStar, Rank 4/8:  14%|█▍        | 27/187 [00:53<02:08,  1.24it/s]Infer Qwen2.5-VL-32B-Instruct/MMStar, Rank 0/8:  19%|█▊        | 35/188 [00:53<02:18,  1.11it/s]Infer Qwen2.5-VL-32B-Instruct/MMStar, Rank 2/8:   7%|▋         | 13/188 [00:53<11:44,  4.02s/it]Infer Qwen2.5-VL-32B-Instruct/MMStar, Rank 4/8:  15%|█▍        | 28/187 [00:53<01:55,  1.38it/s]Infer Qwen2.5-VL-32B-Instruct/MMStar, Rank 0/8:  19%|█▉        | 36/188 [00:54<02:05,  1.21it/s]Infer Qwen2.5-VL-32B-Instruct/MMStar, Rank 2/8:   7%|▋         | 14/188 [00:54<08:44,  3.01s/it]Infer Qwen2.5-VL-32B-Instruct/MMStar, Rank 4/8:  16%|█▌        | 29/187 [00:54<01:49,  1.45it/s]Infer Qwen2.5-VL-32B-Instruct/MMStar, Rank 7/8:  18%|█▊        | 33/187 [00:54<03:31,  1.37s/it]Infer Qwen2.5-VL-32B-Instruct/MMStar, Rank 3/8:   4%|▎         | 7/188 [00:54<25:04,  8.31s/it]Infer Qwen2.5-VL-32B-Instruct/MMStar, Rank 6/8:  13%|█▎        | 25/187 [00:54<05:57,  2.21s/it]Infer Qwen2.5-VL-32B-Instruct/MMStar, Rank 1/8:  14%|█▍        | 27/188 [00:54<06:50,  2.55s/it]Infer Qwen2.5-VL-32B-Instruct/MMStar, Rank 4/8:  16%|█▌        | 30/187 [00:55<01:49,  1.43it/s]Infer Qwen2.5-VL-32B-Instruct/MMStar, Rank 7/8:  18%|█▊        | 34/187 [00:55<02:55,  1.15s/it]Infer Qwen2.5-VL-32B-Instruct/MMStar, Rank 3/8:   4%|▍         | 8/188 [00:55<17:37,  5.87s/it]Infer Qwen2.5-VL-32B-Instruct/MMStar, Rank 6/8:  14%|█▍        | 26/187 [00:55<04:36,  1.71s/it]Infer Qwen2.5-VL-32B-Instruct/MMStar, Rank 7/8:  19%|█▊        | 35/187 [00:55<02:27,  1.03it/s]Infer Qwen2.5-VL-32B-Instruct/MMStar, Rank 4/8:  17%|█▋        | 31/187 [00:55<01:51,  1.40it/s]Infer Qwen2.5-VL-32B-Instruct/MMStar, Rank 1/8:  15%|█▍        | 28/188 [00:55<05:37,  2.11s/it]Infer Qwen2.5-VL-32B-Instruct/MMStar, Rank 6/8:  14%|█▍        | 27/187 [00:55<03:41,  1.38s/it]Infer Qwen2.5-VL-32B-Instruct/MMStar, Rank 3/8:   5%|▍         | 9/188 [00:56<12:41,  4.25s/it]Infer Qwen2.5-VL-32B-Instruct/MMStar, Rank 7/8:  19%|█▉        | 36/187 [00:56<02:11,  1.15it/s]Infer Qwen2.5-VL-32B-Instruct/MMStar, Rank 4/8:  17%|█▋        | 32/187 [00:56<01:44,  1.48it/s]Infer Qwen2.5-VL-32B-Instruct/MMStar, Rank 1/8:  15%|█▌        | 29/188 [00:56<04:27,  1.68s/it]Infer Qwen2.5-VL-32B-Instruct/MMStar, Rank 6/8:  15%|█▍        | 28/187 [00:56<03:07,  1.18s/it]Infer Qwen2.5-VL-32B-Instruct/MMStar, Rank 7/8:  20%|█▉        | 37/187 [00:56<01:56,  1.28it/s]Infer Qwen2.5-VL-32B-Instruct/MMStar, Rank 4/8:  18%|█▊        | 33/187 [00:56<01:39,  1.55it/s]Infer Qwen2.5-VL-32B-Instruct/MMStar, Rank 6/8:  16%|█▌        | 29/187 [00:57<02:35,  1.01it/s]Infer Qwen2.5-VL-32B-Instruct/MMStar, Rank 1/8:  16%|█▌        | 30/188 [00:57<03:39,  1.39s/it]Infer Qwen2.5-VL-32B-Instruct/MMStar, Rank 7/8:  20%|██        | 38/187 [00:57<01:50,  1.35it/s]Infer Qwen2.5-VL-32B-Instruct/MMStar, Rank 6/8:  16%|█▌        | 30/187 [00:57<02:20,  1.12it/s]Infer Qwen2.5-VL-32B-Instruct/MMStar, Rank 7/8:  21%|██        | 39/187 [00:58<01:45,  1.40it/s]Infer Qwen2.5-VL-32B-Instruct/MMStar, Rank 1/8:  16%|█▋        | 31/188 [00:58<03:23,  1.29s/it]Infer Qwen2.5-VL-32B-Instruct/MMStar, Rank 6/8:  17%|█▋        | 31/187 [00:58<02:10,  1.20it/s]Infer Qwen2.5-VL-32B-Instruct/MMStar, Rank 4/8:  18%|█▊        | 34/187 [00:58<02:38,  1.03s/it]Infer Qwen2.5-VL-32B-Instruct/MMStar, Rank 1/8:  17%|█▋        | 32/188 [00:59<02:48,  1.08s/it]Infer Qwen2.5-VL-32B-Instruct/MMStar, Rank 6/8:  17%|█▋        | 32/187 [00:59<01:56,  1.34it/s]Infer Qwen2.5-VL-32B-Instruct/MMStar, Rank 4/8:  19%|█▊        | 35/187 [00:59<02:17,  1.10it/s]Infer Qwen2.5-VL-32B-Instruct/MMStar, Rank 1/8:  18%|█▊        | 33/188 [00:59<02:40,  1.04s/it]Infer Qwen2.5-VL-32B-Instruct/MMStar, Rank 6/8:  18%|█▊        | 33/187 [01:00<02:04,  1.23it/s]Infer Qwen2.5-VL-32B-Instruct/MMStar, Rank 4/8:  19%|█▉        | 36/187 [01:00<02:17,  1.10it/s]Infer Qwen2.5-VL-32B-Instruct/MMStar, Rank 7/8:  21%|██▏       | 40/187 [01:00<02:56,  1.20s/it]Infer Qwen2.5-VL-32B-Instruct/MMStar, Rank 1/8:  18%|█▊        | 34/188 [01:00<02:22,  1.08it/s]Infer Qwen2.5-VL-32B-Instruct/MMStar, Rank 6/8:  18%|█▊        | 34/187 [01:00<01:57,  1.30it/s]Infer Qwen2.5-VL-32B-Instruct/MMStar, Rank 7/8:  22%|██▏       | 41/187 [01:01<02:33,  1.05s/it]Infer Qwen2.5-VL-32B-Instruct/MMStar, Rank 1/8:  19%|█▊        | 35/188 [01:01<02:07,  1.20it/s]Infer Qwen2.5-VL-32B-Instruct/MMStar, Rank 6/8:  19%|█▊        | 35/187 [01:01<01:51,  1.37it/s]Infer Qwen2.5-VL-32B-Instruct/MMStar, Rank 1/8:  19%|█▉        | 36/188 [01:01<01:52,  1.35it/s]Infer Qwen2.5-VL-32B-Instruct/MMStar, Rank 7/8:  22%|██▏       | 42/187 [01:01<02:13,  1.08it/s]Infer Qwen2.5-VL-32B-Instruct/MMStar, Rank 4/8:  20%|█▉        | 37/187 [01:02<02:48,  1.12s/it]Infer Qwen2.5-VL-32B-Instruct/MMStar, Rank 6/8:  19%|█▉        | 36/187 [01:02<01:48,  1.39it/s]Infer Qwen2.5-VL-32B-Instruct/MMStar, Rank 1/8:  20%|█▉        | 37/188 [01:02<01:43,  1.46it/s]Infer Qwen2.5-VL-32B-Instruct/MMStar, Rank 7/8:  23%|██▎       | 43/187 [01:02<02:03,  1.17it/s]Infer Qwen2.5-VL-32B-Instruct/MMStar, Rank 4/8:  20%|██        | 38/187 [01:02<02:22,  1.05it/s]Infer Qwen2.5-VL-32B-Instruct/MMStar, Rank 3/8:   5%|▌         | 10/188 [01:02<14:43,  4.96s/it]Infer Qwen2.5-VL-32B-Instruct/MMStar, Rank 6/8:  20%|█▉        | 37/187 [01:02<01:47,  1.40it/s]Infer Qwen2.5-VL-32B-Instruct/MMStar, Rank 1/8:  20%|██        | 38/188 [01:02<01:40,  1.49it/s]Infer Qwen2.5-VL-32B-Instruct/MMStar, Rank 3/8:   6%|▌         | 11/188 [01:03<10:43,  3.64s/it]Infer Qwen2.5-VL-32B-Instruct/MMStar, Rank 4/8:  21%|██        | 39/187 [01:03<02:09,  1.15it/s]Infer Qwen2.5-VL-32B-Instruct/MMStar, Rank 6/8:  20%|██        | 38/187 [01:03<01:39,  1.50it/s]Infer Qwen2.5-VL-32B-Instruct/MMStar, Rank 1/8:  21%|██        | 39/188 [01:03<01:39,  1.50it/s]Infer Qwen2.5-VL-32B-Instruct/MMStar, Rank 3/8:   6%|▋         | 12/188 [01:03<07:57,  2.71s/it]Infer Qwen2.5-VL-32B-Instruct/MMStar, Rank 4/8:  21%|██▏       | 40/187 [01:03<01:59,  1.23it/s]Infer Qwen2.5-VL-32B-Instruct/MMStar, Rank 6/8:  21%|██        | 39/187 [01:04<01:38,  1.51it/s]Infer Qwen2.5-VL-32B-Instruct/MMStar, Rank 3/8:   7%|▋         | 13/188 [01:04<06:01,  2.07s/it]Infer Qwen2.5-VL-32B-Instruct/MMStar, Rank 4/8:  22%|██▏       | 41/187 [01:04<02:03,  1.18it/s]Infer Qwen2.5-VL-32B-Instruct/MMStar, Rank 3/8:   7%|▋         | 14/188 [01:04<04:42,  1.62s/it]Infer Qwen2.5-VL-32B-Instruct/MMStar, Rank 3/8:   8%|▊         | 15/188 [01:05<03:51,  1.34s/it]Infer Qwen2.5-VL-32B-Instruct/MMStar, Rank 6/8:  21%|██▏       | 40/187 [01:06<02:36,  1.07s/it]Infer Qwen2.5-VL-32B-Instruct/MMStar, Rank 3/8:   9%|▊         | 16/188 [01:06<03:30,  1.22s/it]Infer Qwen2.5-VL-32B-Instruct/MMStar, Rank 3/8:   9%|▉         | 17/188 [01:07<03:03,  1.07s/it]Infer Qwen2.5-VL-32B-Instruct/MMStar, Rank 5/8:  10%|▉         | 18/187 [01:09<25:59,  9.23s/it]Infer Qwen2.5-VL-32B-Instruct/MMStar, Rank 4/8:  22%|██▏       | 42/187 [01:09<04:43,  1.96s/it]Infer Qwen2.5-VL-32B-Instruct/MMStar, Rank 5/8:  10%|█         | 19/187 [01:09<18:38,  6.66s/it]Infer Qwen2.5-VL-32B-Instruct/MMStar, Rank 4/8:  23%|██▎       | 43/187 [01:10<03:43,  1.55s/it]Infer Qwen2.5-VL-32B-Instruct/MMStar, Rank 1/8:  21%|██▏       | 40/188 [01:10<06:17,  2.55s/it]Infer Qwen2.5-VL-32B-Instruct/MMStar, Rank 4/8:  24%|██▎       | 44/187 [01:10<03:05,  1.30s/it]Infer Qwen2.5-VL-32B-Instruct/MMStar, Rank 4/8:  24%|██▍       | 45/187 [01:11<02:33,  1.08s/it]Infer Qwen2.5-VL-32B-Instruct/MMStar, Rank 3/8:  10%|▉         | 18/188 [01:11<05:36,  1.98s/it]Infer Qwen2.5-VL-32B-Instruct/MMStar, Rank 4/8:  25%|██▍       | 46/187 [01:12<02:23,  1.01s/it]Infer Qwen2.5-VL-32B-Instruct/MMStar, Rank 3/8:  10%|█         | 19/188 [01:12<04:30,  1.60s/it]Infer Qwen2.5-VL-32B-Instruct/MMStar, Rank 1/8:  22%|██▏       | 41/188 [01:12<05:35,  2.28s/it]Infer Qwen2.5-VL-32B-Instruct/MMStar, Rank 5/8:  11%|█         | 20/187 [01:12<15:27,  5.56s/it]Infer Qwen2.5-VL-32B-Instruct/MMStar, Rank 1/8:  22%|██▏       | 42/188 [01:12<04:16,  1.76s/it]Infer Qwen2.5-VL-32B-Instruct/MMStar, Rank 3/8:  11%|█         | 20/188 [01:12<03:44,  1.34s/it]Infer Qwen2.5-VL-32B-Instruct/MMStar, Rank 4/8:  25%|██▌       | 47/187 [01:13<02:24,  1.03s/it]Infer Qwen2.5-VL-32B-Instruct/MMStar, Rank 1/8:  23%|██▎       | 43/188 [01:13<03:21,  1.39s/it]Infer Qwen2.5-VL-32B-Instruct/MMStar, Rank 3/8:  11%|█         | 21/188 [01:13<03:06,  1.11s/it]Infer Qwen2.5-VL-32B-Instruct/MMStar, Rank 4/8:  26%|██▌       | 48/187 [01:13<02:11,  1.06it/s]Infer Qwen2.5-VL-32B-Instruct/MMStar, Rank 6/8:  22%|██▏       | 41/187 [01:14<07:56,  3.26s/it]Infer Qwen2.5-VL-32B-Instruct/MMStar, Rank 4/8:  26%|██▌       | 49/187 [01:14<01:53,  1.22it/s]Infer Qwen2.5-VL-32B-Instruct/MMStar, Rank 4/8:  27%|██▋       | 50/187 [01:15<01:41,  1.35it/s]Infer Qwen2.5-VL-32B-Instruct/MMStar, Rank 4/8:  27%|██▋       | 51/187 [01:15<01:40,  1.35it/s]Infer Qwen2.5-VL-32B-Instruct/MMStar, Rank 1/8:  23%|██▎       | 44/188 [01:15<04:13,  1.76s/it]Infer Qwen2.5-VL-32B-Instruct/MMStar, Rank 5/8:  11%|█         | 21/187 [01:16<13:31,  4.89s/it]Infer Qwen2.5-VL-32B-Instruct/MMStar, Rank 4/8:  28%|██▊       | 52/187 [01:16<01:34,  1.43it/s]Infer Qwen2.5-VL-32B-Instruct/MMStar, Rank 1/8:  24%|██▍       | 45/188 [01:16<03:29,  1.46s/it]Infer Qwen2.5-VL-32B-Instruct/MMStar, Rank 5/8:  12%|█▏        | 22/187 [01:16<09:59,  3.63s/it]Infer Qwen2.5-VL-32B-Instruct/MMStar, Rank 3/8:  12%|█▏        | 22/188 [01:17<05:07,  1.85s/it]Infer Qwen2.5-VL-32B-Instruct/MMStar, Rank 5/8:  12%|█▏        | 23/187 [01:17<07:23,  2.70s/it]Infer Qwen2.5-VL-32B-Instruct/MMStar, Rank 1/8:  24%|██▍       | 46/188 [01:17<02:52,  1.21s/it]Infer Qwen2.5-VL-32B-Instruct/MMStar, Rank 5/8:  13%|█▎        | 24/187 [01:17<05:33,  2.05s/it]Infer Qwen2.5-VL-32B-Instruct/MMStar, Rank 1/8:  25%|██▌       | 47/188 [01:17<02:25,  1.03s/it]Infer Qwen2.5-VL-32B-Instruct/MMStar, Rank 5/8:  13%|█▎        | 25/187 [01:18<04:23,  1.63s/it]Infer Qwen2.5-VL-32B-Instruct/MMStar, Rank 0/8:  20%|█▉        | 37/188 [01:18<20:11,  8.02s/it]Infer Qwen2.5-VL-32B-Instruct/MMStar, Rank 5/8:  14%|█▍        | 26/187 [01:18<03:30,  1.31s/it]Infer Qwen2.5-VL-32B-Instruct/MMStar, Rank 0/8:  20%|██        | 38/188 [01:19<14:31,  5.81s/it]Infer Qwen2.5-VL-32B-Instruct/MMStar, Rank 5/8:  14%|█▍        | 27/187 [01:19<02:57,  1.11s/it]Infer Qwen2.5-VL-32B-Instruct/MMStar, Rank 5/8:  15%|█▍        | 28/187 [01:20<02:31,  1.05it/s]Infer Qwen2.5-VL-32B-Instruct/MMStar, Rank 0/8:  21%|██        | 39/188 [01:20<10:43,  4.32s/it]Infer Qwen2.5-VL-32B-Instruct/MMStar, Rank 1/8:  26%|██▌       | 48/188 [01:20<03:27,  1.48s/it]Infer Qwen2.5-VL-32B-Instruct/MMStar, Rank 3/8:  12%|█▏        | 23/188 [01:21<06:51,  2.50s/it]Infer Qwen2.5-VL-32B-Instruct/MMStar, Rank 0/8:  21%|██▏       | 40/188 [01:21<07:57,  3.22s/it]Infer Qwen2.5-VL-32B-Instruct/MMStar, Rank 1/8:  26%|██▌       | 49/188 [01:21<02:52,  1.24s/it]Infer Qwen2.5-VL-32B-Instruct/MMStar, Rank 3/8:  13%|█▎        | 24/188 [01:21<05:16,  1.93s/it]Infer Qwen2.5-VL-32B-Instruct/MMStar, Rank 0/8:  22%|██▏       | 41/188 [01:21<06:00,  2.45s/it]Infer Qwen2.5-VL-32B-Instruct/MMStar, Rank 5/8:  16%|█▌        | 29/187 [01:21<03:07,  1.19s/it]Infer Qwen2.5-VL-32B-Instruct/MMStar, Rank 1/8:  27%|██▋       | 50/188 [01:22<02:45,  1.20s/it]Infer Qwen2.5-VL-32B-Instruct/MMStar, Rank 0/8:  22%|██▏       | 42/188 [01:22<04:34,  1.88s/it]Infer Qwen2.5-VL-32B-Instruct/MMStar, Rank 5/8:  16%|█▌        | 30/187 [01:22<02:39,  1.02s/it]Infer Qwen2.5-VL-32B-Instruct/MMStar, Rank 7/8:  24%|██▎       | 44/187 [01:22<15:46,  6.62s/it]Infer Qwen2.5-VL-32B-Instruct/MMStar, Rank 1/8:  27%|██▋       | 51/188 [01:22<02:18,  1.01s/it]Infer Qwen2.5-VL-32B-Instruct/MMStar, Rank 0/8:  23%|██▎       | 43/188 [01:22<03:37,  1.50s/it]Infer Qwen2.5-VL-32B-Instruct/MMStar, Rank 5/8:  17%|█▋        | 31/187 [01:23<02:21,  1.11it/s]Infer Qwen2.5-VL-32B-Instruct/MMStar, Rank 0/8:  23%|██▎       | 44/188 [01:23<02:54,  1.21s/it]Infer Qwen2.5-VL-32B-Instruct/MMStar, Rank 7/8:  24%|██▍       | 45/187 [01:23<11:34,  4.89s/it]Infer Qwen2.5-VL-32B-Instruct/MMStar, Rank 1/8:  28%|██▊       | 52/188 [01:23<02:25,  1.07s/it]Infer Qwen2.5-VL-32B-Instruct/MMStar, Rank 0/8:  24%|██▍       | 45/188 [01:24<02:27,  1.03s/it]Infer Qwen2.5-VL-32B-Instruct/MMStar, Rank 7/8:  25%|██▍       | 46/187 [01:24<08:32,  3.64s/it]Infer Qwen2.5-VL-32B-Instruct/MMStar, Rank 1/8:  28%|██▊       | 53/188 [01:24<02:05,  1.08it/s]Infer Qwen2.5-VL-32B-Instruct/MMStar, Rank 7/8:  25%|██▌       | 47/187 [01:24<06:22,  2.74s/it]Infer Qwen2.5-VL-32B-Instruct/MMStar, Rank 3/8:  13%|█▎        | 25/188 [01:24<06:18,  2.32s/it]Infer Qwen2.5-VL-32B-Instruct/MMStar, Rank 0/8:  24%|██▍       | 46/188 [01:24<02:20,  1.01it/s]Infer Qwen2.5-VL-32B-Instruct/MMStar, Rank 1/8:  29%|██▊       | 54/188 [01:25<01:54,  1.17it/s]Infer Qwen2.5-VL-32B-Instruct/MMStar, Rank 7/8:  26%|██▌       | 48/187 [01:25<04:54,  2.12s/it]Infer Qwen2.5-VL-32B-Instruct/MMStar, Rank 3/8:  14%|█▍        | 26/188 [01:25<04:56,  1.83s/it]Infer Qwen2.5-VL-32B-Instruct/MMStar, Rank 1/8:  29%|██▉       | 55/188 [01:25<01:44,  1.28it/s]Infer Qwen2.5-VL-32B-Instruct/MMStar, Rank 7/8:  26%|██▌       | 49/187 [01:26<03:48,  1.66s/it]Infer Qwen2.5-VL-32B-Instruct/MMStar, Rank 1/8:  30%|██▉       | 56/188 [01:26<01:35,  1.39it/s]Infer Qwen2.5-VL-32B-Instruct/MMStar, Rank 1/8:  30%|███       | 57/188 [01:27<01:38,  1.32it/s]Infer Qwen2.5-VL-32B-Instruct/MMStar, Rank 1/8:  31%|███       | 58/188 [01:27<01:32,  1.41it/s]Infer Qwen2.5-VL-32B-Instruct/MMStar, Rank 1/8:  31%|███▏      | 59/188 [01:28<01:24,  1.52it/s]Infer Qwen2.5-VL-32B-Instruct/MMStar, Rank 1/8:  32%|███▏      | 60/188 [01:29<01:20,  1.59it/s]Infer Qwen2.5-VL-32B-Instruct/MMStar, Rank 3/8:  14%|█▍        | 27/188 [01:29<06:23,  2.38s/it]Infer Qwen2.5-VL-32B-Instruct/MMStar, Rank 1/8:  32%|███▏      | 61/188 [01:29<01:22,  1.54it/s]Infer Qwen2.5-VL-32B-Instruct/MMStar, Rank 3/8:  15%|█▍        | 28/188 [01:29<04:57,  1.86s/it]Infer Qwen2.5-VL-32B-Instruct/MMStar, Rank 1/8:  33%|███▎      | 62/188 [01:30<01:17,  1.62it/s]Infer Qwen2.5-VL-32B-Instruct/MMStar, Rank 3/8:  15%|█▌        | 29/188 [01:30<04:10,  1.58s/it]Infer Qwen2.5-VL-32B-Instruct/MMStar, Rank 3/8:  16%|█▌        | 30/188 [01:31<03:27,  1.32s/it]Infer Qwen2.5-VL-32B-Instruct/MMStar, Rank 0/8:  25%|██▌       | 47/188 [01:32<06:48,  2.90s/it]Infer Qwen2.5-VL-32B-Instruct/MMStar, Rank 5/8:  17%|█▋        | 32/187 [01:32<08:45,  3.39s/it]Infer Qwen2.5-VL-32B-Instruct/MMStar, Rank 3/8:  16%|█▋        | 31/188 [01:32<03:11,  1.22s/it]Infer Qwen2.5-VL-32B-Instruct/MMStar, Rank 0/8:  26%|██▌       | 48/188 [01:32<05:07,  2.20s/it]Infer Qwen2.5-VL-32B-Instruct/MMStar, Rank 5/8:  18%|█▊        | 33/187 [01:33<06:33,  2.56s/it]Infer Qwen2.5-VL-32B-Instruct/MMStar, Rank 3/8:  17%|█▋        | 32/188 [01:33<02:39,  1.02s/it]Infer Qwen2.5-VL-32B-Instruct/MMStar, Rank 0/8:  26%|██▌       | 49/188 [01:33<03:58,  1.72s/it]Infer Qwen2.5-VL-32B-Instruct/MMStar, Rank 0/8:  27%|██▋       | 50/188 [01:34<03:11,  1.38s/it]Infer Qwen2.5-VL-32B-Instruct/MMStar, Rank 5/8:  18%|█▊        | 34/187 [01:34<05:21,  2.10s/it]Infer Qwen2.5-VL-32B-Instruct/MMStar, Rank 0/8:  27%|██▋       | 51/188 [01:34<02:35,  1.13s/it]Infer Qwen2.5-VL-32B-Instruct/MMStar, Rank 5/8:  19%|█▊        | 35/187 [01:34<04:14,  1.68s/it]Infer Qwen2.5-VL-32B-Instruct/MMStar, Rank 0/8:  28%|██▊       | 52/188 [01:35<02:09,  1.05it/s]Infer Qwen2.5-VL-32B-Instruct/MMStar, Rank 5/8:  19%|█▉        | 36/187 [01:35<03:30,  1.40s/it]Infer Qwen2.5-VL-32B-Instruct/MMStar, Rank 0/8:  28%|██▊       | 53/188 [01:35<01:53,  1.19it/s]Infer Qwen2.5-VL-32B-Instruct/MMStar, Rank 5/8:  20%|█▉        | 37/187 [01:36<02:51,  1.14s/it]Infer Qwen2.5-VL-32B-Instruct/MMStar, Rank 7/8:  27%|██▋       | 50/187 [01:36<09:33,  4.18s/it]Infer Qwen2.5-VL-32B-Instruct/MMStar, Rank 6/8:  22%|██▏       | 42/187 [01:36<21:31,  8.90s/it]Infer Qwen2.5-VL-32B-Instruct/MMStar, Rank 7/8:  27%|██▋       | 51/187 [01:36<07:09,  3.16s/it]Infer Qwen2.5-VL-32B-Instruct/MMStar, Rank 6/8:  23%|██▎       | 43/187 [01:37<15:23,  6.41s/it]Infer Qwen2.5-VL-32B-Instruct/MMStar, Rank 7/8:  28%|██▊       | 52/187 [01:37<05:21,  2.38s/it]Infer Qwen2.5-VL-32B-Instruct/MMStar, Rank 6/8:  24%|██▎       | 44/187 [01:37<11:06,  4.66s/it]Infer Qwen2.5-VL-32B-Instruct/MMStar, Rank 6/8:  24%|██▍       | 45/187 [01:38<08:06,  3.43s/it]Infer Qwen2.5-VL-32B-Instruct/MMStar, Rank 4/8:  28%|██▊       | 53/187 [01:38<15:51,  7.10s/it]Infer Qwen2.5-VL-32B-Instruct/MMStar, Rank 6/8:  25%|██▍       | 46/187 [01:38<06:07,  2.60s/it]Infer Qwen2.5-VL-32B-Instruct/MMStar, Rank 4/8:  29%|██▉       | 54/187 [01:39<11:26,  5.16s/it]Infer Qwen2.5-VL-32B-Instruct/MMStar, Rank 7/8:  28%|██▊       | 53/187 [01:39<04:54,  2.20s/it]Infer Qwen2.5-VL-32B-Instruct/MMStar, Rank 6/8:  25%|██▌       | 47/187 [01:39<04:39,  1.99s/it]Infer Qwen2.5-VL-32B-Instruct/MMStar, Rank 4/8:  29%|██▉       | 55/187 [01:39<08:24,  3.82s/it]Infer Qwen2.5-VL-32B-Instruct/MMStar, Rank 7/8:  29%|██▉       | 54/187 [01:39<03:49,  1.72s/it]Infer Qwen2.5-VL-32B-Instruct/MMStar, Rank 6/8:  26%|██▌       | 48/187 [01:40<03:41,  1.59s/it]Infer Qwen2.5-VL-32B-Instruct/MMStar, Rank 4/8:  30%|██▉       | 56/187 [01:40<06:16,  2.87s/it]Infer Qwen2.5-VL-32B-Instruct/MMStar, Rank 7/8:  29%|██▉       | 55/187 [01:40<03:02,  1.39s/it]Infer Qwen2.5-VL-32B-Instruct/MMStar, Rank 6/8:  26%|██▌       | 49/187 [01:40<03:02,  1.32s/it]Infer Qwen2.5-VL-32B-Instruct/MMStar, Rank 0/8:  29%|██▊       | 54/188 [01:40<04:46,  2.14s/it]Infer Qwen2.5-VL-32B-Instruct/MMStar, Rank 4/8:  30%|███       | 57/187 [01:41<04:46,  2.20s/it]Infer Qwen2.5-VL-32B-Instruct/MMStar, Rank 7/8:  30%|██▉       | 56/187 [01:41<02:33,  1.17s/it]Infer Qwen2.5-VL-32B-Instruct/MMStar, Rank 3/8:  18%|█▊        | 33/188 [01:41<08:16,  3.20s/it]Infer Qwen2.5-VL-32B-Instruct/MMStar, Rank 6/8:  27%|██▋       | 50/187 [01:41<02:31,  1.10s/it]Infer Qwen2.5-VL-32B-Instruct/MMStar, Rank 0/8:  29%|██▉       | 55/188 [01:41<03:44,  1.69s/it]Infer Qwen2.5-VL-32B-Instruct/MMStar, Rank 7/8:  30%|███       | 57/187 [01:41<02:11,  1.01s/it]Infer Qwen2.5-VL-32B-Instruct/MMStar, Rank 3/8:  18%|█▊        | 34/188 [01:42<06:15,  2.44s/it]Infer Qwen2.5-VL-32B-Instruct/MMStar, Rank 0/8:  30%|██▉       | 56/188 [01:42<02:59,  1.36s/it]Infer Qwen2.5-VL-32B-Instruct/MMStar, Rank 5/8:  20%|██        | 38/187 [01:42<06:39,  2.68s/it]Infer Qwen2.5-VL-32B-Instruct/MMStar, Rank 7/8:  31%|███       | 58/187 [01:42<01:56,  1.11it/s]Infer Qwen2.5-VL-32B-Instruct/MMStar, Rank 0/8:  30%|███       | 57/188 [01:42<02:27,  1.12s/it]Infer Qwen2.5-VL-32B-Instruct/MMStar, Rank 5/8:  21%|██        | 39/187 [01:42<05:07,  2.08s/it]Infer Qwen2.5-VL-32B-Instruct/MMStar, Rank 7/8:  32%|███▏      | 59/187 [01:43<01:44,  1.23it/s]Infer Qwen2.5-VL-32B-Instruct/MMStar, Rank 0/8:  31%|███       | 58/188 [01:43<02:06,  1.03it/s]Infer Qwen2.5-VL-32B-Instruct/MMStar, Rank 7/8:  32%|███▏      | 60/187 [01:43<01:48,  1.17it/s]Infer Qwen2.5-VL-32B-Instruct/MMStar, Rank 5/8:  21%|██▏       | 40/187 [01:44<04:25,  1.81s/it]Infer Qwen2.5-VL-32B-Instruct/MMStar, Rank 2/8:   8%|▊         | 15/188 [01:44<49:48, 17.28s/it]Infer Qwen2.5-VL-32B-Instruct/MMStar, Rank 7/8:  33%|███▎      | 61/187 [01:44<01:41,  1.24it/s]Infer Qwen2.5-VL-32B-Instruct/MMStar, Rank 2/8:   9%|▊         | 16/188 [01:45<35:12, 12.28s/it]Infer Qwen2.5-VL-32B-Instruct/MMStar, Rank 7/8:  33%|███▎      | 62/187 [01:45<01:34,  1.33it/s]Infer Qwen2.5-VL-32B-Instruct/MMStar, Rank 2/8:   9%|▉         | 17/188 [01:45<24:59,  8.77s/it]Infer Qwen2.5-VL-32B-Instruct/MMStar, Rank 4/8:  31%|███       | 58/187 [01:46<06:45,  3.14s/it]Infer Qwen2.5-VL-32B-Instruct/MMStar, Rank 2/8:  10%|▉         | 18/188 [01:46<17:54,  6.32s/it]Infer Qwen2.5-VL-32B-Instruct/MMStar, Rank 0/8:  31%|███▏      | 59/188 [01:46<03:32,  1.65s/it]Infer Qwen2.5-VL-32B-Instruct/MMStar, Rank 5/8:  22%|██▏       | 41/187 [01:46<04:51,  2.00s/it]Infer Qwen2.5-VL-32B-Instruct/MMStar, Rank 6/8:  27%|██▋       | 51/187 [01:46<05:29,  2.42s/it]Infer Qwen2.5-VL-32B-Instruct/MMStar, Rank 4/8:  32%|███▏      | 59/187 [01:47<05:06,  2.39s/it]Infer Qwen2.5-VL-32B-Instruct/MMStar, Rank 5/8:  22%|██▏       | 42/187 [01:47<03:51,  1.59s/it]Infer Qwen2.5-VL-32B-Instruct/MMStar, Rank 0/8:  32%|███▏      | 60/188 [01:47<03:01,  1.42s/it]Infer Qwen2.5-VL-32B-Instruct/MMStar, Rank 6/8:  28%|██▊       | 52/187 [01:47<04:13,  1.88s/it]Infer Qwen2.5-VL-32B-Instruct/MMStar, Rank 4/8:  32%|███▏      | 60/187 [01:47<03:58,  1.88s/it]Infer Qwen2.5-VL-32B-Instruct/MMStar, Rank 5/8:  23%|██▎       | 43/187 [01:47<03:12,  1.34s/it]Infer Qwen2.5-VL-32B-Instruct/MMStar, Rank 0/8:  32%|███▏      | 61/188 [01:47<02:28,  1.17s/it]Infer Qwen2.5-VL-32B-Instruct/MMStar, Rank 5/8:  24%|██▎       | 44/187 [01:48<02:42,  1.14s/it]Infer Qwen2.5-VL-32B-Instruct/MMStar, Rank 4/8:  33%|███▎      | 61/187 [01:48<03:22,  1.61s/it]Infer Qwen2.5-VL-32B-Instruct/MMStar, Rank 0/8:  33%|███▎      | 62/188 [01:48<02:13,  1.06s/it]Infer Qwen2.5-VL-32B-Instruct/MMStar, Rank 6/8:  28%|██▊       | 53/187 [01:49<04:05,  1.83s/it]Infer Qwen2.5-VL-32B-Instruct/MMStar, Rank 5/8:  24%|██▍       | 45/187 [01:49<02:20,  1.01it/s]Infer Qwen2.5-VL-32B-Instruct/MMStar, Rank 0/8:  34%|███▎      | 63/188 [01:49<01:53,  1.10it/s]Infer Qwen2.5-VL-32B-Instruct/MMStar, Rank 4/8:  33%|███▎      | 62/187 [01:49<02:48,  1.35s/it]Infer Qwen2.5-VL-32B-Instruct/MMStar, Rank 2/8:  10%|█         | 19/188 [01:49<15:08,  5.37s/it]Infer Qwen2.5-VL-32B-Instruct/MMStar, Rank 0/8:  34%|███▍      | 64/188 [01:50<01:58,  1.05it/s]Infer Qwen2.5-VL-32B-Instruct/MMStar, Rank 5/8:  25%|██▍       | 46/187 [01:50<02:26,  1.04s/it]Infer Qwen2.5-VL-32B-Instruct/MMStar, Rank 5/8:  25%|██▌       | 47/187 [01:51<02:13,  1.05it/s]Infer Qwen2.5-VL-32B-Instruct/MMStar, Rank 1/8:  34%|███▎      | 63/188 [01:51<14:05,  6.76s/it]Infer Qwen2.5-VL-32B-Instruct/MMStar, Rank 5/8:  26%|██▌       | 48/187 [01:52<02:20,  1.01s/it]Infer Qwen2.5-VL-32B-Instruct/MMStar, Rank 5/8:  26%|██▌       | 49/187 [01:52<02:03,  1.12it/s]Infer Qwen2.5-VL-32B-Instruct/MMStar, Rank 3/8:  19%|█▊        | 35/188 [01:53<12:48,  5.02s/it]Infer Qwen2.5-VL-32B-Instruct/MMStar, Rank 2/8:  11%|█         | 20/188 [01:53<13:41,  4.89s/it]Infer Qwen2.5-VL-32B-Instruct/MMStar, Rank 3/8:  19%|█▉        | 36/188 [01:53<09:30,  3.75s/it]Infer Qwen2.5-VL-32B-Instruct/MMStar, Rank 5/8:  27%|██▋       | 50/187 [01:53<02:07,  1.07it/s]Infer Qwen2.5-VL-32B-Instruct/MMStar, Rank 2/8:  11%|█         | 21/188 [01:54<10:06,  3.63s/it]Infer Qwen2.5-VL-32B-Instruct/MMStar, Rank 6/8:  29%|██▉       | 54/187 [01:54<06:14,  2.82s/it]Infer Qwen2.5-VL-32B-Instruct/MMStar, Rank 3/8:  20%|█▉        | 37/188 [01:54<07:02,  2.80s/it]Infer Qwen2.5-VL-32B-Instruct/MMStar, Rank 5/8:  27%|██▋       | 51/187 [01:54<02:03,  1.10it/s]Infer Qwen2.5-VL-32B-Instruct/MMStar, Rank 3/8:  20%|██        | 38/188 [01:55<05:22,  2.15s/it]Infer Qwen2.5-VL-32B-Instruct/MMStar, Rank 6/8:  29%|██▉       | 55/187 [01:55<05:03,  2.30s/it]Infer Qwen2.5-VL-32B-Instruct/MMStar, Rank 5/8:  28%|██▊       | 52/187 [01:55<01:59,  1.13it/s]Infer Qwen2.5-VL-32B-Instruct/MMStar, Rank 6/8:  30%|██▉       | 56/187 [01:56<03:58,  1.82s/it]Infer Qwen2.5-VL-32B-Instruct/MMStar, Rank 6/8:  30%|███       | 57/187 [01:56<03:17,  1.52s/it]Infer Qwen2.5-VL-32B-Instruct/MMStar, Rank 2/8:  12%|█▏        | 22/188 [01:57<09:37,  3.48s/it]Infer Qwen2.5-VL-32B-Instruct/MMStar, Rank 6/8:  31%|███       | 58/187 [01:57<02:40,  1.25s/it]Infer Qwen2.5-VL-32B-Instruct/MMStar, Rank 7/8:  34%|███▎      | 63/187 [01:58<09:23,  4.55s/it]Infer Qwen2.5-VL-32B-Instruct/MMStar, Rank 6/8:  32%|███▏      | 59/187 [01:59<03:20,  1.56s/it]Infer Qwen2.5-VL-32B-Instruct/MMStar, Rank 2/8:  12%|█▏        | 23/188 [02:01<09:56,  3.61s/it]Infer Qwen2.5-VL-32B-Instruct/MMStar, Rank 0/8:  35%|███▍      | 65/188 [02:02<08:30,  4.15s/it]Infer Qwen2.5-VL-32B-Instruct/MMStar, Rank 1/8:  34%|███▍      | 64/188 [02:03<17:09,  8.31s/it]Infer Qwen2.5-VL-32B-Instruct/MMStar, Rank 3/8:  21%|██        | 39/188 [02:03<10:03,  4.05s/it]Infer Qwen2.5-VL-32B-Instruct/MMStar, Rank 3/8:  21%|██▏       | 40/188 [02:04<07:24,  3.01s/it]Infer Qwen2.5-VL-32B-Instruct/MMStar, Rank 3/8:  22%|██▏       | 41/188 [02:04<05:36,  2.29s/it]Infer Qwen2.5-VL-32B-Instruct/MMStar, Rank 3/8:  22%|██▏       | 42/188 [02:05<04:22,  1.80s/it]Infer Qwen2.5-VL-32B-Instruct/MMStar, Rank 0/8:  35%|███▌      | 66/188 [02:05<08:01,  3.94s/it]Infer Qwen2.5-VL-32B-Instruct/MMStar, Rank 3/8:  23%|██▎       | 43/188 [02:05<03:25,  1.42s/it]Infer Qwen2.5-VL-32B-Instruct/MMStar, Rank 5/8:  28%|██▊       | 53/187 [02:06<08:18,  3.72s/it]Infer Qwen2.5-VL-32B-Instruct/MMStar, Rank 3/8:  23%|██▎       | 44/188 [02:06<02:50,  1.18s/it]Infer Qwen2.5-VL-32B-Instruct/MMStar, Rank 5/8:  29%|██▉       | 54/187 [02:06<06:10,  2.79s/it]Infer Qwen2.5-VL-32B-Instruct/MMStar, Rank 2/8:  13%|█▎        | 24/188 [02:06<11:37,  4.25s/it]Infer Qwen2.5-VL-32B-Instruct/MMStar, Rank 3/8:  24%|██▍       | 45/188 [02:07<02:27,  1.03s/it]Infer Qwen2.5-VL-32B-Instruct/MMStar, Rank 5/8:  29%|██▉       | 55/187 [02:07<04:41,  2.13s/it]Infer Qwen2.5-VL-32B-Instruct/MMStar, Rank 3/8:  24%|██▍       | 46/188 [02:07<02:04,  1.14it/s]Infer Qwen2.5-VL-32B-Instruct/MMStar, Rank 5/8:  30%|██▉       | 56/187 [02:07<03:41,  1.69s/it]Infer Qwen2.5-VL-32B-Instruct/MMStar, Rank 1/8:  35%|███▍      | 65/188 [02:07<14:47,  7.21s/it]Infer Qwen2.5-VL-32B-Instruct/MMStar, Rank 2/8:  13%|█▎        | 25/188 [02:07<08:59,  3.31s/it]Infer Qwen2.5-VL-32B-Instruct/MMStar, Rank 2/8:  14%|█▍        | 26/188 [02:08<06:41,  2.48s/it]Infer Qwen2.5-VL-32B-Instruct/MMStar, Rank 5/8:  30%|███       | 57/187 [02:08<02:57,  1.36s/it]Infer Qwen2.5-VL-32B-Instruct/MMStar, Rank 3/8:  25%|██▌       | 47/188 [02:08<02:06,  1.12it/s]Infer Qwen2.5-VL-32B-Instruct/MMStar, Rank 1/8:  35%|███▌      | 66/188 [02:09<10:55,  5.38s/it]Infer Qwen2.5-VL-32B-Instruct/MMStar, Rank 5/8:  31%|███       | 58/187 [02:09<02:24,  1.12s/it]Infer Qwen2.5-VL-32B-Instruct/MMStar, Rank 2/8:  14%|█▍        | 27/188 [02:09<05:09,  1.92s/it]Infer Qwen2.5-VL-32B-Instruct/MMStar, Rank 3/8:  26%|██▌       | 48/188 [02:09<01:56,  1.21it/s]Infer Qwen2.5-VL-32B-Instruct/MMStar, Rank 6/8:  32%|███▏      | 60/187 [02:09<08:27,  4.00s/it]Infer Qwen2.5-VL-32B-Instruct/MMStar, Rank 5/8:  32%|███▏      | 59/187 [02:09<02:03,  1.04it/s]Infer Qwen2.5-VL-32B-Instruct/MMStar, Rank 2/8:  15%|█▍        | 28/188 [02:09<04:10,  1.56s/it]Infer Qwen2.5-VL-32B-Instruct/MMStar, Rank 3/8:  26%|██▌       | 49/188 [02:10<01:52,  1.24it/s]Infer Qwen2.5-VL-32B-Instruct/MMStar, Rank 6/8:  33%|███▎      | 61/187 [02:10<06:18,  3.00s/it]Infer Qwen2.5-VL-32B-Instruct/MMStar, Rank 5/8:  32%|███▏      | 60/187 [02:10<01:49,  1.16it/s]Infer Qwen2.5-VL-32B-Instruct/MMStar, Rank 2/8:  15%|█▌        | 29/188 [02:10<03:27,  1.30s/it]Infer Qwen2.5-VL-32B-Instruct/MMStar, Rank 4/8:  34%|███▎      | 63/187 [02:10<15:08,  7.33s/it]Infer Qwen2.5-VL-32B-Instruct/MMStar, Rank 5/8:  33%|███▎      | 61/187 [02:10<01:39,  1.27it/s]Infer Qwen2.5-VL-32B-Instruct/MMStar, Rank 6/8:  33%|███▎      | 62/187 [02:10<04:47,  2.30s/it]Infer Qwen2.5-VL-32B-Instruct/MMStar, Rank 4/8:  34%|███▍      | 64/187 [02:11<10:50,  5.29s/it]Infer Qwen2.5-VL-32B-Instruct/MMStar, Rank 2/8:  16%|█▌        | 30/188 [02:11<03:14,  1.23s/it]Infer Qwen2.5-VL-32B-Instruct/MMStar, Rank 6/8:  34%|███▎      | 63/187 [02:11<03:53,  1.88s/it]Infer Qwen2.5-VL-32B-Instruct/MMStar, Rank 4/8:  35%|███▍      | 65/187 [02:11<07:56,  3.90s/it]Infer Qwen2.5-VL-32B-Instruct/MMStar, Rank 3/8:  27%|██▋       | 50/188 [02:12<02:42,  1.18s/it]Infer Qwen2.5-VL-32B-Instruct/MMStar, Rank 6/8:  34%|███▍      | 64/187 [02:12<03:04,  1.50s/it]Infer Qwen2.5-VL-32B-Instruct/MMStar, Rank 4/8:  35%|███▌      | 66/187 [02:12<05:52,  2.91s/it]Infer Qwen2.5-VL-32B-Instruct/MMStar, Rank 2/8:  16%|█▋        | 31/188 [02:12<03:05,  1.18s/it]Infer Qwen2.5-VL-32B-Instruct/MMStar, Rank 7/8:  34%|███▍      | 64/187 [02:12<15:17,  7.46s/it]Infer Qwen2.5-VL-32B-Instruct/MMStar, Rank 4/8:  36%|███▌      | 67/187 [02:13<04:23,  2.20s/it]Infer Qwen2.5-VL-32B-Instruct/MMStar, Rank 7/8:  35%|███▍      | 65/187 [02:13<11:00,  5.41s/it]Infer Qwen2.5-VL-32B-Instruct/MMStar, Rank 3/8:  27%|██▋       | 51/188 [02:14<03:30,  1.54s/it]Infer Qwen2.5-VL-32B-Instruct/MMStar, Rank 5/8:  33%|███▎      | 62/187 [02:14<03:29,  1.67s/it]Infer Qwen2.5-VL-32B-Instruct/MMStar, Rank 7/8:  35%|███▌      | 66/187 [02:14<08:17,  4.12s/it]Infer Qwen2.5-VL-32B-Instruct/MMStar, Rank 2/8:  17%|█▋        | 32/188 [02:14<03:54,  1.51s/it]Infer Qwen2.5-VL-32B-Instruct/MMStar, Rank 3/8:  28%|██▊       | 52/188 [02:15<02:50,  1.25s/it]Infer Qwen2.5-VL-32B-Instruct/MMStar, Rank 2/8:  18%|█▊        | 33/188 [02:15<03:12,  1.24s/it]Infer Qwen2.5-VL-32B-Instruct/MMStar, Rank 2/8:  18%|█▊        | 34/188 [02:16<02:39,  1.04s/it]Infer Qwen2.5-VL-32B-Instruct/MMStar, Rank 2/8:  19%|█▊        | 35/188 [02:16<02:20,  1.09it/s]Infer Qwen2.5-VL-32B-Instruct/MMStar, Rank 4/8:  36%|███▋      | 68/187 [02:17<05:28,  2.76s/it]Infer Qwen2.5-VL-32B-Instruct/MMStar, Rank 2/8:  19%|█▉        | 36/188 [02:17<02:03,  1.23it/s]Infer Qwen2.5-VL-32B-Instruct/MMStar, Rank 6/8:  35%|███▍      | 65/187 [02:17<05:13,  2.57s/it]Infer Qwen2.5-VL-32B-Instruct/MMStar, Rank 3/8:  28%|██▊       | 53/188 [02:17<03:48,  1.69s/it]Infer Qwen2.5-VL-32B-Instruct/MMStar, Rank 2/8:  20%|█▉        | 37/188 [02:17<01:55,  1.31it/s]Infer Qwen2.5-VL-32B-Instruct/MMStar, Rank 4/8:  37%|███▋      | 69/187 [02:18<04:26,  2.26s/it]Infer Qwen2.5-VL-32B-Instruct/MMStar, Rank 3/8:  29%|██▊       | 54/188 [02:18<03:06,  1.39s/it]Infer Qwen2.5-VL-32B-Instruct/MMStar, Rank 2/8:  20%|██        | 38/188 [02:18<01:52,  1.33it/s]Infer Qwen2.5-VL-32B-Instruct/MMStar, Rank 0/8:  36%|███▌      | 67/188 [02:18<13:36,  6.74s/it]Infer Qwen2.5-VL-32B-Instruct/MMStar, Rank 3/8:  29%|██▉       | 55/188 [02:19<02:33,  1.15s/it]Infer Qwen2.5-VL-32B-Instruct/MMStar, Rank 2/8:  21%|██        | 39/188 [02:19<01:45,  1.42it/s]Infer Qwen2.5-VL-32B-Instruct/MMStar, Rank 0/8:  36%|███▌      | 68/188 [02:19<09:49,  4.92s/it]Infer Qwen2.5-VL-32B-Instruct/MMStar, Rank 3/8:  30%|██▉       | 56/188 [02:19<02:16,  1.04s/it]Infer Qwen2.5-VL-32B-Instruct/MMStar, Rank 0/8:  37%|███▋      | 69/188 [02:20<07:14,  3.65s/it]Infer Qwen2.5-VL-32B-Instruct/MMStar, Rank 3/8:  30%|███       | 57/188 [02:20<02:04,  1.06it/s]Infer Qwen2.5-VL-32B-Instruct/MMStar, Rank 0/8:  37%|███▋      | 70/188 [02:20<05:28,  2.79s/it]Infer Qwen2.5-VL-32B-Instruct/MMStar, Rank 3/8:  31%|███       | 58/188 [02:21<01:49,  1.19it/s]Infer Qwen2.5-VL-32B-Instruct/MMStar, Rank 3/8:  31%|███▏      | 59/188 [02:21<01:43,  1.24it/s]Infer Qwen2.5-VL-32B-Instruct/MMStar, Rank 1/8:  36%|███▌      | 67/188 [02:22<15:33,  7.71s/it]Infer Qwen2.5-VL-32B-Instruct/MMStar, Rank 3/8:  32%|███▏      | 60/188 [02:22<01:33,  1.38it/s]Infer Qwen2.5-VL-32B-Instruct/MMStar, Rank 1/8:  36%|███▌      | 68/188 [02:22<11:15,  5.63s/it]Infer Qwen2.5-VL-32B-Instruct/MMStar, Rank 3/8:  32%|███▏      | 61/188 [02:23<01:26,  1.47it/s]Infer Qwen2.5-VL-32B-Instruct/MMStar, Rank 1/8:  37%|███▋      | 69/188 [02:23<08:21,  4.22s/it]Infer Qwen2.5-VL-32B-Instruct/MMStar, Rank 5/8:  34%|███▎      | 63/187 [02:23<08:08,  3.94s/it]Infer Qwen2.5-VL-32B-Instruct/MMStar, Rank 3/8:  33%|███▎      | 62/188 [02:24<01:37,  1.29it/s]Infer Qwen2.5-VL-32B-Instruct/MMStar, Rank 5/8:  34%|███▍      | 64/187 [02:24<06:12,  3.03s/it]Infer Qwen2.5-VL-32B-Instruct/MMStar, Rank 3/8:  34%|███▎      | 63/188 [02:24<01:34,  1.33it/s]Infer Qwen2.5-VL-32B-Instruct/MMStar, Rank 5/8:  35%|███▍      | 65/187 [02:25<04:42,  2.31s/it]Infer Qwen2.5-VL-32B-Instruct/MMStar, Rank 5/8:  35%|███▌      | 66/187 [02:26<03:38,  1.80s/it]Infer Qwen2.5-VL-32B-Instruct/MMStar, Rank 7/8:  36%|███▌      | 67/187 [02:26<12:36,  6.30s/it]Infer Qwen2.5-VL-32B-Instruct/MMStar, Rank 5/8:  36%|███▌      | 67/187 [02:26<02:57,  1.48s/it]Infer Qwen2.5-VL-32B-Instruct/MMStar, Rank 5/8:  36%|███▋      | 68/187 [02:27<02:29,  1.26s/it]Infer Qwen2.5-VL-32B-Instruct/MMStar, Rank 2/8:  21%|██▏       | 40/188 [02:31<10:10,  4.13s/it]Infer Qwen2.5-VL-32B-Instruct/MMStar, Rank 6/8:  35%|███▌      | 66/187 [02:31<12:20,  6.12s/it]Infer Qwen2.5-VL-32B-Instruct/MMStar, Rank 2/8:  22%|██▏       | 41/188 [02:32<07:39,  3.12s/it]Infer Qwen2.5-VL-32B-Instruct/MMStar, Rank 2/8:  22%|██▏       | 42/188 [02:32<05:51,  2.40s/it]Infer Qwen2.5-VL-32B-Instruct/MMStar, Rank 2/8:  23%|██▎       | 43/188 [02:33<04:38,  1.92s/it]Infer Qwen2.5-VL-32B-Instruct/MMStar, Rank 2/8:  23%|██▎       | 44/188 [02:34<03:47,  1.58s/it]Infer Qwen2.5-VL-32B-Instruct/MMStar, Rank 0/8:  38%|███▊      | 71/188 [02:34<12:01,  6.16s/it]Infer Qwen2.5-VL-32B-Instruct/MMStar, Rank 3/8:  34%|███▍      | 64/188 [02:35<07:29,  3.63s/it]Infer Qwen2.5-VL-32B-Instruct/MMStar, Rank 2/8:  24%|██▍       | 45/188 [02:35<03:12,  1.34s/it]Infer Qwen2.5-VL-32B-Instruct/MMStar, Rank 3/8:  35%|███▍      | 65/188 [02:35<05:39,  2.76s/it]Infer Qwen2.5-VL-32B-Instruct/MMStar, Rank 2/8:  24%|██▍       | 46/188 [02:35<02:42,  1.15s/it]Infer Qwen2.5-VL-32B-Instruct/MMStar, Rank 3/8:  35%|███▌      | 66/188 [02:36<04:16,  2.10s/it]Infer Qwen2.5-VL-32B-Instruct/MMStar, Rank 2/8:  25%|██▌       | 47/188 [02:36<02:19,  1.01it/s]Infer Qwen2.5-VL-32B-Instruct/MMStar, Rank 3/8:  36%|███▌      | 67/188 [02:37<03:21,  1.66s/it]Infer Qwen2.5-VL-32B-Instruct/MMStar, Rank 2/8:  26%|██▌       | 48/188 [02:37<02:01,  1.15it/s]Infer Qwen2.5-VL-32B-Instruct/MMStar, Rank 7/8:  36%|███▋      | 68/187 [02:39<16:36,  8.37s/it]Infer Qwen2.5-VL-32B-Instruct/MMStar, Rank 7/8:  37%|███▋      | 69/187 [02:40<12:00,  6.11s/it]Infer Qwen2.5-VL-32B-Instruct/MMStar, Rank 2/8:  26%|██▌       | 49/188 [02:40<03:49,  1.65s/it]Infer Qwen2.5-VL-32B-Instruct/MMStar, Rank 2/8:  27%|██▋       | 50/188 [02:41<03:08,  1.37s/it]Infer Qwen2.5-VL-32B-Instruct/MMStar, Rank 7/8:  37%|███▋      | 70/187 [02:41<09:03,  4.65s/it]Infer Qwen2.5-VL-32B-Instruct/MMStar, Rank 5/8:  37%|███▋      | 69/187 [02:41<10:14,  5.21s/it]Infer Qwen2.5-VL-32B-Instruct/MMStar, Rank 2/8:  27%|██▋       | 51/188 [02:41<02:35,  1.13s/it]Infer Qwen2.5-VL-32B-Instruct/MMStar, Rank 2/8:  28%|██▊       | 52/188 [02:42<02:19,  1.03s/it]Infer Qwen2.5-VL-32B-Instruct/MMStar, Rank 2/8:  28%|██▊       | 53/188 [02:43<02:03,  1.09it/s]Infer Qwen2.5-VL-32B-Instruct/MMStar, Rank 5/8:  37%|███▋      | 70/187 [02:45<09:01,  4.63s/it]Infer Qwen2.5-VL-32B-Instruct/MMStar, Rank 5/8:  38%|███▊      | 71/187 [02:46<06:45,  3.49s/it]Infer Qwen2.5-VL-32B-Instruct/MMStar, Rank 2/8:  29%|██▊       | 54/188 [02:47<04:11,  1.88s/it]Infer Qwen2.5-VL-32B-Instruct/MMStar, Rank 2/8:  29%|██▉       | 55/188 [02:48<03:23,  1.53s/it]Infer Qwen2.5-VL-32B-Instruct/MMStar, Rank 5/8:  39%|███▊      | 72/187 [02:49<06:43,  3.51s/it]Infer Qwen2.5-VL-32B-Instruct/MMStar, Rank 2/8:  30%|██▉       | 56/188 [02:49<03:26,  1.56s/it]Infer Qwen2.5-VL-32B-Instruct/MMStar, Rank 2/8:  30%|███       | 57/188 [02:50<02:47,  1.28s/it]Infer Qwen2.5-VL-32B-Instruct/MMStar, Rank 5/8:  39%|███▉      | 73/187 [02:50<05:12,  2.74s/it]Infer Qwen2.5-VL-32B-Instruct/MMStar, Rank 2/8:  31%|███       | 58/188 [02:51<02:22,  1.10s/it]Infer Qwen2.5-VL-32B-Instruct/MMStar, Rank 3/8:  36%|███▌      | 68/188 [02:51<10:52,  5.44s/it]Infer Qwen2.5-VL-32B-Instruct/MMStar, Rank 3/8:  37%|███▋      | 69/188 [02:51<07:53,  3.98s/it]Infer Qwen2.5-VL-32B-Instruct/MMStar, Rank 2/8:  31%|███▏      | 59/188 [02:52<02:46,  1.29s/it]Infer Qwen2.5-VL-32B-Instruct/MMStar, Rank 2/8:  32%|███▏      | 60/188 [02:53<02:20,  1.10s/it]Infer Qwen2.5-VL-32B-Instruct/MMStar, Rank 2/8:  32%|███▏      | 61/188 [02:54<01:59,  1.06it/s]Infer Qwen2.5-VL-32B-Instruct/MMStar, Rank 2/8:  33%|███▎      | 62/188 [02:54<01:44,  1.21it/s]Infer Qwen2.5-VL-32B-Instruct/MMStar, Rank 2/8:  34%|███▎      | 63/188 [02:55<01:33,  1.33it/s]Infer Qwen2.5-VL-32B-Instruct/MMStar, Rank 6/8:  36%|███▌      | 67/187 [02:55<22:58, 11.49s/it]Infer Qwen2.5-VL-32B-Instruct/MMStar, Rank 6/8:  36%|███▋      | 68/187 [02:56<16:32,  8.34s/it]Infer Qwen2.5-VL-32B-Instruct/MMStar, Rank 5/8:  40%|███▉      | 74/187 [02:59<08:25,  4.47s/it]Infer Qwen2.5-VL-32B-Instruct/MMStar, Rank 5/8:  40%|████      | 75/187 [02:59<06:12,  3.33s/it]Infer Qwen2.5-VL-32B-Instruct/MMStar, Rank 2/8:  34%|███▍      | 64/188 [03:02<05:47,  2.80s/it]Infer Qwen2.5-VL-32B-Instruct/MMStar, Rank 7/8:  38%|███▊      | 71/187 [03:05<20:10, 10.43s/it]Infer Qwen2.5-VL-32B-Instruct/MMStar, Rank 7/8:  39%|███▊      | 72/187 [03:06<14:38,  7.64s/it]Infer Qwen2.5-VL-32B-Instruct/MMStar, Rank 2/8:  35%|███▍      | 65/188 [03:07<07:08,  3.48s/it]Infer Qwen2.5-VL-32B-Instruct/MMStar, Rank 0/8:  38%|███▊      | 72/188 [03:08<27:33, 14.26s/it]Infer Qwen2.5-VL-32B-Instruct/MMStar, Rank 2/8:  35%|███▌      | 66/188 [03:08<05:23,  2.65s/it]Infer Qwen2.5-VL-32B-Instruct/MMStar, Rank 0/8:  39%|███▉      | 73/188 [03:09<19:44, 10.30s/it]Infer Qwen2.5-VL-32B-Instruct/MMStar, Rank 3/8:  37%|███▋      | 70/188 [03:14<18:41,  9.51s/it]Infer Qwen2.5-VL-32B-Instruct/MMStar, Rank 7/8:  39%|███▉      | 73/187 [03:20<17:59,  9.47s/it]Infer Qwen2.5-VL-32B-Instruct/MMStar, Rank 5/8:  41%|████      | 76/187 [03:21<16:38,  9.00s/it]Infer Qwen2.5-VL-32B-Instruct/MMStar, Rank 6/8:  37%|███▋      | 69/187 [03:22<26:17, 13.37s/it]Infer Qwen2.5-VL-32B-Instruct/MMStar, Rank 0/8:  39%|███▉      | 74/188 [03:22<21:13, 11.17s/it]Infer Qwen2.5-VL-32B-Instruct/MMStar, Rank 6/8:  37%|███▋      | 70/187 [03:22<18:39,  9.57s/it]Infer Qwen2.5-VL-32B-Instruct/MMStar, Rank 2/8:  36%|███▌      | 67/188 [03:24<13:15,  6.57s/it]Infer Qwen2.5-VL-32B-Instruct/MMStar, Rank 2/8:  36%|███▌      | 68/188 [03:25<09:49,  4.91s/it]Infer Qwen2.5-VL-32B-Instruct/MMStar, Rank 2/8:  37%|███▋      | 69/188 [03:26<07:13,  3.65s/it]Infer Qwen2.5-VL-32B-Instruct/MMStar, Rank 7/8:  40%|███▉      | 74/187 [03:29<17:53,  9.50s/it]Infer Qwen2.5-VL-32B-Instruct/MMStar, Rank 7/8:  40%|████      | 75/187 [03:30<12:51,  6.89s/it]Infer Qwen2.5-VL-32B-Instruct/MMStar, Rank 7/8:  41%|████      | 76/187 [03:31<09:30,  5.14s/it]Infer Qwen2.5-VL-32B-Instruct/MMStar, Rank 0/8:  40%|███▉      | 75/188 [03:32<20:45, 11.02s/it]Infer Qwen2.5-VL-32B-Instruct/MMStar, Rank 5/8:  41%|████      | 77/187 [03:35<18:52, 10.30s/it]Infer Qwen2.5-VL-32B-Instruct/MMStar, Rank 7/8:  41%|████      | 77/187 [03:35<08:41,  4.75s/it]Infer Qwen2.5-VL-32B-Instruct/MMStar, Rank 0/8:  40%|████      | 76/188 [03:36<16:30,  8.84s/it]Infer Qwen2.5-VL-32B-Instruct/MMStar, Rank 3/8:  38%|███▊      | 71/188 [03:42<29:24, 15.08s/it]Infer Qwen2.5-VL-32B-Instruct/MMStar, Rank 5/8:  42%|████▏     | 78/187 [03:43<17:36,  9.69s/it]Infer Qwen2.5-VL-32B-Instruct/MMStar, Rank 6/8:  38%|███▊      | 71/187 [03:45<26:13, 13.56s/it]Infer Qwen2.5-VL-32B-Instruct/MMStar, Rank 3/8:  38%|███▊      | 72/188 [03:45<22:28, 11.63s/it]Infer Qwen2.5-VL-32B-Instruct/MMStar, Rank 6/8:  39%|███▊      | 72/187 [03:46<18:39,  9.73s/it]Infer Qwen2.5-VL-32B-Instruct/MMStar, Rank 3/8:  39%|███▉      | 73/188 [03:46<15:57,  8.32s/it]Infer Qwen2.5-VL-32B-Instruct/MMStar, Rank 6/8:  39%|███▉      | 73/187 [03:47<13:18,  7.00s/it]Infer Qwen2.5-VL-32B-Instruct/MMStar, Rank 2/8:  37%|███▋      | 70/188 [03:47<17:41,  8.99s/it]Infer Qwen2.5-VL-32B-Instruct/MMStar, Rank 6/8:  40%|███▉      | 74/187 [03:47<09:33,  5.07s/it]Infer Qwen2.5-VL-32B-Instruct/MMStar, Rank 2/8:  38%|███▊      | 71/188 [03:48<12:44,  6.53s/it]Infer Qwen2.5-VL-32B-Instruct/MMStar, Rank 6/8:  40%|████      | 75/187 [03:48<07:03,  3.78s/it]Infer Qwen2.5-VL-32B-Instruct/MMStar, Rank 2/8:  38%|███▊      | 72/188 [03:49<09:24,  4.87s/it]Infer Qwen2.5-VL-32B-Instruct/MMStar, Rank 7/8:  42%|████▏     | 78/187 [03:49<13:46,  7.58s/it]Infer Qwen2.5-VL-32B-Instruct/MMStar, Rank 2/8:  39%|███▉      | 73/188 [03:49<06:51,  3.58s/it]Infer Qwen2.5-VL-32B-Instruct/MMStar, Rank 7/8:  42%|████▏     | 79/187 [03:50<09:51,  5.47s/it]Infer Qwen2.5-VL-32B-Instruct/MMStar, Rank 0/8:  41%|████      | 77/188 [03:50<18:56, 10.24s/it]Infer Qwen2.5-VL-32B-Instruct/MMStar, Rank 0/8:  41%|████▏     | 78/188 [03:51<13:40,  7.46s/it]Infer Qwen2.5-VL-32B-Instruct/MMStar, Rank 0/8:  42%|████▏     | 79/188 [03:54<11:17,  6.22s/it]Infer Qwen2.5-VL-32B-Instruct/MMStar, Rank 3/8:  39%|███▉      | 74/188 [03:58<18:07,  9.54s/it]Infer Qwen2.5-VL-32B-Instruct/MMStar, Rank 2/8:  39%|███▉      | 74/188 [04:00<10:51,  5.72s/it]Infer Qwen2.5-VL-32B-Instruct/MMStar, Rank 2/8:  40%|███▉      | 75/188 [04:01<07:58,  4.24s/it]Infer Qwen2.5-VL-32B-Instruct/MMStar, Rank 2/8:  40%|████      | 76/188 [04:02<05:54,  3.16s/it]Infer Qwen2.5-VL-32B-Instruct/MMStar, Rank 5/8:  42%|████▏     | 79/187 [04:04<23:21, 12.97s/it]Infer Qwen2.5-VL-32B-Instruct/MMStar, Rank 5/8:  43%|████▎     | 80/187 [04:04<16:31,  9.26s/it]Infer Qwen2.5-VL-32B-Instruct/MMStar, Rank 6/8:  41%|████      | 76/187 [04:09<16:29,  8.91s/it]Infer Qwen2.5-VL-32B-Instruct/MMStar, Rank 7/8:  43%|████▎     | 80/187 [04:09<17:03,  9.57s/it]Infer Qwen2.5-VL-32B-Instruct/MMStar, Rank 6/8:  41%|████      | 77/187 [04:09<11:48,  6.44s/it]Infer Qwen2.5-VL-32B-Instruct/MMStar, Rank 6/8:  42%|████▏     | 78/187 [04:10<08:37,  4.74s/it]Infer Qwen2.5-VL-32B-Instruct/MMStar, Rank 5/8:  43%|████▎     | 81/187 [04:11<15:11,  8.60s/it]Infer Qwen2.5-VL-32B-Instruct/MMStar, Rank 5/8:  44%|████▍     | 82/187 [04:12<10:58,  6.28s/it]Infer Qwen2.5-VL-32B-Instruct/MMStar, Rank 5/8:  44%|████▍     | 83/187 [04:13<07:58,  4.60s/it]Infer Qwen2.5-VL-32B-Instruct/MMStar, Rank 5/8:  45%|████▍     | 84/187 [04:14<05:53,  3.43s/it]Infer Qwen2.5-VL-32B-Instruct/MMStar, Rank 3/8:  40%|███▉      | 75/188 [04:14<21:15, 11.28s/it]Infer Qwen2.5-VL-32B-Instruct/MMStar, Rank 5/8:  45%|████▌     | 85/187 [04:14<04:25,  2.60s/it]Infer Qwen2.5-VL-32B-Instruct/MMStar, Rank 0/8:  43%|████▎     | 80/188 [04:14<18:52, 10.48s/it]Infer Qwen2.5-VL-32B-Instruct/MMStar, Rank 5/8:  46%|████▌     | 86/187 [04:15<03:24,  2.03s/it]Infer Qwen2.5-VL-32B-Instruct/MMStar, Rank 0/8:  43%|████▎     | 81/188 [04:15<13:30,  7.57s/it]Infer Qwen2.5-VL-32B-Instruct/MMStar, Rank 0/8:  44%|████▎     | 82/188 [04:16<09:43,  5.51s/it]Infer Qwen2.5-VL-32B-Instruct/MMStar, Rank 0/8:  44%|████▍     | 83/188 [04:17<07:05,  4.05s/it]Infer Qwen2.5-VL-32B-Instruct/MMStar, Rank 0/8:  45%|████▍     | 84/188 [04:18<05:26,  3.14s/it]Infer Qwen2.5-VL-32B-Instruct/MMStar, Rank 3/8:  40%|████      | 76/188 [04:18<17:18,  9.27s/it]Infer Qwen2.5-VL-32B-Instruct/MMStar, Rank 5/8:  47%|████▋     | 87/187 [04:19<04:16,  2.57s/it]Infer Qwen2.5-VL-32B-Instruct/MMStar, Rank 3/8:  41%|████      | 77/188 [04:19<12:26,  6.72s/it]Infer Qwen2.5-VL-32B-Instruct/MMStar, Rank 2/8:  41%|████      | 77/188 [04:19<13:56,  7.54s/it]Infer Qwen2.5-VL-32B-Instruct/MMStar, Rank 5/8:  47%|████▋     | 88/187 [04:19<03:17,  2.00s/it]Infer Qwen2.5-VL-32B-Instruct/MMStar, Rank 2/8:  41%|████▏     | 78/188 [04:20<10:08,  5.53s/it]Infer Qwen2.5-VL-32B-Instruct/MMStar, Rank 5/8:  48%|████▊     | 89/187 [04:20<02:39,  1.62s/it]Infer Qwen2.5-VL-32B-Instruct/MMStar, Rank 5/8:  48%|████▊     | 90/187 [04:21<02:13,  1.37s/it]Infer Qwen2.5-VL-32B-Instruct/MMStar, Rank 2/8:  42%|████▏     | 79/188 [04:21<07:45,  4.27s/it]Infer Qwen2.5-VL-32B-Instruct/MMStar, Rank 5/8:  49%|████▊     | 91/187 [04:22<01:51,  1.16s/it]Infer Qwen2.5-VL-32B-Instruct/MMStar, Rank 0/8:  45%|████▌     | 85/188 [04:22<06:04,  3.54s/it]Infer Qwen2.5-VL-32B-Instruct/MMStar, Rank 0/8:  46%|████▌     | 86/188 [04:23<04:51,  2.86s/it]Infer Qwen2.5-VL-32B-Instruct/MMStar, Rank 5/8:  49%|████▉     | 92/187 [04:25<02:40,  1.69s/it]Infer Qwen2.5-VL-32B-Instruct/MMStar, Rank 6/8:  42%|████▏     | 79/187 [04:26<14:22,  7.98s/it]Infer Qwen2.5-VL-32B-Instruct/MMStar, Rank 6/8:  43%|████▎     | 80/187 [04:26<10:17,  5.78s/it]Infer Qwen2.5-VL-32B-Instruct/MMStar, Rank 6/8:  43%|████▎     | 81/187 [04:27<07:33,  4.28s/it]Infer Qwen2.5-VL-32B-Instruct/MMStar, Rank 7/8:  43%|████▎     | 81/187 [04:30<23:02, 13.04s/it]Infer Qwen2.5-VL-32B-Instruct/MMStar, Rank 7/8:  44%|████▍     | 82/187 [04:31<16:16,  9.30s/it]Infer Qwen2.5-VL-32B-Instruct/MMStar, Rank 6/8:  44%|████▍     | 82/187 [04:33<08:26,  4.82s/it]Infer Qwen2.5-VL-32B-Instruct/MMStar, Rank 0/8:  46%|████▋     | 87/188 [04:34<08:37,  5.12s/it]Infer Qwen2.5-VL-32B-Instruct/MMStar, Rank 0/8:  47%|████▋     | 88/188 [04:34<06:17,  3.78s/it]Infer Qwen2.5-VL-32B-Instruct/MMStar, Rank 5/8:  50%|████▉     | 93/187 [04:36<07:08,  4.56s/it]Infer Qwen2.5-VL-32B-Instruct/MMStar, Rank 5/8:  50%|█████     | 94/187 [04:36<05:14,  3.38s/it]Infer Qwen2.5-VL-32B-Instruct/MMStar, Rank 5/8:  51%|█████     | 95/187 [04:37<03:58,  2.59s/it]Infer Qwen2.5-VL-32B-Instruct/MMStar, Rank 0/8:  47%|████▋     | 89/188 [04:38<05:53,  3.58s/it]Infer Qwen2.5-VL-32B-Instruct/MMStar, Rank 0/8:  48%|████▊     | 90/188 [04:38<04:25,  2.71s/it]Infer Qwen2.5-VL-32B-Instruct/MMStar, Rank 0/8:  48%|████▊     | 91/188 [04:39<03:20,  2.07s/it]Infer Qwen2.5-VL-32B-Instruct/MMStar, Rank 0/8:  49%|████▉     | 92/188 [04:39<02:33,  1.60s/it]Infer Qwen2.5-VL-32B-Instruct/MMStar, Rank 0/8:  49%|████▉     | 93/188 [04:40<02:07,  1.35s/it]Infer Qwen2.5-VL-32B-Instruct/MMStar, Rank 2/8:  43%|████▎     | 80/188 [04:42<16:17,  9.05s/it]Infer Qwen2.5-VL-32B-Instruct/MMStar, Rank 0/8:  50%|█████     | 94/188 [04:43<02:52,  1.84s/it]Infer Qwen2.5-VL-32B-Instruct/MMStar, Rank 5/8:  51%|█████▏    | 96/187 [04:47<07:09,  4.72s/it]Infer Qwen2.5-VL-32B-Instruct/MMStar, Rank 0/8:  51%|█████     | 95/188 [04:47<03:51,  2.49s/it]Infer Qwen2.5-VL-32B-Instruct/MMStar, Rank 0/8:  51%|█████     | 96/188 [04:48<02:57,  1.93s/it]Infer Qwen2.5-VL-32B-Instruct/MMStar, Rank 0/8:  52%|█████▏    | 97/188 [04:48<02:20,  1.54s/it]Infer Qwen2.5-VL-32B-Instruct/MMStar, Rank 6/8:  44%|████▍     | 83/187 [04:51<15:01,  8.67s/it]Infer Qwen2.5-VL-32B-Instruct/MMStar, Rank 6/8:  45%|████▍     | 84/187 [04:52<10:46,  6.27s/it]Infer Qwen2.5-VL-32B-Instruct/MMStar, Rank 3/8:  41%|████▏     | 78/188 [04:56<29:01, 15.83s/it]Infer Qwen2.5-VL-32B-Instruct/MMStar, Rank 0/8:  52%|█████▏    | 98/188 [04:59<06:16,  4.19s/it]Infer Qwen2.5-VL-32B-Instruct/MMStar, Rank 5/8:  52%|█████▏    | 97/187 [05:02<11:40,  7.78s/it]Infer Qwen2.5-VL-32B-Instruct/MMStar, Rank 7/8:  44%|████▍     | 83/187 [05:16<34:51, 20.12s/it]Infer Qwen2.5-VL-32B-Instruct/MMStar, Rank 3/8:  42%|████▏     | 79/188 [05:17<31:25, 17.30s/it]Infer Qwen2.5-VL-32B-Instruct/MMStar, Rank 7/8:  45%|████▍     | 84/187 [05:19<25:47, 15.02s/it]Infer Qwen2.5-VL-32B-Instruct/MMStar, Rank 2/8:  43%|████▎     | 81/188 [05:19<31:31, 17.67s/it]Infer Qwen2.5-VL-32B-Instruct/MMStar, Rank 2/8:  44%|████▎     | 82/188 [05:20<22:19, 12.64s/it]Infer Qwen2.5-VL-32B-Instruct/MMStar, Rank 2/8:  44%|████▍     | 83/188 [05:21<15:48,  9.03s/it]Infer Qwen2.5-VL-32B-Instruct/MMStar, Rank 5/8:  52%|█████▏    | 98/187 [05:21<16:39, 11.23s/it]Infer Qwen2.5-VL-32B-Instruct/MMStar, Rank 7/8:  45%|████▌     | 85/187 [05:24<20:33, 12.09s/it]Infer Qwen2.5-VL-32B-Instruct/MMStar, Rank 6/8:  45%|████▌     | 85/187 [05:28<26:17, 15.47s/it]Infer Qwen2.5-VL-32B-Instruct/MMStar, Rank 6/8:  46%|████▌     | 86/187 [05:29<18:33, 11.03s/it]Infer Qwen2.5-VL-32B-Instruct/MMStar, Rank 6/8:  47%|████▋     | 87/187 [05:30<13:15,  7.96s/it]Infer Qwen2.5-VL-32B-Instruct/MMStar, Rank 5/8:  53%|█████▎    | 99/187 [05:30<15:40, 10.69s/it]Infer Qwen2.5-VL-32B-Instruct/MMStar, Rank 6/8:  47%|████▋     | 88/187 [05:31<09:38,  5.84s/it]Infer Qwen2.5-VL-32B-Instruct/MMStar, Rank 6/8:  48%|████▊     | 89/187 [05:31<06:58,  4.27s/it]Infer Qwen2.5-VL-32B-Instruct/MMStar, Rank 6/8:  48%|████▊     | 90/187 [05:32<05:07,  3.17s/it]Infer Qwen2.5-VL-32B-Instruct/MMStar, Rank 6/8:  49%|████▊     | 91/187 [05:33<03:57,  2.47s/it]Infer Qwen2.5-VL-32B-Instruct/MMStar, Rank 0/8:  53%|█████▎    | 99/188 [05:34<19:55, 13.43s/it]Infer Qwen2.5-VL-32B-Instruct/MMStar, Rank 6/8:  49%|████▉     | 92/187 [05:34<03:14,  2.05s/it]Infer Qwen2.5-VL-32B-Instruct/MMStar, Rank 6/8:  50%|████▉     | 93/187 [05:35<02:38,  1.69s/it]Infer Qwen2.5-VL-32B-Instruct/MMStar, Rank 6/8:  50%|█████     | 94/187 [05:36<02:16,  1.46s/it]Infer Qwen2.5-VL-32B-Instruct/MMStar, Rank 6/8:  51%|█████     | 95/187 [05:37<02:01,  1.32s/it]Infer Qwen2.5-VL-32B-Instruct/MMStar, Rank 3/8:  43%|████▎     | 80/188 [05:37<32:35, 18.10s/it]Infer Qwen2.5-VL-32B-Instruct/MMStar, Rank 6/8:  51%|█████▏    | 96/187 [05:38<01:52,  1.23s/it]Infer Qwen2.5-VL-32B-Instruct/MMStar, Rank 3/8:  43%|████▎     | 81/188 [05:38<23:04, 12.94s/it]Infer Qwen2.5-VL-32B-Instruct/MMStar, Rank 7/8:  46%|████▌     | 86/187 [05:43<23:47, 14.14s/it]Infer Qwen2.5-VL-32B-Instruct/MMStar, Rank 7/8:  47%|████▋     | 87/187 [05:48<19:03, 11.43s/it]Infer Qwen2.5-VL-32B-Instruct/MMStar, Rank 5/8:  53%|█████▎    | 100/187 [05:51<19:45, 13.62s/it]Infer Qwen2.5-VL-32B-Instruct/MMStar, Rank 7/8:  47%|████▋     | 88/187 [05:52<14:58,  9.07s/it]Infer Qwen2.5-VL-32B-Instruct/MMStar, Rank 7/8:  48%|████▊     | 89/187 [05:53<10:42,  6.56s/it]Infer Qwen2.5-VL-32B-Instruct/MMStar, Rank 7/8:  48%|████▊     | 90/187 [05:53<07:44,  4.79s/it]Infer Qwen2.5-VL-32B-Instruct/MMStar, Rank 7/8:  49%|████▊     | 91/187 [05:54<05:41,  3.56s/it]Infer Qwen2.5-VL-32B-Instruct/MMStar, Rank 5/8:  54%|█████▍    | 101/187 [05:55<15:14, 10.63s/it]Infer Qwen2.5-VL-32B-Instruct/MMStar, Rank 2/8:  45%|████▍     | 84/188 [05:58<30:01, 17.32s/it]Infer Qwen2.5-VL-32B-Instruct/MMStar, Rank 2/8:  45%|████▌     | 85/188 [05:58<21:09, 12.33s/it]Infer Qwen2.5-VL-32B-Instruct/MMStar, Rank 7/8:  49%|████▉     | 92/187 [05:59<06:31,  4.12s/it]Infer Qwen2.5-VL-32B-Instruct/MMStar, Rank 2/8:  46%|████▌     | 86/188 [06:03<16:59,  9.99s/it]Infer Qwen2.5-VL-32B-Instruct/MMStar, Rank 0/8:  53%|█████▎    | 100/188 [06:04<26:56, 18.37s/it]Infer Qwen2.5-VL-32B-Instruct/MMStar, Rank 2/8:  46%|████▋     | 87/188 [06:04<12:10,  7.23s/it]Infer Qwen2.5-VL-32B-Instruct/MMStar, Rank 7/8:  50%|████▉     | 93/187 [06:04<06:43,  4.29s/it]Infer Qwen2.5-VL-32B-Instruct/MMStar, Rank 5/8:  55%|█████▍    | 102/187 [06:04<14:36, 10.31s/it]Infer Qwen2.5-VL-32B-Instruct/MMStar, Rank 2/8:  47%|████▋     | 88/188 [06:04<08:45,  5.25s/it]Infer Qwen2.5-VL-32B-Instruct/MMStar, Rank 5/8:  55%|█████▌    | 103/187 [06:11<12:52,  9.20s/it]Infer Qwen2.5-VL-32B-Instruct/MMStar, Rank 2/8:  47%|████▋     | 89/188 [06:11<09:23,  5.70s/it]Infer Qwen2.5-VL-32B-Instruct/MMStar, Rank 2/8:  48%|████▊     | 90/188 [06:12<06:46,  4.15s/it]Infer Qwen2.5-VL-32B-Instruct/MMStar, Rank 5/8:  56%|█████▌    | 104/187 [06:12<09:14,  6.68s/it]Infer Qwen2.5-VL-32B-Instruct/MMStar, Rank 2/8:  48%|████▊     | 91/188 [06:12<04:59,  3.08s/it]Infer Qwen2.5-VL-32B-Instruct/MMStar, Rank 5/8:  56%|█████▌    | 105/187 [06:12<06:38,  4.86s/it]Infer Qwen2.5-VL-32B-Instruct/MMStar, Rank 2/8:  49%|████▉     | 92/188 [06:13<03:47,  2.37s/it]Infer Qwen2.5-VL-32B-Instruct/MMStar, Rank 5/8:  57%|█████▋    | 106/187 [06:13<04:54,  3.64s/it]Infer Qwen2.5-VL-32B-Instruct/MMStar, Rank 3/8:  44%|████▎     | 82/188 [06:15<35:49, 20.28s/it]Infer Qwen2.5-VL-32B-Instruct/MMStar, Rank 0/8:  54%|█████▎    | 101/188 [06:19<25:32, 17.61s/it]Infer Qwen2.5-VL-32B-Instruct/MMStar, Rank 5/8:  57%|█████▋    | 107/187 [06:28<09:35,  7.19s/it]Infer Qwen2.5-VL-32B-Instruct/MMStar, Rank 2/8:  49%|████▉     | 93/188 [06:29<10:06,  6.38s/it]Infer Qwen2.5-VL-32B-Instruct/MMStar, Rank 2/8:  50%|█████     | 94/188 [06:29<07:20,  4.69s/it]Infer Qwen2.5-VL-32B-Instruct/MMStar, Rank 6/8:  52%|█████▏    | 97/187 [06:30<24:36, 16.41s/it]Infer Qwen2.5-VL-32B-Instruct/MMStar, Rank 3/8:  44%|████▍     | 83/188 [06:30<32:38, 18.65s/it]Infer Qwen2.5-VL-32B-Instruct/MMStar, Rank 3/8:  45%|████▍     | 84/188 [06:31<23:04, 13.31s/it]Infer Qwen2.5-VL-32B-Instruct/MMStar, Rank 3/8:  45%|████▌     | 85/188 [06:32<16:26,  9.58s/it]Infer Qwen2.5-VL-32B-Instruct/MMStar, Rank 2/8:  51%|█████     | 95/188 [06:35<07:40,  4.95s/it]Infer Qwen2.5-VL-32B-Instruct/MMStar, Rank 5/8:  58%|█████▊    | 108/187 [06:35<09:10,  6.97s/it]Infer Qwen2.5-VL-32B-Instruct/MMStar, Rank 2/8:  51%|█████     | 96/188 [06:35<05:35,  3.64s/it]Infer Qwen2.5-VL-32B-Instruct/MMStar, Rank 0/8:  54%|█████▍    | 102/188 [06:39<26:18, 18.36s/it]Infer Qwen2.5-VL-32B-Instruct/MMStar, Rank 5/8:  58%|█████▊    | 109/187 [06:41<08:49,  6.79s/it]Infer Qwen2.5-VL-32B-Instruct/MMStar, Rank 2/8:  52%|█████▏    | 97/188 [06:46<08:51,  5.84s/it]Infer Qwen2.5-VL-32B-Instruct/MMStar, Rank 3/8:  46%|████▌     | 86/188 [06:48<19:45, 11.63s/it]Infer Qwen2.5-VL-32B-Instruct/MMStar, Rank 3/8:  46%|████▋     | 87/188 [06:49<13:57,  8.30s/it]Infer Qwen2.5-VL-32B-Instruct/MMStar, Rank 3/8:  47%|████▋     | 88/188 [06:50<10:14,  6.15s/it]Infer Qwen2.5-VL-32B-Instruct/MMStar, Rank 7/8:  50%|█████     | 94/187 [06:50<26:02, 16.80s/it]Infer Qwen2.5-VL-32B-Instruct/MMStar, Rank 7/8:  51%|█████     | 95/187 [06:51<18:25, 12.01s/it]Infer Qwen2.5-VL-32B-Instruct/MMStar, Rank 7/8:  51%|█████▏    | 96/187 [06:52<13:05,  8.63s/it]Infer Qwen2.5-VL-32B-Instruct/MMStar, Rank 3/8:  47%|████▋     | 89/188 [06:56<10:15,  6.22s/it]Infer Qwen2.5-VL-32B-Instruct/MMStar, Rank 3/8:  48%|████▊     | 90/188 [06:57<07:28,  4.57s/it]Infer Qwen2.5-VL-32B-Instruct/MMStar, Rank 3/8:  48%|████▊     | 91/188 [06:58<05:28,  3.38s/it]Infer Qwen2.5-VL-32B-Instruct/MMStar, Rank 3/8:  49%|████▉     | 92/188 [06:58<04:05,  2.56s/it]Infer Qwen2.5-VL-32B-Instruct/MMStar, Rank 6/8:  52%|█████▏    | 98/187 [06:58<29:47, 20.08s/it]Infer Qwen2.5-VL-32B-Instruct/MMStar, Rank 0/8:  55%|█████▍    | 103/188 [07:15<33:09, 23.40s/it]Infer Qwen2.5-VL-32B-Instruct/MMStar, Rank 3/8:  49%|████▉     | 93/188 [07:16<11:19,  7.15s/it]Infer Qwen2.5-VL-32B-Instruct/MMStar, Rank 2/8:  52%|█████▏    | 98/188 [07:16<19:35, 13.06s/it]Infer Qwen2.5-VL-32B-Instruct/MMStar, Rank 3/8:  50%|█████     | 94/188 [07:17<08:06,  5.17s/it]Infer Qwen2.5-VL-32B-Instruct/MMStar, Rank 6/8:  53%|█████▎    | 99/187 [07:23<31:35, 21.54s/it]Infer Qwen2.5-VL-32B-Instruct/MMStar, Rank 5/8:  59%|█████▉    | 110/187 [07:26<23:26, 18.26s/it]Infer Qwen2.5-VL-32B-Instruct/MMStar, Rank 5/8:  59%|█████▉    | 111/187 [07:27<16:29, 13.02s/it]Infer Qwen2.5-VL-32B-Instruct/MMStar, Rank 6/8:  53%|█████▎    | 100/187 [07:27<23:38, 16.30s/it]Infer Qwen2.5-VL-32B-Instruct/MMStar, Rank 5/8:  60%|█████▉    | 112/187 [07:28<11:36,  9.28s/it]Infer Qwen2.5-VL-32B-Instruct/MMStar, Rank 0/8:  55%|█████▌    | 104/188 [07:29<29:07, 20.80s/it]Infer Qwen2.5-VL-32B-Instruct/MMStar, Rank 0/8:  56%|█████▌    | 105/188 [07:33<21:27, 15.51s/it]Infer Qwen2.5-VL-32B-Instruct/MMStar, Rank 6/8:  54%|█████▍    | 101/187 [07:35<19:32, 13.63s/it]Infer Qwen2.5-VL-32B-Instruct/MMStar, Rank 3/8:  51%|█████     | 95/188 [07:38<15:29,  9.99s/it]Infer Qwen2.5-VL-32B-Instruct/MMStar, Rank 0/8:  56%|█████▋    | 106/188 [07:38<17:11, 12.58s/it]Infer Qwen2.5-VL-32B-Instruct/MMStar, Rank 3/8:  51%|█████     | 96/188 [07:39<11:08,  7.27s/it]Infer Qwen2.5-VL-32B-Instruct/MMStar, Rank 6/8:  55%|█████▍    | 102/187 [07:40<15:52, 11.21s/it]Infer Qwen2.5-VL-32B-Instruct/MMStar, Rank 7/8:  52%|█████▏    | 97/187 [07:40<30:58, 20.65s/it]Infer Qwen2.5-VL-32B-Instruct/MMStar, Rank 5/8:  60%|██████    | 113/187 [07:55<17:58, 14.58s/it]Infer Qwen2.5-VL-32B-Instruct/MMStar, Rank 0/8:  57%|█████▋    | 107/188 [07:55<18:47, 13.92s/it]Infer Qwen2.5-VL-32B-Instruct/MMStar, Rank 3/8:  52%|█████▏    | 97/188 [07:57<16:04, 10.60s/it]Infer Qwen2.5-VL-32B-Instruct/MMStar, Rank 3/8:  52%|█████▏    | 98/188 [08:00<12:33,  8.37s/it]Infer Qwen2.5-VL-32B-Instruct/MMStar, Rank 4/8:  37%|███▋      | 70/187 [08:02<3:24:43, 104.98s/it]Infer Qwen2.5-VL-32B-Instruct/MMStar, Rank 4/8:  38%|███▊      | 71/187 [08:03<2:22:24, 73.66s/it] Infer Qwen2.5-VL-32B-Instruct/MMStar, Rank 6/8:  55%|█████▌    | 103/187 [08:03<20:42, 14.79s/it]Infer Qwen2.5-VL-32B-Instruct/MMStar, Rank 4/8:  39%|███▊      | 72/187 [08:04<1:39:12, 51.76s/it]Infer Qwen2.5-VL-32B-Instruct/MMStar, Rank 4/8:  39%|███▉      | 73/187 [08:05<1:09:26, 36.55s/it]Infer Qwen2.5-VL-32B-Instruct/MMStar, Rank 4/8:  40%|███▉      | 74/187 [08:06<48:44, 25.88s/it]  Infer Qwen2.5-VL-32B-Instruct/MMStar, Rank 5/8:  61%|██████    | 114/187 [08:07<16:47, 13.80s/it]Infer Qwen2.5-VL-32B-Instruct/MMStar, Rank 6/8:  56%|█████▌    | 104/187 [08:08<16:08, 11.66s/it]Infer Qwen2.5-VL-32B-Instruct/MMStar, Rank 0/8:  57%|█████▋    | 108/188 [08:10<18:56, 14.20s/it]Infer Qwen2.5-VL-32B-Instruct/MMStar, Rank 5/8:  61%|██████▏   | 115/187 [08:15<14:45, 12.30s/it]Infer Qwen2.5-VL-32B-Instruct/MMStar, Rank 5/8:  62%|██████▏   | 116/187 [08:16<10:27,  8.84s/it]Infer Qwen2.5-VL-32B-Instruct/MMStar, Rank 6/8:  56%|█████▌    | 105/187 [08:18<15:25, 11.29s/it]Infer Qwen2.5-VL-32B-Instruct/MMStar, Rank 4/8:  40%|████      | 75/187 [08:18<40:57, 21.94s/it]Infer Qwen2.5-VL-32B-Instruct/MMStar, Rank 2/8:  53%|█████▎    | 99/188 [08:19<41:26, 27.94s/it]Infer Qwen2.5-VL-32B-Instruct/MMStar, Rank 4/8:  41%|████      | 76/187 [08:22<30:19, 16.39s/it]Infer Qwen2.5-VL-32B-Instruct/MMStar, Rank 0/8:  58%|█████▊    | 109/188 [08:22<17:54, 13.60s/it]Infer Qwen2.5-VL-32B-Instruct/MMStar, Rank 6/8:  57%|█████▋    | 106/187 [08:23<12:28,  9.24s/it]Infer Qwen2.5-VL-32B-Instruct/MMStar, Rank 4/8:  41%|████      | 77/187 [08:23<21:30, 11.73s/it]Infer Qwen2.5-VL-32B-Instruct/MMStar, Rank 2/8:  53%|█████▎    | 100/188 [08:23<30:28, 20.78s/it]Infer Qwen2.5-VL-32B-Instruct/MMStar, Rank 1/8:  37%|███▋      | 70/188 [08:23<3:38:09, 110.93s/it]Infer Qwen2.5-VL-32B-Instruct/MMStar, Rank 1/8:  38%|███▊      | 71/188 [08:26<2:32:47, 78.35s/it] Infer Qwen2.5-VL-32B-Instruct/MMStar, Rank 7/8:  52%|█████▏    | 98/187 [08:26<41:44, 28.14s/it]Infer Qwen2.5-VL-32B-Instruct/MMStar, Rank 1/8:  38%|███▊      | 72/188 [08:26<1:46:21, 55.01s/it]Infer Qwen2.5-VL-32B-Instruct/MMStar, Rank 5/8:  63%|██████▎   | 117/187 [08:26<10:45,  9.22s/it]Infer Qwen2.5-VL-32B-Instruct/MMStar, Rank 1/8:  39%|███▉      | 73/188 [08:27<1:14:06, 38.67s/it]Infer Qwen2.5-VL-32B-Instruct/MMStar, Rank 4/8:  42%|████▏     | 78/187 [08:31<19:17, 10.62s/it]Infer Qwen2.5-VL-32B-Instruct/MMStar, Rank 3/8:  53%|█████▎    | 99/188 [08:34<23:39, 15.95s/it]Infer Qwen2.5-VL-32B-Instruct/MMStar, Rank 6/8:  57%|█████▋    | 107/187 [08:35<13:26, 10.08s/it]Infer Qwen2.5-VL-32B-Instruct/MMStar, Rank 4/8:  42%|████▏     | 79/187 [08:36<16:25,  9.12s/it]Infer Qwen2.5-VL-32B-Instruct/MMStar, Rank 1/8:  39%|███▉      | 74/188 [08:37<57:01, 30.01s/it]  Infer Qwen2.5-VL-32B-Instruct/MMStar, Rank 1/8:  40%|███▉      | 75/188 [08:37<39:58, 21.23s/it]Infer Qwen2.5-VL-32B-Instruct/MMStar, Rank 1/8:  40%|████      | 76/188 [08:38<28:08, 15.08s/it]Infer Qwen2.5-VL-32B-Instruct/MMStar, Rank 0/8:  59%|█████▊    | 110/188 [08:38<18:31, 14.25s/it]Infer Qwen2.5-VL-32B-Instruct/MMStar, Rank 7/8:  53%|█████▎    | 99/187 [08:39<34:36, 23.60s/it]Infer Qwen2.5-VL-32B-Instruct/MMStar, Rank 3/8:  53%|█████▎    | 100/188 [08:39<18:36, 12.69s/it]Infer Qwen2.5-VL-32B-Instruct/MMStar, Rank 1/8:  41%|████      | 77/188 [08:39<20:08, 10.89s/it]Infer Qwen2.5-VL-32B-Instruct/MMStar, Rank 1/8:  41%|████▏     | 78/188 [08:42<15:41,  8.56s/it]Infer Qwen2.5-VL-32B-Instruct/MMStar, Rank 2/8:  54%|█████▎    | 101/188 [08:44<30:11, 20.82s/it]Infer Qwen2.5-VL-32B-Instruct/MMStar, Rank 2/8:  54%|█████▍    | 102/188 [08:45<21:08, 14.75s/it]Infer Qwen2.5-VL-32B-Instruct/MMStar, Rank 5/8:  63%|██████▎   | 118/187 [08:45<13:58, 12.16s/it]Infer Qwen2.5-VL-32B-Instruct/MMStar, Rank 1/8:  42%|████▏     | 79/188 [08:46<12:54,  7.10s/it]Infer Qwen2.5-VL-32B-Instruct/MMStar, Rank 1/8:  43%|████▎     | 80/188 [08:47<09:24,  5.23s/it]Infer Qwen2.5-VL-32B-Instruct/MMStar, Rank 1/8:  43%|████▎     | 81/188 [08:47<06:48,  3.81s/it]Infer Qwen2.5-VL-32B-Instruct/MMStar, Rank 1/8:  44%|████▎     | 82/188 [08:48<05:01,  2.84s/it]Infer Qwen2.5-VL-32B-Instruct/MMStar, Rank 4/8:  43%|████▎     | 80/187 [08:48<17:42,  9.93s/it]Infer Qwen2.5-VL-32B-Instruct/MMStar, Rank 4/8:  43%|████▎     | 81/187 [08:49<12:51,  7.27s/it]Infer Qwen2.5-VL-32B-Instruct/MMStar, Rank 1/8:  44%|████▍     | 83/188 [08:49<04:13,  2.41s/it]Infer Qwen2.5-VL-32B-Instruct/MMStar, Rank 1/8:  45%|████▍     | 84/188 [08:50<03:20,  1.93s/it]Infer Qwen2.5-VL-32B-Instruct/MMStar, Rank 4/8:  44%|████▍     | 82/187 [08:50<09:24,  5.38s/it]Infer Qwen2.5-VL-32B-Instruct/MMStar, Rank 3/8:  54%|█████▎    | 101/188 [08:50<17:48, 12.28s/it]Infer Qwen2.5-VL-32B-Instruct/MMStar, Rank 2/8:  55%|█████▍    | 103/188 [08:57<19:51, 14.01s/it]Infer Qwen2.5-VL-32B-Instruct/MMStar, Rank 6/8:  58%|█████▊    | 108/187 [08:57<18:04, 13.72s/it]Infer Qwen2.5-VL-32B-Instruct/MMStar, Rank 5/8:  64%|██████▎   | 119/187 [08:59<14:08, 12.48s/it]Infer Qwen2.5-VL-32B-Instruct/MMStar, Rank 4/8:  44%|████▍     | 83/187 [09:00<11:25,  6.59s/it]Infer Qwen2.5-VL-32B-Instruct/MMStar, Rank 4/8:  45%|████▍     | 84/187 [09:00<08:17,  4.83s/it]Infer Qwen2.5-VL-32B-Instruct/MMStar, Rank 2/8:  55%|█████▌    | 104/188 [09:00<15:15, 10.89s/it]Infer Qwen2.5-VL-32B-Instruct/MMStar, Rank 2/8:  56%|█████▌    | 105/188 [09:01<10:56,  7.91s/it]Infer Qwen2.5-VL-32B-Instruct/MMStar, Rank 7/8:  53%|█████▎    | 100/187 [09:02<33:47, 23.31s/it]Infer Qwen2.5-VL-32B-Instruct/MMStar, Rank 3/8:  54%|█████▍    | 102/188 [09:02<17:31, 12.22s/it]Infer Qwen2.5-VL-32B-Instruct/MMStar, Rank 6/8:  58%|█████▊    | 109/187 [09:10<17:42, 13.62s/it]Infer Qwen2.5-VL-32B-Instruct/MMStar, Rank 0/8:  59%|█████▉    | 111/188 [09:11<25:15, 19.69s/it]Infer Qwen2.5-VL-32B-Instruct/MMStar, Rank 1/8:  45%|████▌     | 85/188 [09:11<13:14,  7.71s/it]Infer Qwen2.5-VL-32B-Instruct/MMStar, Rank 1/8:  46%|████▌     | 86/188 [09:12<09:35,  5.64s/it]Infer Qwen2.5-VL-32B-Instruct/MMStar, Rank 1/8:  46%|████▋     | 87/188 [09:13<06:58,  4.14s/it]Infer Qwen2.5-VL-32B-Instruct/MMStar, Rank 1/8:  47%|████▋     | 88/188 [09:13<05:05,  3.06s/it]Infer Qwen2.5-VL-32B-Instruct/MMStar, Rank 1/8:  47%|████▋     | 89/188 [09:14<03:50,  2.32s/it]Infer Qwen2.5-VL-32B-Instruct/MMStar, Rank 7/8:  54%|█████▍    | 101/187 [09:14<28:55, 20.18s/it]Infer Qwen2.5-VL-32B-Instruct/MMStar, Rank 1/8:  48%|████▊     | 90/188 [09:14<02:56,  1.80s/it]Infer Qwen2.5-VL-32B-Instruct/MMStar, Rank 1/8:  48%|████▊     | 91/188 [09:15<02:19,  1.44s/it]Infer Qwen2.5-VL-32B-Instruct/MMStar, Rank 0/8:  60%|█████▉    | 112/188 [09:15<19:13, 15.18s/it]Infer Qwen2.5-VL-32B-Instruct/MMStar, Rank 5/8:  64%|██████▍   | 120/187 [09:16<15:32, 13.91s/it]Infer Qwen2.5-VL-32B-Instruct/MMStar, Rank 1/8:  49%|████▉     | 92/188 [09:16<01:58,  1.24s/it]Infer Qwen2.5-VL-32B-Instruct/MMStar, Rank 5/8:  65%|██████▍   | 121/187 [09:17<11:05, 10.08s/it]Infer Qwen2.5-VL-32B-Instruct/MMStar, Rank 1/8:  49%|████▉     | 93/188 [09:17<02:01,  1.28s/it]Infer Qwen2.5-VL-32B-Instruct/MMStar, Rank 6/8:  59%|█████▉    | 110/187 [09:17<14:53, 11.61s/it]Infer Qwen2.5-VL-32B-Instruct/MMStar, Rank 7/8:  55%|█████▍    | 102/187 [09:18<21:21, 15.08s/it]Infer Qwen2.5-VL-32B-Instruct/MMStar, Rank 1/8:  50%|█████     | 94/188 [09:18<01:40,  1.07s/it]Infer Qwen2.5-VL-32B-Instruct/MMStar, Rank 0/8:  60%|██████    | 113/188 [09:19<14:48, 11.84s/it]Infer Qwen2.5-VL-32B-Instruct/MMStar, Rank 2/8:  56%|█████▋    | 106/188 [09:20<15:03, 11.02s/it]Infer Qwen2.5-VL-32B-Instruct/MMStar, Rank 6/8:  59%|█████▉    | 111/187 [09:21<11:49,  9.33s/it]Infer Qwen2.5-VL-32B-Instruct/MMStar, Rank 3/8:  55%|█████▍    | 103/188 [09:22<20:26, 14.43s/it]Infer Qwen2.5-VL-32B-Instruct/MMStar, Rank 6/8:  60%|█████▉    | 112/187 [09:26<10:03,  8.05s/it]Infer Qwen2.5-VL-32B-Instruct/MMStar, Rank 3/8:  55%|█████▌    | 104/188 [09:29<17:16, 12.33s/it]Infer Qwen2.5-VL-32B-Instruct/MMStar, Rank 5/8:  65%|██████▌   | 122/187 [09:31<12:13, 11.29s/it]Infer Qwen2.5-VL-32B-Instruct/MMStar, Rank 2/8:  57%|█████▋    | 107/188 [09:32<15:14, 11.28s/it]Infer Qwen2.5-VL-32B-Instruct/MMStar, Rank 4/8:  45%|████▌     | 85/187 [09:34<22:49, 13.42s/it]Infer Qwen2.5-VL-32B-Instruct/MMStar, Rank 4/8:  46%|████▌     | 86/187 [09:34<16:04,  9.55s/it]Infer Qwen2.5-VL-32B-Instruct/MMStar, Rank 4/8:  47%|████▋     | 87/187 [09:35<11:23,  6.84s/it]Infer Qwen2.5-VL-32B-Instruct/MMStar, Rank 4/8:  47%|████▋     | 88/187 [09:35<08:11,  4.96s/it]Infer Qwen2.5-VL-32B-Instruct/MMStar, Rank 0/8:  61%|██████    | 114/188 [09:38<17:02, 13.82s/it]Infer Qwen2.5-VL-32B-Instruct/MMStar, Rank 6/8:  60%|██████    | 113/187 [09:39<11:34,  9.38s/it]Infer Qwen2.5-VL-32B-Instruct/MMStar, Rank 3/8:  56%|█████▌    | 105/188 [09:40<16:27, 11.90s/it]Infer Qwen2.5-VL-32B-Instruct/MMStar, Rank 4/8:  48%|████▊     | 89/187 [09:41<08:15,  5.06s/it]Infer Qwen2.5-VL-32B-Instruct/MMStar, Rank 4/8:  48%|████▊     | 90/187 [09:41<05:58,  3.70s/it]Infer Qwen2.5-VL-32B-Instruct/MMStar, Rank 4/8:  49%|████▊     | 91/187 [09:42<04:22,  2.74s/it]Infer Qwen2.5-VL-32B-Instruct/MMStar, Rank 2/8:  57%|█████▋    | 108/188 [09:42<14:37, 10.97s/it]Infer Qwen2.5-VL-32B-Instruct/MMStar, Rank 4/8:  49%|████▉     | 92/187 [09:42<03:19,  2.10s/it]Infer Qwen2.5-VL-32B-Instruct/MMStar, Rank 6/8:  61%|██████    | 114/187 [09:43<09:28,  7.78s/it]Infer Qwen2.5-VL-32B-Instruct/MMStar, Rank 0/8:  61%|██████    | 115/188 [09:43<13:47, 11.33s/it]Infer Qwen2.5-VL-32B-Instruct/MMStar, Rank 4/8:  50%|████▉     | 93/187 [09:45<03:33,  2.27s/it]Infer Qwen2.5-VL-32B-Instruct/MMStar, Rank 4/8:  50%|█████     | 94/187 [09:46<02:42,  1.74s/it]Infer Qwen2.5-VL-32B-Instruct/MMStar, Rank 4/8:  51%|█████     | 95/187 [09:46<02:13,  1.45s/it]Infer Qwen2.5-VL-32B-Instruct/MMStar, Rank 4/8:  51%|█████▏    | 96/187 [09:47<01:55,  1.27s/it]Infer Qwen2.5-VL-32B-Instruct/MMStar, Rank 0/8:  62%|██████▏   | 116/188 [09:49<11:43,  9.78s/it]Infer Qwen2.5-VL-32B-Instruct/MMStar, Rank 0/8:  62%|██████▏   | 117/188 [09:50<08:18,  7.02s/it]Infer Qwen2.5-VL-32B-Instruct/MMStar, Rank 2/8:  58%|█████▊    | 109/188 [09:54<14:57, 11.36s/it]Infer Qwen2.5-VL-32B-Instruct/MMStar, Rank 3/8:  56%|█████▋    | 106/188 [09:56<17:41, 12.95s/it]Infer Qwen2.5-VL-32B-Instruct/MMStar, Rank 6/8:  61%|██████▏   | 115/187 [09:56<11:25,  9.53s/it]Infer Qwen2.5-VL-32B-Instruct/MMStar, Rank 4/8:  52%|█████▏    | 97/187 [10:00<07:11,  4.80s/it]Infer Qwen2.5-VL-32B-Instruct/MMStar, Rank 0/8:  63%|██████▎   | 118/188 [10:02<10:02,  8.61s/it]Infer Qwen2.5-VL-32B-Instruct/MMStar, Rank 5/8:  66%|██████▌   | 123/187 [10:04<18:52, 17.70s/it]Infer Qwen2.5-VL-32B-Instruct/MMStar, Rank 3/8:  57%|█████▋    | 107/188 [10:05<15:54, 11.78s/it]Infer Qwen2.5-VL-32B-Instruct/MMStar, Rank 4/8:  52%|█████▏    | 98/187 [10:06<07:38,  5.15s/it]Infer Qwen2.5-VL-32B-Instruct/MMStar, Rank 1/8:  51%|█████     | 95/188 [10:07<24:05, 15.55s/it]Infer Qwen2.5-VL-32B-Instruct/MMStar, Rank 6/8:  62%|██████▏   | 116/187 [10:08<12:07, 10.24s/it]Infer Qwen2.5-VL-32B-Instruct/MMStar, Rank 3/8:  57%|█████▋    | 108/188 [10:10<13:15,  9.94s/it]Infer Qwen2.5-VL-32B-Instruct/MMStar, Rank 6/8:  63%|██████▎   | 117/187 [10:15<10:51,  9.30s/it]Infer Qwen2.5-VL-32B-Instruct/MMStar, Rank 2/8:  59%|█████▊    | 110/188 [10:16<18:41, 14.37s/it]Infer Qwen2.5-VL-32B-Instruct/MMStar, Rank 2/8:  59%|█████▉    | 111/188 [10:25<16:34, 12.91s/it]Infer Qwen2.5-VL-32B-Instruct/MMStar, Rank 0/8:  63%|██████▎   | 119/188 [10:27<15:17, 13.30s/it]Infer Qwen2.5-VL-32B-Instruct/MMStar, Rank 1/8:  51%|█████     | 96/188 [10:28<26:08, 17.05s/it]Infer Qwen2.5-VL-32B-Instruct/MMStar, Rank 2/8:  60%|█████▉    | 112/188 [10:29<12:53, 10.18s/it]Infer Qwen2.5-VL-32B-Instruct/MMStar, Rank 2/8:  60%|██████    | 113/188 [10:30<09:12,  7.36s/it]Infer Qwen2.5-VL-32B-Instruct/MMStar, Rank 4/8:  53%|█████▎    | 99/187 [10:30<15:46, 10.76s/it]Infer Qwen2.5-VL-32B-Instruct/MMStar, Rank 2/8:  61%|██████    | 114/188 [10:30<06:38,  5.39s/it]Infer Qwen2.5-VL-32B-Instruct/MMStar, Rank 5/8:  66%|██████▋   | 124/187 [10:31<21:42, 20.67s/it]Infer Qwen2.5-VL-32B-Instruct/MMStar, Rank 4/8:  53%|█████▎    | 100/187 [10:33<12:25,  8.57s/it]Infer Qwen2.5-VL-32B-Instruct/MMStar, Rank 3/8:  58%|█████▊    | 109/188 [10:35<18:58, 14.41s/it]Infer Qwen2.5-VL-32B-Instruct/MMStar, Rank 6/8:  63%|██████▎   | 118/187 [10:36<14:28, 12.59s/it]Infer Qwen2.5-VL-32B-Instruct/MMStar, Rank 6/8:  64%|██████▎   | 119/187 [10:36<10:14,  9.04s/it]Infer Qwen2.5-VL-32B-Instruct/MMStar, Rank 7/8:  55%|█████▌    | 103/187 [10:37<48:05, 34.35s/it]Infer Qwen2.5-VL-32B-Instruct/MMStar, Rank 1/8:  52%|█████▏    | 97/188 [10:38<22:39, 14.94s/it]Infer Qwen2.5-VL-32B-Instruct/MMStar, Rank 6/8:  64%|██████▍   | 120/187 [10:38<07:30,  6.73s/it]Infer Qwen2.5-VL-32B-Instruct/MMStar, Rank 7/8:  56%|█████▌    | 104/187 [10:38<33:38, 24.32s/it]Infer Qwen2.5-VL-32B-Instruct/MMStar, Rank 2/8:  61%|██████    | 115/188 [10:38<07:21,  6.05s/it]Infer Qwen2.5-VL-32B-Instruct/MMStar, Rank 4/8:  54%|█████▍    | 101/187 [10:42<12:25,  8.66s/it]Infer Qwen2.5-VL-32B-Instruct/MMStar, Rank 3/8:  59%|█████▊    | 110/188 [10:43<16:00, 12.32s/it]Infer Qwen2.5-VL-32B-Instruct/MMStar, Rank 4/8:  55%|█████▍    | 102/187 [10:43<08:51,  6.26s/it]Infer Qwen2.5-VL-32B-Instruct/MMStar, Rank 0/8:  64%|██████▍   | 120/188 [10:44<16:21, 14.43s/it]Infer Qwen2.5-VL-32B-Instruct/MMStar, Rank 6/8:  65%|██████▍   | 121/187 [10:44<07:10,  6.52s/it]Infer Qwen2.5-VL-32B-Instruct/MMStar, Rank 3/8:  59%|█████▉    | 111/188 [10:46<12:13,  9.53s/it]Infer Qwen2.5-VL-32B-Instruct/MMStar, Rank 3/8:  60%|█████▉    | 112/188 [10:47<08:44,  6.91s/it]Infer Qwen2.5-VL-32B-Instruct/MMStar, Rank 3/8:  60%|██████    | 113/188 [10:47<06:15,  5.01s/it]Infer Qwen2.5-VL-32B-Instruct/MMStar, Rank 6/8:  65%|██████▌   | 122/187 [10:48<06:27,  5.96s/it]Infer Qwen2.5-VL-32B-Instruct/MMStar, Rank 4/8:  55%|█████▌    | 103/187 [10:50<09:16,  6.62s/it]Infer Qwen2.5-VL-32B-Instruct/MMStar, Rank 5/8:  67%|██████▋   | 125/187 [10:51<21:03, 20.37s/it]Infer Qwen2.5-VL-32B-Instruct/MMStar, Rank 2/8:  62%|██████▏   | 116/188 [10:51<09:56,  8.28s/it]Infer Qwen2.5-VL-32B-Instruct/MMStar, Rank 7/8:  56%|█████▌    | 105/187 [10:54<30:04, 22.01s/it]Infer Qwen2.5-VL-32B-Instruct/MMStar, Rank 3/8:  61%|██████    | 114/188 [10:55<07:17,  5.92s/it]Infer Qwen2.5-VL-32B-Instruct/MMStar, Rank 2/8:  62%|██████▏   | 117/188 [11:03<10:50,  9.16s/it]Infer Qwen2.5-VL-32B-Instruct/MMStar, Rank 4/8:  56%|█████▌    | 104/187 [11:03<11:41,  8.46s/it]Infer Qwen2.5-VL-32B-Instruct/MMStar, Rank 2/8:  63%|██████▎   | 118/188 [11:03<07:40,  6.58s/it]Infer Qwen2.5-VL-32B-Instruct/MMStar, Rank 0/8:  64%|██████▍   | 121/188 [11:04<18:05, 16.21s/it]Infer Qwen2.5-VL-32B-Instruct/MMStar, Rank 4/8:  56%|█████▌    | 105/187 [11:04<08:32,  6.25s/it]Infer Qwen2.5-VL-32B-Instruct/MMStar, Rank 7/8:  57%|█████▋    | 106/187 [11:05<25:11, 18.66s/it]Infer Qwen2.5-VL-32B-Instruct/MMStar, Rank 5/8:  67%|██████▋   | 126/187 [11:08<19:45, 19.43s/it]Infer Qwen2.5-VL-32B-Instruct/MMStar, Rank 1/8:  52%|█████▏    | 98/188 [11:09<29:43, 19.81s/it]Infer Qwen2.5-VL-32B-Instruct/MMStar, Rank 6/8:  66%|██████▌   | 123/187 [11:11<11:45, 11.03s/it]Infer Qwen2.5-VL-32B-Instruct/MMStar, Rank 4/8:  57%|█████▋    | 106/187 [11:15<10:20,  7.66s/it]Infer Qwen2.5-VL-32B-Instruct/MMStar, Rank 3/8:  61%|██████    | 115/188 [11:17<13:01, 10.71s/it]Infer Qwen2.5-VL-32B-Instruct/MMStar, Rank 6/8:  66%|██████▋   | 124/187 [11:18<10:09,  9.68s/it]Infer Qwen2.5-VL-32B-Instruct/MMStar, Rank 2/8:  63%|██████▎   | 119/188 [11:21<11:14,  9.78s/it]Infer Qwen2.5-VL-32B-Instruct/MMStar, Rank 4/8:  57%|█████▋    | 107/187 [11:23<10:22,  7.78s/it]Infer Qwen2.5-VL-32B-Instruct/MMStar, Rank 0/8:  65%|██████▍   | 122/188 [11:24<19:13, 17.48s/it]Infer Qwen2.5-VL-32B-Instruct/MMStar, Rank 3/8:  62%|██████▏   | 116/188 [11:25<11:53,  9.91s/it]Infer Qwen2.5-VL-32B-Instruct/MMStar, Rank 0/8:  65%|██████▌   | 123/188 [11:25<13:36, 12.55s/it]Infer Qwen2.5-VL-32B-Instruct/MMStar, Rank 4/8:  58%|█████▊    | 108/187 [11:27<08:33,  6.50s/it]Infer Qwen2.5-VL-32B-Instruct/MMStar, Rank 4/8:  58%|█████▊    | 109/187 [11:30<07:13,  5.56s/it]Infer Qwen2.5-VL-32B-Instruct/MMStar, Rank 2/8:  64%|██████▍   | 120/188 [11:32<11:36, 10.25s/it]Infer Qwen2.5-VL-32B-Instruct/MMStar, Rank 7/8:  57%|█████▋    | 107/187 [11:37<29:56, 22.46s/it]Infer Qwen2.5-VL-32B-Instruct/MMStar, Rank 3/8:  62%|██████▏   | 117/188 [11:42<14:22, 12.14s/it]Infer Qwen2.5-VL-32B-Instruct/MMStar, Rank 0/8:  66%|██████▌   | 124/188 [11:48<16:36, 15.57s/it]Infer Qwen2.5-VL-32B-Instruct/MMStar, Rank 6/8:  67%|██████▋   | 125/187 [11:50<16:51, 16.31s/it]Infer Qwen2.5-VL-32B-Instruct/MMStar, Rank 4/8:  59%|█████▉    | 110/187 [11:50<12:37,  9.83s/it]Infer Qwen2.5-VL-32B-Instruct/MMStar, Rank 7/8:  58%|█████▊    | 108/187 [11:50<25:59, 19.74s/it]Infer Qwen2.5-VL-32B-Instruct/MMStar, Rank 4/8:  59%|█████▉    | 111/187 [11:51<09:15,  7.31s/it]Infer Qwen2.5-VL-32B-Instruct/MMStar, Rank 3/8:  63%|██████▎   | 118/188 [11:53<13:44, 11.77s/it]Infer Qwen2.5-VL-32B-Instruct/MMStar, Rank 3/8:  63%|██████▎   | 119/188 [11:56<10:17,  8.95s/it]Infer Qwen2.5-VL-32B-Instruct/MMStar, Rank 1/8:  53%|█████▎    | 99/188 [11:56<41:31, 28.00s/it]Infer Qwen2.5-VL-32B-Instruct/MMStar, Rank 2/8:  64%|██████▍   | 121/188 [11:57<16:27, 14.74s/it]Infer Qwen2.5-VL-32B-Instruct/MMStar, Rank 6/8:  67%|██████▋   | 126/187 [11:58<14:10, 13.94s/it]Infer Qwen2.5-VL-32B-Instruct/MMStar, Rank 0/8:  66%|██████▋   | 125/188 [11:58<14:41, 13.99s/it]Infer Qwen2.5-VL-32B-Instruct/MMStar, Rank 7/8:  58%|█████▊    | 109/187 [12:00<21:43, 16.71s/it]Infer Qwen2.5-VL-32B-Instruct/MMStar, Rank 3/8:  64%|██████▍   | 120/188 [12:00<08:35,  7.58s/it]Infer Qwen2.5-VL-32B-Instruct/MMStar, Rank 4/8:  60%|█████▉    | 112/187 [12:02<10:29,  8.40s/it]Infer Qwen2.5-VL-32B-Instruct/MMStar, Rank 2/8:  65%|██████▍   | 122/188 [12:04<13:34, 12.34s/it]Infer Qwen2.5-VL-32B-Instruct/MMStar, Rank 6/8:  68%|██████▊   | 127/187 [12:07<12:35, 12.60s/it]Infer Qwen2.5-VL-32B-Instruct/MMStar, Rank 3/8:  64%|██████▍   | 121/188 [12:09<09:01,  8.09s/it]Infer Qwen2.5-VL-32B-Instruct/MMStar, Rank 4/8:  60%|██████    | 113/187 [12:13<11:01,  8.94s/it]Infer Qwen2.5-VL-32B-Instruct/MMStar, Rank 2/8:  65%|██████▌   | 123/188 [12:17<13:42, 12.66s/it]Infer Qwen2.5-VL-32B-Instruct/MMStar, Rank 7/8:  59%|█████▉    | 110/187 [12:17<21:46, 16.97s/it]Infer Qwen2.5-VL-32B-Instruct/MMStar, Rank 1/8:  53%|█████▎    | 100/188 [12:18<38:15, 26.08s/it]Infer Qwen2.5-VL-32B-Instruct/MMStar, Rank 7/8:  59%|█████▉    | 111/187 [12:18<15:19, 12.10s/it]Infer Qwen2.5-VL-32B-Instruct/MMStar, Rank 4/8:  61%|██████    | 114/187 [12:18<09:44,  8.01s/it]Infer Qwen2.5-VL-32B-Instruct/MMStar, Rank 7/8:  60%|█████▉    | 112/187 [12:19<10:48,  8.64s/it]Infer Qwen2.5-VL-32B-Instruct/MMStar, Rank 0/8:  67%|██████▋   | 126/188 [12:20<16:40, 16.14s/it]Infer Qwen2.5-VL-32B-Instruct/MMStar, Rank 5/8:  68%|██████▊   | 127/187 [12:22<35:53, 35.89s/it]Infer Qwen2.5-VL-32B-Instruct/MMStar, Rank 4/8:  61%|██████▏   | 115/187 [12:26<09:27,  7.88s/it]Infer Qwen2.5-VL-32B-Instruct/MMStar, Rank 7/8:  60%|██████    | 113/187 [12:28<10:55,  8.86s/it]Infer Qwen2.5-VL-32B-Instruct/MMStar, Rank 4/8:  62%|██████▏   | 116/187 [12:28<07:13,  6.11s/it]Infer Qwen2.5-VL-32B-Instruct/MMStar, Rank 3/8:  65%|██████▍   | 122/188 [12:32<13:43, 12.48s/it]Infer Qwen2.5-VL-32B-Instruct/MMStar, Rank 5/8:  68%|██████▊   | 128/187 [12:36<28:41, 29.17s/it]Infer Qwen2.5-VL-32B-Instruct/MMStar, Rank 7/8:  61%|██████    | 114/187 [12:37<10:50,  8.92s/it]Infer Qwen2.5-VL-32B-Instruct/MMStar, Rank 4/8:  63%|██████▎   | 117/187 [12:40<09:12,  7.90s/it]Infer Qwen2.5-VL-32B-Instruct/MMStar, Rank 6/8:  68%|██████▊   | 128/187 [12:42<18:44, 19.05s/it]Infer Qwen2.5-VL-32B-Instruct/MMStar, Rank 1/8:  54%|█████▎    | 101/188 [12:46<38:43, 26.71s/it]Infer Qwen2.5-VL-32B-Instruct/MMStar, Rank 1/8:  54%|█████▍    | 102/188 [12:53<29:47, 20.79s/it]Infer Qwen2.5-VL-32B-Instruct/MMStar, Rank 7/8:  61%|██████▏   | 115/187 [12:53<13:22, 11.15s/it]Infer Qwen2.5-VL-32B-Instruct/MMStar, Rank 5/8:  69%|██████▉   | 129/187 [12:55<25:08, 26.01s/it]Infer Qwen2.5-VL-32B-Instruct/MMStar, Rank 2/8:  66%|██████▌   | 124/188 [12:56<22:01, 20.65s/it]Infer Qwen2.5-VL-32B-Instruct/MMStar, Rank 4/8:  63%|██████▎   | 118/187 [12:59<13:03, 11.36s/it]Infer Qwen2.5-VL-32B-Instruct/MMStar, Rank 7/8:  62%|██████▏   | 116/187 [13:01<12:07, 10.24s/it]Infer Qwen2.5-VL-32B-Instruct/MMStar, Rank 7/8:  63%|██████▎   | 117/187 [13:02<08:35,  7.36s/it]Infer Qwen2.5-VL-32B-Instruct/MMStar, Rank 6/8:  69%|██████▉   | 129/187 [13:07<20:09, 20.85s/it]Infer Qwen2.5-VL-32B-Instruct/MMStar, Rank 2/8:  66%|██████▋   | 125/188 [13:07<18:24, 17.53s/it]Infer Qwen2.5-VL-32B-Instruct/MMStar, Rank 4/8:  64%|██████▎   | 119/187 [13:09<12:07, 10.70s/it]Infer Qwen2.5-VL-32B-Instruct/MMStar, Rank 3/8:  65%|██████▌   | 123/188 [13:11<22:10, 20.47s/it]Infer Qwen2.5-VL-32B-Instruct/MMStar, Rank 1/8:  55%|█████▍    | 103/188 [13:12<28:47, 20.33s/it]Infer Qwen2.5-VL-32B-Instruct/MMStar, Rank 3/8:  66%|██████▌   | 124/188 [13:12<15:33, 14.58s/it]Infer Qwen2.5-VL-32B-Instruct/MMStar, Rank 1/8:  55%|█████▌    | 104/188 [13:13<20:12, 14.44s/it]Infer Qwen2.5-VL-32B-Instruct/MMStar, Rank 7/8:  63%|██████▎   | 118/187 [13:13<09:40,  8.41s/it]Infer Qwen2.5-VL-32B-Instruct/MMStar, Rank 1/8:  56%|█████▌    | 105/188 [13:15<15:03, 10.88s/it]Infer Qwen2.5-VL-32B-Instruct/MMStar, Rank 0/8:  68%|██████▊   | 127/188 [13:18<29:22, 28.90s/it]Infer Qwen2.5-VL-32B-Instruct/MMStar, Rank 1/8:  56%|█████▋    | 106/188 [13:21<12:36,  9.23s/it]Infer Qwen2.5-VL-32B-Instruct/MMStar, Rank 7/8:  64%|██████▎   | 119/187 [13:21<09:21,  8.25s/it]Infer Qwen2.5-VL-32B-Instruct/MMStar, Rank 6/8:  70%|██████▉   | 130/187 [13:23<18:30, 19.49s/it]Infer Qwen2.5-VL-32B-Instruct/MMStar, Rank 5/8:  70%|██████▉   | 130/187 [13:24<25:45, 27.12s/it]Infer Qwen2.5-VL-32B-Instruct/MMStar, Rank 1/8:  57%|█████▋    | 107/188 [13:30<12:37,  9.35s/it]Infer Qwen2.5-VL-32B-Instruct/MMStar, Rank 1/8:  57%|█████▋    | 108/188 [13:31<09:00,  6.75s/it]Infer Qwen2.5-VL-32B-Instruct/MMStar, Rank 6/8:  70%|███████   | 131/187 [13:33<15:28, 16.57s/it]Infer Qwen2.5-VL-32B-Instruct/MMStar, Rank 4/8:  64%|██████▍   | 120/187 [13:35<17:16, 15.47s/it]Infer Qwen2.5-VL-32B-Instruct/MMStar, Rank 3/8:  66%|██████▋   | 125/188 [13:37<18:41, 17.81s/it]Infer Qwen2.5-VL-32B-Instruct/MMStar, Rank 7/8:  64%|██████▍   | 120/187 [13:40<12:43, 11.39s/it]Infer Qwen2.5-VL-32B-Instruct/MMStar, Rank 0/8:  68%|██████▊   | 128/188 [13:41<27:04, 27.08s/it]Infer Qwen2.5-VL-32B-Instruct/MMStar, Rank 1/8:  58%|█████▊    | 109/188 [13:41<10:14,  7.78s/it]Infer Qwen2.5-VL-32B-Instruct/MMStar, Rank 2/8:  67%|██████▋   | 126/188 [13:42<23:31, 22.76s/it]Infer Qwen2.5-VL-32B-Instruct/MMStar, Rank 4/8:  65%|██████▍   | 121/187 [13:45<15:18, 13.91s/it]Infer Qwen2.5-VL-32B-Instruct/MMStar, Rank 1/8:  59%|█████▊    | 110/188 [13:55<12:30,  9.62s/it]Infer Qwen2.5-VL-32B-Instruct/MMStar, Rank 7/8:  65%|██████▍   | 121/187 [13:58<14:50, 13.49s/it]Infer Qwen2.5-VL-32B-Instruct/MMStar, Rank 7/8:  65%|██████▌   | 122/187 [13:59<10:25,  9.62s/it]Infer Qwen2.5-VL-32B-Instruct/MMStar, Rank 0/8:  69%|██████▊   | 129/188 [14:06<25:51, 26.30s/it]Infer Qwen2.5-VL-32B-Instruct/MMStar, Rank 6/8:  71%|███████   | 132/187 [14:08<20:13, 22.06s/it]Infer Qwen2.5-VL-32B-Instruct/MMStar, Rank 3/8:  67%|██████▋   | 126/188 [14:09<22:35, 21.87s/it]Infer Qwen2.5-VL-32B-Instruct/MMStar, Rank 5/8:  70%|███████   | 131/187 [14:11<30:48, 33.02s/it]Infer Qwen2.5-VL-32B-Instruct/MMStar, Rank 4/8:  65%|██████▌   | 122/187 [14:12<19:08, 17.67s/it]Infer Qwen2.5-VL-32B-Instruct/MMStar, Rank 7/8:  66%|██████▌   | 123/187 [14:13<11:47, 11.06s/it]Infer Qwen2.5-VL-32B-Instruct/MMStar, Rank 6/8:  71%|███████   | 133/187 [14:17<16:18, 18.12s/it]Infer Qwen2.5-VL-32B-Instruct/MMStar, Rank 2/8:  68%|██████▊   | 127/188 [14:18<27:20, 26.90s/it]Infer Qwen2.5-VL-32B-Instruct/MMStar, Rank 3/8:  68%|██████▊   | 127/188 [14:19<18:35, 18.29s/it]Infer Qwen2.5-VL-32B-Instruct/MMStar, Rank 5/8:  71%|███████   | 132/187 [14:20<23:38, 25.80s/it]Infer Qwen2.5-VL-32B-Instruct/MMStar, Rank 0/8:  69%|██████▉   | 130/188 [14:23<22:57, 23.74s/it]Infer Qwen2.5-VL-32B-Instruct/MMStar, Rank 7/8:  66%|██████▋   | 124/187 [14:25<11:53, 11.33s/it]Infer Qwen2.5-VL-32B-Instruct/MMStar, Rank 7/8:  67%|██████▋   | 125/187 [14:29<09:29,  9.19s/it]Infer Qwen2.5-VL-32B-Instruct/MMStar, Rank 4/8:  66%|██████▌   | 123/187 [14:31<19:10, 17.98s/it]Infer Qwen2.5-VL-32B-Instruct/MMStar, Rank 4/8:  66%|██████▋   | 124/187 [14:31<13:25, 12.79s/it]Infer Qwen2.5-VL-32B-Instruct/MMStar, Rank 3/8:  68%|██████▊   | 128/188 [14:33<16:59, 16.99s/it]Infer Qwen2.5-VL-32B-Instruct/MMStar, Rank 0/8:  70%|██████▉   | 131/188 [14:34<18:50, 19.84s/it]Infer Qwen2.5-VL-32B-Instruct/MMStar, Rank 1/8:  59%|█████▉    | 111/188 [14:35<23:54, 18.62s/it]Infer Qwen2.5-VL-32B-Instruct/MMStar, Rank 5/8:  71%|███████   | 133/187 [14:35<20:21, 22.62s/it]Infer Qwen2.5-VL-32B-Instruct/MMStar, Rank 1/8:  60%|█████▉    | 112/188 [14:38<17:41, 13.97s/it]Infer Qwen2.5-VL-32B-Instruct/MMStar, Rank 1/8:  60%|██████    | 113/188 [14:38<12:27,  9.97s/it]Infer Qwen2.5-VL-32B-Instruct/MMStar, Rank 1/8:  61%|██████    | 114/188 [14:40<09:04,  7.36s/it]Infer Qwen2.5-VL-32B-Instruct/MMStar, Rank 3/8:  69%|██████▊   | 129/188 [14:42<14:21, 14.61s/it]Infer Qwen2.5-VL-32B-Instruct/MMStar, Rank 0/8:  70%|███████   | 132/188 [14:43<15:30, 16.62s/it]Infer Qwen2.5-VL-32B-Instruct/MMStar, Rank 1/8:  61%|██████    | 115/188 [14:45<08:20,  6.86s/it]Infer Qwen2.5-VL-32B-Instruct/MMStar, Rank 4/8:  67%|██████▋   | 125/187 [14:49<14:47, 14.32s/it]Infer Qwen2.5-VL-32B-Instruct/MMStar, Rank 0/8:  71%|███████   | 133/188 [14:52<12:58, 14.15s/it]Infer Qwen2.5-VL-32B-Instruct/MMStar, Rank 7/8:  67%|██████▋   | 126/187 [14:54<14:08, 13.91s/it]Infer Qwen2.5-VL-32B-Instruct/MMStar, Rank 1/8:  62%|██████▏   | 116/188 [14:55<09:19,  7.77s/it]Infer Qwen2.5-VL-32B-Instruct/MMStar, Rank 2/8:  68%|██████▊   | 128/188 [14:56<30:04, 30.08s/it]Infer Qwen2.5-VL-32B-Instruct/MMStar, Rank 6/8:  72%|███████▏  | 134/187 [14:56<21:39, 24.53s/it]Infer Qwen2.5-VL-32B-Instruct/MMStar, Rank 5/8:  72%|███████▏  | 134/187 [14:58<19:59, 22.64s/it]Infer Qwen2.5-VL-32B-Instruct/MMStar, Rank 6/8:  72%|███████▏  | 135/187 [15:05<17:07, 19.75s/it]Infer Qwen2.5-VL-32B-Instruct/MMStar, Rank 5/8:  72%|███████▏  | 135/187 [15:06<15:43, 18.15s/it]Infer Qwen2.5-VL-32B-Instruct/MMStar, Rank 2/8:  69%|██████▊   | 129/188 [15:06<23:49, 24.23s/it]Infer Qwen2.5-VL-32B-Instruct/MMStar, Rank 0/8:  71%|███████▏  | 134/188 [15:09<13:33, 15.07s/it]Infer Qwen2.5-VL-32B-Instruct/MMStar, Rank 1/8:  62%|██████▏   | 117/188 [15:16<13:51, 11.71s/it]Infer Qwen2.5-VL-32B-Instruct/MMStar, Rank 7/8:  68%|██████▊   | 127/187 [15:16<16:26, 16.44s/it]Infer Qwen2.5-VL-32B-Instruct/MMStar, Rank 0/8:  72%|███████▏  | 135/188 [15:18<11:53, 13.46s/it]Infer Qwen2.5-VL-32B-Instruct/MMStar, Rank 3/8:  69%|██████▉   | 130/188 [15:21<21:08, 21.88s/it]Infer Qwen2.5-VL-32B-Instruct/MMStar, Rank 2/8:  69%|██████▉   | 130/188 [15:22<20:48, 21.52s/it]Infer Qwen2.5-VL-32B-Instruct/MMStar, Rank 1/8:  63%|██████▎   | 118/188 [15:25<12:31, 10.73s/it]Infer Qwen2.5-VL-32B-Instruct/MMStar, Rank 2/8:  70%|██████▉   | 131/188 [15:30<16:37, 17.51s/it]Infer Qwen2.5-VL-32B-Instruct/MMStar, Rank 3/8:  70%|██████▉   | 131/188 [15:34<18:19, 19.29s/it]Infer Qwen2.5-VL-32B-Instruct/MMStar, Rank 1/8:  63%|██████▎   | 119/188 [15:37<12:56, 11.26s/it]Infer Qwen2.5-VL-32B-Instruct/MMStar, Rank 4/8:  67%|██████▋   | 126/187 [15:44<26:55, 26.48s/it]Infer Qwen2.5-VL-32B-Instruct/MMStar, Rank 1/8:  64%|██████▍   | 120/188 [15:47<12:19, 10.87s/it]Infer Qwen2.5-VL-32B-Instruct/MMStar, Rank 0/8:  72%|███████▏  | 136/188 [15:51<16:31, 19.07s/it]Infer Qwen2.5-VL-32B-Instruct/MMStar, Rank 1/8:  64%|██████▍   | 121/188 [15:54<10:45,  9.63s/it]Infer Qwen2.5-VL-32B-Instruct/MMStar, Rank 3/8:  70%|███████   | 132/188 [15:54<18:22, 19.68s/it]Infer Qwen2.5-VL-32B-Instruct/MMStar, Rank 7/8:  68%|██████▊   | 128/187 [16:01<24:22, 24.79s/it]Infer Qwen2.5-VL-32B-Instruct/MMStar, Rank 1/8:  65%|██████▍   | 122/188 [16:01<09:50,  8.94s/it]Infer Qwen2.5-VL-32B-Instruct/MMStar, Rank 4/8:  68%|██████▊   | 127/187 [16:06<25:05, 25.10s/it]Infer Qwen2.5-VL-32B-Instruct/MMStar, Rank 2/8:  70%|███████   | 132/188 [16:11<23:03, 24.70s/it]Infer Qwen2.5-VL-32B-Instruct/MMStar, Rank 0/8:  73%|███████▎  | 137/188 [16:12<16:47, 19.75s/it]Infer Qwen2.5-VL-32B-Instruct/MMStar, Rank 3/8:  71%|███████   | 133/188 [16:15<18:14, 19.91s/it]Infer Qwen2.5-VL-32B-Instruct/MMStar, Rank 4/8:  68%|██████▊   | 128/187 [16:15<20:00, 20.34s/it]Infer Qwen2.5-VL-32B-Instruct/MMStar, Rank 6/8:  73%|███████▎  | 136/187 [16:17<30:11, 35.53s/it]Infer Qwen2.5-VL-32B-Instruct/MMStar, Rank 6/8:  73%|███████▎  | 137/187 [16:24<22:33, 27.06s/it]Infer Qwen2.5-VL-32B-Instruct/MMStar, Rank 4/8:  69%|██████▉   | 129/187 [16:27<17:05, 17.69s/it]Infer Qwen2.5-VL-32B-Instruct/MMStar, Rank 1/8:  65%|██████▌   | 123/188 [16:29<16:00, 14.77s/it]Infer Qwen2.5-VL-32B-Instruct/MMStar, Rank 7/8:  69%|██████▉   | 129/187 [16:33<26:02, 26.93s/it]Infer Qwen2.5-VL-32B-Instruct/MMStar, Rank 0/8:  73%|███████▎  | 138/188 [16:39<18:11, 21.83s/it]Infer Qwen2.5-VL-32B-Instruct/MMStar, Rank 3/8:  71%|███████▏  | 134/188 [16:42<19:58, 22.20s/it]Infer Qwen2.5-VL-32B-Instruct/MMStar, Rank 1/8:  66%|██████▌   | 124/188 [16:44<15:41, 14.72s/it]Infer Qwen2.5-VL-32B-Instruct/MMStar, Rank 5/8:  73%|███████▎  | 136/187 [16:44<35:59, 42.34s/it]Infer Qwen2.5-VL-32B-Instruct/MMStar, Rank 7/8:  70%|██████▉   | 130/187 [16:50<22:57, 24.16s/it]Infer Qwen2.5-VL-32B-Instruct/MMStar, Rank 3/8:  72%|███████▏  | 135/188 [16:50<15:53, 17.98s/it]Infer Qwen2.5-VL-32B-Instruct/MMStar, Rank 1/8:  66%|██████▋   | 125/188 [16:51<12:54, 12.29s/it]Infer Qwen2.5-VL-32B-Instruct/MMStar, Rank 0/8:  74%|███████▍  | 139/188 [16:57<17:02, 20.87s/it]Infer Qwen2.5-VL-32B-Instruct/MMStar, Rank 7/8:  70%|███████   | 131/187 [16:59<18:07, 19.42s/it]Infer Qwen2.5-VL-32B-Instruct/MMStar, Rank 1/8:  67%|██████▋   | 126/188 [17:01<12:01, 11.63s/it]Infer Qwen2.5-VL-32B-Instruct/MMStar, Rank 5/8:  73%|███████▎  | 137/187 [17:02<29:11, 35.03s/it]Infer Qwen2.5-VL-32B-Instruct/MMStar, Rank 4/8:  70%|██████▉   | 130/187 [17:02<21:58, 23.13s/it]Infer Qwen2.5-VL-32B-Instruct/MMStar, Rank 0/8:  74%|███████▍  | 140/188 [17:08<14:10, 17.72s/it]Infer Qwen2.5-VL-32B-Instruct/MMStar, Rank 7/8:  71%|███████   | 132/187 [17:09<15:12, 16.59s/it]Infer Qwen2.5-VL-32B-Instruct/MMStar, Rank 3/8:  72%|███████▏  | 136/188 [17:12<16:34, 19.13s/it]Infer Qwen2.5-VL-32B-Instruct/MMStar, Rank 6/8:  74%|███████▍  | 138/187 [17:14<27:38, 33.86s/it]Infer Qwen2.5-VL-32B-Instruct/MMStar, Rank 3/8:  73%|███████▎  | 137/188 [17:19<13:08, 15.45s/it]Infer Qwen2.5-VL-32B-Instruct/MMStar, Rank 5/8:  74%|███████▍  | 138/187 [17:19<24:08, 29.57s/it]Infer Qwen2.5-VL-32B-Instruct/MMStar, Rank 2/8:  71%|███████   | 133/188 [17:21<34:57, 38.14s/it]Infer Qwen2.5-VL-32B-Instruct/MMStar, Rank 6/8:  74%|███████▍  | 139/187 [17:21<20:41, 25.87s/it]Infer Qwen2.5-VL-32B-Instruct/MMStar, Rank 4/8:  70%|███████   | 131/187 [17:28<22:18, 23.90s/it]Infer Qwen2.5-VL-32B-Instruct/MMStar, Rank 5/8:  74%|███████▍  | 139/187 [17:31<19:18, 24.15s/it]Infer Qwen2.5-VL-32B-Instruct/MMStar, Rank 3/8:  73%|███████▎  | 138/188 [17:33<12:28, 14.97s/it]Infer Qwen2.5-VL-32B-Instruct/MMStar, Rank 1/8:  68%|██████▊   | 127/188 [17:37<19:26, 19.12s/it]Infer Qwen2.5-VL-32B-Instruct/MMStar, Rank 0/8:  75%|███████▌  | 141/188 [17:38<16:47, 21.45s/it]Infer Qwen2.5-VL-32B-Instruct/MMStar, Rank 0/8:  76%|███████▌  | 142/188 [17:45<13:09, 17.16s/it]Infer Qwen2.5-VL-32B-Instruct/MMStar, Rank 3/8:  74%|███████▍  | 139/188 [17:48<12:15, 15.02s/it]Infer Qwen2.5-VL-32B-Instruct/MMStar, Rank 6/8:  75%|███████▍  | 140/187 [17:52<21:22, 27.28s/it]Infer Qwen2.5-VL-32B-Instruct/MMStar, Rank 7/8:  71%|███████   | 133/187 [17:53<22:33, 25.06s/it]Infer Qwen2.5-VL-32B-Instruct/MMStar, Rank 4/8:  71%|███████   | 132/187 [17:54<22:19, 24.36s/it]Infer Qwen2.5-VL-32B-Instruct/MMStar, Rank 0/8:  76%|███████▌  | 143/188 [17:55<11:19, 15.09s/it]Infer Qwen2.5-VL-32B-Instruct/MMStar, Rank 3/8:  74%|███████▍  | 140/188 [17:57<10:31, 13.15s/it]Infer Qwen2.5-VL-32B-Instruct/MMStar, Rank 6/8:  75%|███████▌  | 141/187 [17:59<16:14, 21.17s/it]Infer Qwen2.5-VL-32B-Instruct/MMStar, Rank 0/8:  77%|███████▋  | 144/188 [18:03<09:27, 12.90s/it]Infer Qwen2.5-VL-32B-Instruct/MMStar, Rank 5/8:  75%|███████▍  | 140/187 [18:04<21:05, 26.92s/it]Infer Qwen2.5-VL-32B-Instruct/MMStar, Rank 3/8:  75%|███████▌  | 141/188 [18:13<10:57, 13.98s/it]Infer Qwen2.5-VL-32B-Instruct/MMStar, Rank 7/8:  72%|███████▏  | 134/187 [18:14<20:49, 23.58s/it]Infer Qwen2.5-VL-32B-Instruct/MMStar, Rank 1/8:  68%|██████▊   | 128/188 [18:14<24:28, 24.47s/it]Infer Qwen2.5-VL-32B-Instruct/MMStar, Rank 6/8:  76%|███████▌  | 142/187 [18:22<16:23, 21.86s/it]Infer Qwen2.5-VL-32B-Instruct/MMStar, Rank 5/8:  75%|███████▌  | 141/187 [18:26<19:31, 25.47s/it]Infer Qwen2.5-VL-32B-Instruct/MMStar, Rank 4/8:  71%|███████   | 133/187 [18:27<24:20, 27.04s/it]Infer Qwen2.5-VL-32B-Instruct/MMStar, Rank 3/8:  76%|███████▌  | 142/188 [18:33<12:02, 15.71s/it]Infer Qwen2.5-VL-32B-Instruct/MMStar, Rank 2/8:  71%|███████▏  | 134/188 [18:36<44:18, 49.24s/it]Infer Qwen2.5-VL-32B-Instruct/MMStar, Rank 0/8:  77%|███████▋  | 145/188 [18:38<14:04, 19.63s/it]Infer Qwen2.5-VL-32B-Instruct/MMStar, Rank 7/8:  72%|███████▏  | 135/187 [18:39<20:57, 24.18s/it]Infer Qwen2.5-VL-32B-Instruct/MMStar, Rank 6/8:  76%|███████▋  | 143/187 [18:39<15:00, 20.47s/it]Infer Qwen2.5-VL-32B-Instruct/MMStar, Rank 1/8:  69%|██████▊   | 129/188 [18:41<24:36, 25.03s/it]Infer Qwen2.5-VL-32B-Instruct/MMStar, Rank 3/8:  76%|███████▌  | 143/188 [18:42<10:20, 13.79s/it]Infer Qwen2.5-VL-32B-Instruct/MMStar, Rank 3/8:  77%|███████▋  | 144/188 [18:48<08:23, 11.44s/it]Infer Qwen2.5-VL-32B-Instruct/MMStar, Rank 0/8:  78%|███████▊  | 146/188 [18:48<11:43, 16.76s/it]Infer Qwen2.5-VL-32B-Instruct/MMStar, Rank 4/8:  72%|███████▏  | 134/187 [18:49<22:36, 25.60s/it]Infer Qwen2.5-VL-32B-Instruct/MMStar, Rank 7/8:  73%|███████▎  | 136/187 [18:51<17:21, 20.41s/it]Infer Qwen2.5-VL-32B-Instruct/MMStar, Rank 1/8:  69%|██████▉   | 130/188 [18:52<20:09, 20.86s/it]Infer Qwen2.5-VL-32B-Instruct/MMStar, Rank 6/8:  77%|███████▋  | 144/187 [18:57<13:59, 19.51s/it]Infer Qwen2.5-VL-32B-Instruct/MMStar, Rank 4/8:  72%|███████▏  | 135/187 [19:02<18:45, 21.64s/it]Infer Qwen2.5-VL-32B-Instruct/MMStar, Rank 7/8:  73%|███████▎  | 137/187 [19:06<15:43, 18.87s/it]Infer Qwen2.5-VL-32B-Instruct/MMStar, Rank 5/8:  76%|███████▌  | 142/187 [19:07<22:28, 29.96s/it]Infer Qwen2.5-VL-32B-Instruct/MMStar, Rank 6/8:  78%|███████▊  | 145/187 [19:08<11:59, 17.13s/it]Infer Qwen2.5-VL-32B-Instruct/MMStar, Rank 4/8:  73%|███████▎  | 136/187 [19:11<15:19, 18.03s/it]Infer Qwen2.5-VL-32B-Instruct/MMStar, Rank 5/8:  76%|███████▋  | 143/187 [19:12<16:35, 22.64s/it]Infer Qwen2.5-VL-32B-Instruct/MMStar, Rank 2/8:  72%|███████▏  | 135/188 [19:15<40:43, 46.09s/it]Infer Qwen2.5-VL-32B-Instruct/MMStar, Rank 1/8:  70%|██████▉   | 131/188 [19:17<20:56, 22.05s/it]Infer Qwen2.5-VL-32B-Instruct/MMStar, Rank 4/8:  73%|███████▎  | 137/187 [19:18<12:16, 14.73s/it]Infer Qwen2.5-VL-32B-Instruct/MMStar, Rank 3/8:  77%|███████▋  | 145/188 [19:20<12:35, 17.56s/it]Infer Qwen2.5-VL-32B-Instruct/MMStar, Rank 7/8:  74%|███████▍  | 138/187 [19:20<14:19, 17.55s/it]Infer Qwen2.5-VL-32B-Instruct/MMStar, Rank 0/8:  78%|███████▊  | 147/188 [19:24<15:16, 22.36s/it]Infer Qwen2.5-VL-32B-Instruct/MMStar, Rank 7/8:  74%|███████▍  | 139/187 [19:28<11:35, 14.49s/it]Infer Qwen2.5-VL-32B-Instruct/MMStar, Rank 6/8:  78%|███████▊  | 146/187 [19:32<13:07, 19.22s/it]Infer Qwen2.5-VL-32B-Instruct/MMStar, Rank 4/8:  74%|███████▍  | 138/187 [19:34<12:19, 15.09s/it]Infer Qwen2.5-VL-32B-Instruct/MMStar, Rank 2/8:  72%|███████▏  | 136/188 [19:38<33:58, 39.20s/it]Infer Qwen2.5-VL-32B-Instruct/MMStar, Rank 6/8:  79%|███████▊  | 147/187 [19:41<10:44, 16.11s/it]Infer Qwen2.5-VL-32B-Instruct/MMStar, Rank 0/8:  79%|███████▊  | 148/188 [19:47<15:00, 22.52s/it]Infer Qwen2.5-VL-32B-Instruct/MMStar, Rank 3/8:  78%|███████▊  | 146/188 [19:50<15:00, 21.45s/it]Infer Qwen2.5-VL-32B-Instruct/MMStar, Rank 0/8:  79%|███████▉  | 149/188 [19:51<11:09, 17.16s/it]Infer Qwen2.5-VL-32B-Instruct/MMStar, Rank 1/8:  70%|███████   | 132/188 [19:52<24:13, 25.96s/it]Infer Qwen2.5-VL-32B-Instruct/MMStar, Rank 7/8:  75%|███████▍  | 140/187 [19:56<14:30, 18.52s/it]Infer Qwen2.5-VL-32B-Instruct/MMStar, Rank 6/8:  79%|███████▉  | 148/187 [19:58<10:38, 16.36s/it]Infer Qwen2.5-VL-32B-Instruct/MMStar, Rank 0/8:  80%|███████▉  | 150/188 [19:59<09:03, 14.31s/it]Infer Qwen2.5-VL-32B-Instruct/MMStar, Rank 0/8:  80%|████████  | 151/188 [20:07<07:36, 12.33s/it]Infer Qwen2.5-VL-32B-Instruct/MMStar, Rank 4/8:  74%|███████▍  | 139/187 [20:14<17:57, 22.45s/it]Infer Qwen2.5-VL-32B-Instruct/MMStar, Rank 6/8:  80%|███████▉  | 149/187 [20:16<10:34, 16.69s/it]Infer Qwen2.5-VL-32B-Instruct/MMStar, Rank 7/8:  75%|███████▌  | 141/187 [20:20<15:36, 20.36s/it]Infer Qwen2.5-VL-32B-Instruct/MMStar, Rank 0/8:  81%|████████  | 152/188 [20:21<07:40, 12.80s/it]Infer Qwen2.5-VL-32B-Instruct/MMStar, Rank 3/8:  78%|███████▊  | 147/188 [20:24<17:05, 25.01s/it]Infer Qwen2.5-VL-32B-Instruct/MMStar, Rank 2/8:  73%|███████▎  | 137/188 [20:30<36:37, 43.09s/it]Infer Qwen2.5-VL-32B-Instruct/MMStar, Rank 6/8:  80%|████████  | 150/187 [20:30<09:50, 15.95s/it]Infer Qwen2.5-VL-32B-Instruct/MMStar, Rank 4/8:  75%|███████▍  | 140/187 [20:32<16:37, 21.21s/it]Infer Qwen2.5-VL-32B-Instruct/MMStar, Rank 5/8:  77%|███████▋  | 144/187 [20:34<28:55, 40.35s/it]Infer Qwen2.5-VL-32B-Instruct/MMStar, Rank 7/8:  76%|███████▌  | 142/187 [20:41<15:24, 20.54s/it]Infer Qwen2.5-VL-32B-Instruct/MMStar, Rank 4/8:  75%|███████▌  | 141/187 [20:43<13:58, 18.23s/it]Infer Qwen2.5-VL-32B-Instruct/MMStar, Rank 6/8:  81%|████████  | 151/187 [20:46<09:33, 15.94s/it]Infer Qwen2.5-VL-32B-Instruct/MMStar, Rank 0/8:  81%|████████▏ | 153/188 [20:49<10:07, 17.35s/it]Infer Qwen2.5-VL-32B-Instruct/MMStar, Rank 5/8:  78%|███████▊  | 145/187 [20:51<23:28, 33.55s/it]Infer Qwen2.5-VL-32B-Instruct/MMStar, Rank 3/8:  79%|███████▊  | 148/188 [20:53<17:33, 26.34s/it]Infer Qwen2.5-VL-32B-Instruct/MMStar, Rank 2/8:  73%|███████▎  | 138/188 [20:56<31:47, 38.15s/it]Infer Qwen2.5-VL-32B-Instruct/MMStar, Rank 1/8:  71%|███████   | 133/188 [20:59<35:02, 38.23s/it]Infer Qwen2.5-VL-32B-Instruct/MMStar, Rank 3/8:  79%|███████▉  | 149/188 [21:02<13:49, 21.27s/it]Infer Qwen2.5-VL-32B-Instruct/MMStar, Rank 4/8:  76%|███████▌  | 142/187 [21:03<14:01, 18.70s/it]Infer Qwen2.5-VL-32B-Instruct/MMStar, Rank 3/8:  80%|███████▉  | 150/188 [21:09<10:37, 16.77s/it]Infer Qwen2.5-VL-32B-Instruct/MMStar, Rank 2/8:  74%|███████▍  | 139/188 [21:12<25:43, 31.50s/it]Infer Qwen2.5-VL-32B-Instruct/MMStar, Rank 0/8:  82%|████████▏ | 154/188 [21:15<11:19, 20.00s/it]Infer Qwen2.5-VL-32B-Instruct/MMStar, Rank 6/8:  81%|████████▏ | 152/187 [21:17<11:56, 20.48s/it]Infer Qwen2.5-VL-32B-Instruct/MMStar, Rank 7/8:  76%|███████▋  | 143/187 [21:20<18:56, 25.82s/it]Infer Qwen2.5-VL-32B-Instruct/MMStar, Rank 0/8:  82%|████████▏ | 155/188 [21:23<09:07, 16.60s/it]Infer Qwen2.5-VL-32B-Instruct/MMStar, Rank 6/8:  82%|████████▏ | 153/187 [21:24<09:20, 16.49s/it]Infer Qwen2.5-VL-32B-Instruct/MMStar, Rank 3/8:  80%|████████  | 151/188 [21:26<10:23, 16.86s/it]Infer Qwen2.5-VL-32B-Instruct/MMStar, Rank 7/8:  77%|███████▋  | 144/187 [21:31<15:25, 21.52s/it]Infer Qwen2.5-VL-32B-Instruct/MMStar, Rank 4/8:  76%|███████▋  | 143/187 [21:33<16:09, 22.03s/it]Infer Qwen2.5-VL-32B-Instruct/MMStar, Rank 4/8:  77%|███████▋  | 144/187 [21:34<11:10, 15.60s/it]Infer Qwen2.5-VL-32B-Instruct/MMStar, Rank 7/8:  78%|███████▊  | 145/187 [21:41<12:40, 18.11s/it]Infer Qwen2.5-VL-32B-Instruct/MMStar, Rank 3/8:  81%|████████  | 152/188 [21:42<10:03, 16.77s/it]Infer Qwen2.5-VL-32B-Instruct/MMStar, Rank 2/8:  74%|███████▍  | 140/188 [21:46<25:46, 32.23s/it]Infer Qwen2.5-VL-32B-Instruct/MMStar, Rank 7/8:  78%|███████▊  | 146/187 [21:51<10:39, 15.59s/it]Infer Qwen2.5-VL-32B-Instruct/MMStar, Rank 6/8:  82%|████████▏ | 154/187 [21:52<11:02, 20.07s/it]Infer Qwen2.5-VL-32B-Instruct/MMStar, Rank 3/8:  81%|████████▏ | 153/188 [21:56<09:12, 15.77s/it]Infer Qwen2.5-VL-32B-Instruct/MMStar, Rank 4/8:  78%|███████▊  | 145/187 [21:59<12:59, 18.55s/it]Infer Qwen2.5-VL-32B-Instruct/MMStar, Rank 0/8:  83%|████████▎ | 156/188 [22:00<12:06, 22.71s/it]Infer Qwen2.5-VL-32B-Instruct/MMStar, Rank 3/8:  82%|████████▏ | 154/188 [22:05<07:54, 13.96s/it]Infer Qwen2.5-VL-32B-Instruct/MMStar, Rank 5/8:  78%|███████▊  | 146/187 [22:06<31:22, 45.92s/it]Infer Qwen2.5-VL-32B-Instruct/MMStar, Rank 1/8:  71%|███████▏  | 134/188 [22:06<42:24, 47.11s/it]Infer Qwen2.5-VL-32B-Instruct/MMStar, Rank 7/8:  79%|███████▊  | 147/187 [22:07<10:32, 15.82s/it]Infer Qwen2.5-VL-32B-Instruct/MMStar, Rank 1/8:  72%|███████▏  | 135/188 [22:12<30:29, 34.52s/it]Infer Qwen2.5-VL-32B-Instruct/MMStar, Rank 5/8:  79%|███████▊  | 147/187 [22:15<23:16, 34.90s/it]Infer Qwen2.5-VL-32B-Instruct/MMStar, Rank 6/8:  83%|████████▎ | 155/187 [22:17<11:21, 21.31s/it]Infer Qwen2.5-VL-32B-Instruct/MMStar, Rank 7/8:  79%|███████▉  | 148/187 [22:18<09:20, 14.38s/it]Infer Qwen2.5-VL-32B-Instruct/MMStar, Rank 3/8:  82%|████████▏ | 155/188 [22:21<08:00, 14.56s/it]Infer Qwen2.5-VL-32B-Instruct/MMStar, Rank 0/8:  84%|████████▎ | 157/188 [22:26<12:15, 23.71s/it]Infer Qwen2.5-VL-32B-Instruct/MMStar, Rank 6/8:  83%|████████▎ | 156/187 [22:27<09:19, 18.05s/it]Infer Qwen2.5-VL-32B-Instruct/MMStar, Rank 5/8:  79%|███████▉  | 148/187 [22:29<18:34, 28.57s/it]Infer Qwen2.5-VL-32B-Instruct/MMStar, Rank 4/8:  78%|███████▊  | 146/187 [22:30<15:15, 22.32s/it]Infer Qwen2.5-VL-32B-Instruct/MMStar, Rank 7/8:  80%|███████▉  | 149/187 [22:32<08:55, 14.11s/it]Infer Qwen2.5-VL-32B-Instruct/MMStar, Rank 0/8:  84%|████████▍ | 158/188 [22:33<09:18, 18.61s/it]Infer Qwen2.5-VL-32B-Instruct/MMStar, Rank 2/8:  75%|███████▌  | 141/188 [22:33<28:42, 36.65s/it]Infer Qwen2.5-VL-32B-Instruct/MMStar, Rank 5/8:  80%|███████▉  | 149/187 [22:36<13:59, 22.09s/it]Infer Qwen2.5-VL-32B-Instruct/MMStar, Rank 1/8:  72%|███████▏  | 136/188 [22:40<28:20, 32.71s/it]Infer Qwen2.5-VL-32B-Instruct/MMStar, Rank 0/8:  85%|████████▍ | 159/188 [22:40<07:20, 15.19s/it]Infer Qwen2.5-VL-32B-Instruct/MMStar, Rank 5/8:  80%|████████  | 150/187 [22:42<10:39, 17.29s/it]Infer Qwen2.5-VL-32B-Instruct/MMStar, Rank 7/8:  80%|████████  | 150/187 [22:42<08:04, 13.09s/it]Infer Qwen2.5-VL-32B-Instruct/MMStar, Rank 0/8:  85%|████████▌ | 160/188 [22:52<06:33, 14.05s/it]Infer Qwen2.5-VL-32B-Instruct/MMStar, Rank 1/8:  73%|███████▎  | 137/188 [22:53<22:48, 26.84s/it]Infer Qwen2.5-VL-32B-Instruct/MMStar, Rank 5/8:  81%|████████  | 151/187 [22:56<09:39, 16.10s/it]Infer Qwen2.5-VL-32B-Instruct/MMStar, Rank 1/8:  73%|███████▎  | 138/188 [23:02<17:48, 21.36s/it]Infer Qwen2.5-VL-32B-Instruct/MMStar, Rank 5/8:  81%|████████▏ | 152/187 [23:02<07:39, 13.14s/it]Infer Qwen2.5-VL-32B-Instruct/MMStar, Rank 7/8:  81%|████████  | 151/187 [23:04<09:23, 15.66s/it]Infer Qwen2.5-VL-32B-Instruct/MMStar, Rank 4/8:  79%|███████▊  | 147/187 [23:05<17:21, 26.04s/it]Infer Qwen2.5-VL-32B-Instruct/MMStar, Rank 2/8:  76%|███████▌  | 142/188 [23:10<28:12, 36.80s/it]Infer Qwen2.5-VL-32B-Instruct/MMStar, Rank 5/8:  82%|████████▏ | 153/187 [23:15<07:26, 13.14s/it]Infer Qwen2.5-VL-32B-Instruct/MMStar, Rank 4/8:  79%|███████▉  | 148/187 [23:17<14:10, 21.82s/it]Infer Qwen2.5-VL-32B-Instruct/MMStar, Rank 3/8:  83%|████████▎ | 156/188 [23:21<14:54, 27.96s/it]Infer Qwen2.5-VL-32B-Instruct/MMStar, Rank 7/8:  81%|████████▏ | 152/187 [23:23<09:40, 16.58s/it]Infer Qwen2.5-VL-32B-Instruct/MMStar, Rank 1/8:  74%|███████▍  | 139/188 [23:23<17:30, 21.43s/it]Infer Qwen2.5-VL-32B-Instruct/MMStar, Rank 3/8:  84%|████████▎ | 157/188 [23:33<11:59, 23.20s/it]Infer Qwen2.5-VL-32B-Instruct/MMStar, Rank 2/8:  76%|███████▌  | 143/188 [23:35<24:47, 33.07s/it]Infer Qwen2.5-VL-32B-Instruct/MMStar, Rank 7/8:  82%|████████▏ | 153/187 [23:37<08:58, 15.85s/it]Infer Qwen2.5-VL-32B-Instruct/MMStar, Rank 3/8:  84%|████████▍ | 158/188 [23:39<09:07, 18.25s/it]Infer Qwen2.5-VL-32B-Instruct/MMStar, Rank 2/8:  77%|███████▋  | 144/188 [23:42<18:31, 25.26s/it]Infer Qwen2.5-VL-32B-Instruct/MMStar, Rank 4/8:  80%|███████▉  | 149/187 [23:43<14:42, 23.22s/it]Infer Qwen2.5-VL-32B-Instruct/MMStar, Rank 1/8:  74%|███████▍  | 140/188 [23:46<17:23, 21.74s/it]Infer Qwen2.5-VL-32B-Instruct/MMStar, Rank 3/8:  85%|████████▍ | 159/188 [23:48<07:22, 15.25s/it]Infer Qwen2.5-VL-32B-Instruct/MMStar, Rank 4/8:  80%|████████  | 150/187 [23:49<11:10, 18.12s/it]Infer Qwen2.5-VL-32B-Instruct/MMStar, Rank 2/8:  77%|███████▋  | 145/188 [23:55<15:35, 21.75s/it]Infer Qwen2.5-VL-32B-Instruct/MMStar, Rank 5/8:  82%|████████▏ | 154/187 [23:59<12:19, 22.42s/it]Infer Qwen2.5-VL-32B-Instruct/MMStar, Rank 3/8:  85%|████████▌ | 160/188 [24:04<07:14, 15.51s/it]Infer Qwen2.5-VL-32B-Instruct/MMStar, Rank 7/8:  82%|████████▏ | 154/187 [24:07<11:01, 20.04s/it]Infer Qwen2.5-VL-32B-Instruct/MMStar, Rank 0/8:  86%|████████▌ | 161/188 [24:07<14:34, 32.41s/it]Infer Qwen2.5-VL-32B-Instruct/MMStar, Rank 0/8:  86%|████████▌ | 162/188 [24:08<09:55, 22.90s/it]Infer Qwen2.5-VL-32B-Instruct/MMStar, Rank 1/8:  75%|███████▌  | 141/188 [24:08<17:08, 21.88s/it]Infer Qwen2.5-VL-32B-Instruct/MMStar, Rank 6/8:  84%|████████▍ | 157/187 [24:12<22:05, 44.18s/it]Infer Qwen2.5-VL-32B-Instruct/MMStar, Rank 5/8:  83%|████████▎ | 155/187 [24:15<10:53, 20.43s/it]Infer Qwen2.5-VL-32B-Instruct/MMStar, Rank 4/8:  81%|████████  | 151/187 [24:17<12:36, 21.01s/it]Infer Qwen2.5-VL-32B-Instruct/MMStar, Rank 2/8:  78%|███████▊  | 146/188 [24:24<16:33, 23.66s/it]Infer Qwen2.5-VL-32B-Instruct/MMStar, Rank 3/8:  86%|████████▌ | 161/188 [24:29<08:17, 18.43s/it]Infer Qwen2.5-VL-32B-Instruct/MMStar, Rank 0/8:  87%|████████▋ | 163/188 [24:31<09:34, 22.99s/it]Infer Qwen2.5-VL-32B-Instruct/MMStar, Rank 2/8:  78%|███████▊  | 147/188 [24:32<13:05, 19.15s/it]Infer Qwen2.5-VL-32B-Instruct/MMStar, Rank 7/8:  83%|████████▎ | 155/187 [24:35<11:58, 22.45s/it]Infer Qwen2.5-VL-32B-Instruct/MMStar, Rank 1/8:  76%|███████▌  | 142/188 [24:39<18:53, 24.64s/it]Infer Qwen2.5-VL-32B-Instruct/MMStar, Rank 2/8:  79%|███████▊  | 148/188 [24:45<11:25, 17.13s/it]Infer Qwen2.5-VL-32B-Instruct/MMStar, Rank 3/8:  86%|████████▌ | 162/188 [24:52<08:31, 19.67s/it]Infer Qwen2.5-VL-32B-Instruct/MMStar, Rank 7/8:  83%|████████▎ | 156/187 [24:52<10:45, 20.84s/it]Infer Qwen2.5-VL-32B-Instruct/MMStar, Rank 2/8:  79%|███████▉  | 149/188 [24:52<09:15, 14.24s/it]Infer Qwen2.5-VL-32B-Instruct/MMStar, Rank 6/8:  84%|████████▍ | 158/187 [24:54<20:59, 43.45s/it]Infer Qwen2.5-VL-32B-Instruct/MMStar, Rank 6/8:  85%|████████▌ | 159/187 [24:55<14:19, 30.68s/it]Infer Qwen2.5-VL-32B-Instruct/MMStar, Rank 4/8:  81%|████████▏ | 152/187 [25:05<16:56, 29.05s/it]Infer Qwen2.5-VL-32B-Instruct/MMStar, Rank 0/8:  87%|████████▋ | 164/188 [25:11<11:14, 28.11s/it]Infer Qwen2.5-VL-32B-Instruct/MMStar, Rank 1/8:  76%|███████▌  | 143/188 [25:11<20:11, 26.93s/it]Infer Qwen2.5-VL-32B-Instruct/MMStar, Rank 4/8:  82%|████████▏ | 153/187 [25:13<12:50, 22.67s/it]Infer Qwen2.5-VL-32B-Instruct/MMStar, Rank 0/8:  88%|████████▊ | 165/188 [25:24<09:01, 23.55s/it]Infer Qwen2.5-VL-32B-Instruct/MMStar, Rank 0/8:  88%|████████▊ | 166/188 [25:25<06:06, 16.68s/it]Infer Qwen2.5-VL-32B-Instruct/MMStar, Rank 5/8:  83%|████████▎ | 156/187 [25:31<19:09, 37.09s/it]Infer Qwen2.5-VL-32B-Instruct/MMStar, Rank 2/8:  80%|███████▉  | 150/188 [25:34<14:21, 22.67s/it]Infer Qwen2.5-VL-32B-Instruct/MMStar, Rank 7/8:  84%|████████▍ | 157/187 [25:37<14:03, 28.13s/it]Infer Qwen2.5-VL-32B-Instruct/MMStar, Rank 4/8:  82%|████████▏ | 154/187 [25:38<12:54, 23.47s/it]Infer Qwen2.5-VL-32B-Instruct/MMStar, Rank 0/8:  89%|████████▉ | 167/188 [25:39<05:39, 16.15s/it]Infer Qwen2.5-VL-32B-Instruct/MMStar, Rank 2/8:  80%|████████  | 151/188 [25:43<11:26, 18.54s/it]Infer Qwen2.5-VL-32B-Instruct/MMStar, Rank 0/8:  89%|████████▉ | 168/188 [25:46<04:26, 13.34s/it]Infer Qwen2.5-VL-32B-Instruct/MMStar, Rank 5/8:  84%|████████▍ | 157/187 [25:49<15:39, 31.31s/it]Infer Qwen2.5-VL-32B-Instruct/MMStar, Rank 1/8:  77%|███████▋  | 144/188 [25:50<22:14, 30.33s/it]Infer Qwen2.5-VL-32B-Instruct/MMStar, Rank 7/8:  84%|████████▍ | 158/187 [25:51<11:35, 23.97s/it]Infer Qwen2.5-VL-32B-Instruct/MMStar, Rank 6/8:  86%|████████▌ | 160/187 [25:55<17:44, 39.44s/it]Infer Qwen2.5-VL-32B-Instruct/MMStar, Rank 2/8:  81%|████████  | 152/188 [26:01<10:57, 18.27s/it]Infer Qwen2.5-VL-32B-Instruct/MMStar, Rank 0/8:  90%|████████▉ | 169/188 [26:03<04:35, 14.48s/it]Infer Qwen2.5-VL-32B-Instruct/MMStar, Rank 5/8:  84%|████████▍ | 158/187 [26:06<13:08, 27.19s/it]Infer Qwen2.5-VL-32B-Instruct/MMStar, Rank 7/8:  85%|████████▌ | 159/187 [26:08<10:10, 21.81s/it]Infer Qwen2.5-VL-32B-Instruct/MMStar, Rank 1/8:  77%|███████▋  | 145/188 [26:08<19:13, 26.83s/it]Infer Qwen2.5-VL-32B-Instruct/MMStar, Rank 4/8:  83%|████████▎ | 155/187 [26:11<14:05, 26.41s/it]Infer Qwen2.5-VL-32B-Instruct/MMStar, Rank 5/8:  85%|████████▌ | 159/187 [26:17<10:21, 22.19s/it]Infer Qwen2.5-VL-32B-Instruct/MMStar, Rank 6/8:  86%|████████▌ | 161/187 [26:17<14:50, 34.27s/it]Infer Qwen2.5-VL-32B-Instruct/MMStar, Rank 0/8:  90%|█████████ | 170/188 [26:20<04:30, 15.02s/it]Infer Qwen2.5-VL-32B-Instruct/MMStar, Rank 1/8:  78%|███████▊  | 146/188 [26:20<15:42, 22.43s/it]Infer Qwen2.5-VL-32B-Instruct/MMStar, Rank 6/8:  87%|████████▋ | 162/187 [26:28<11:23, 27.36s/it]Infer Qwen2.5-VL-32B-Instruct/MMStar, Rank 2/8:  81%|████████▏ | 153/188 [26:39<14:09, 24.26s/it]Infer Qwen2.5-VL-32B-Instruct/MMStar, Rank 6/8:  87%|████████▋ | 163/187 [26:41<09:12, 23.04s/it]Infer Qwen2.5-VL-32B-Instruct/MMStar, Rank 4/8:  83%|████████▎ | 156/187 [26:45<14:49, 28.70s/it]Infer Qwen2.5-VL-32B-Instruct/MMStar, Rank 6/8:  88%|████████▊ | 164/187 [26:48<06:56, 18.11s/it]Infer Qwen2.5-VL-32B-Instruct/MMStar, Rank 1/8:  78%|███████▊  | 147/188 [26:53<17:25, 25.50s/it]Infer Qwen2.5-VL-32B-Instruct/MMStar, Rank 3/8:  87%|████████▋ | 163/188 [26:55<21:10, 50.80s/it]Infer Qwen2.5-VL-32B-Instruct/MMStar, Rank 5/8:  86%|████████▌ | 160/187 [26:58<12:36, 28.01s/it]Infer Qwen2.5-VL-32B-Instruct/MMStar, Rank 6/8:  88%|████████▊ | 165/187 [27:01<06:05, 16.62s/it]Infer Qwen2.5-VL-32B-Instruct/MMStar, Rank 2/8:  82%|████████▏ | 154/188 [27:03<13:43, 24.23s/it]Infer Qwen2.5-VL-32B-Instruct/MMStar, Rank 3/8:  87%|████████▋ | 164/188 [27:04<15:16, 38.19s/it]Infer Qwen2.5-VL-32B-Instruct/MMStar, Rank 3/8:  88%|████████▊ | 165/188 [27:05<10:23, 27.09s/it]Infer Qwen2.5-VL-32B-Instruct/MMStar, Rank 7/8:  86%|████████▌ | 160/187 [27:11<15:18, 34.03s/it]Infer Qwen2.5-VL-32B-Instruct/MMStar, Rank 6/8:  89%|████████▉ | 166/187 [27:13<05:22, 15.38s/it]Infer Qwen2.5-VL-32B-Instruct/MMStar, Rank 5/8:  86%|████████▌ | 161/187 [27:13<10:27, 24.13s/it]Infer Qwen2.5-VL-32B-Instruct/MMStar, Rank 6/8:  89%|████████▉ | 167/187 [27:20<04:14, 12.74s/it]Infer Qwen2.5-VL-32B-Instruct/MMStar, Rank 7/8:  86%|████████▌ | 161/187 [27:23<11:58, 27.65s/it]Infer Qwen2.5-VL-32B-Instruct/MMStar, Rank 1/8:  79%|███████▊  | 148/188 [27:28<18:46, 28.17s/it]Infer Qwen2.5-VL-32B-Instruct/MMStar, Rank 7/8:  87%|████████▋ | 162/187 [27:29<08:48, 21.15s/it]Infer Qwen2.5-VL-32B-Instruct/MMStar, Rank 1/8:  79%|███████▉  | 149/188 [27:34<14:10, 21.80s/it]Infer Qwen2.5-VL-32B-Instruct/MMStar, Rank 6/8:  90%|████████▉ | 168/187 [27:38<04:31, 14.29s/it]Infer Qwen2.5-VL-32B-Instruct/MMStar, Rank 5/8:  87%|████████▋ | 162/187 [27:43<10:44, 25.79s/it]Infer Qwen2.5-VL-32B-Instruct/MMStar, Rank 3/8:  88%|████████▊ | 166/188 [27:46<11:25, 31.17s/it]Infer Qwen2.5-VL-32B-Instruct/MMStar, Rank 6/8:  90%|█████████ | 169/187 [27:47<03:51, 12.87s/it]Infer Qwen2.5-VL-32B-Instruct/MMStar, Rank 2/8:  82%|████████▏ | 155/188 [27:55<17:47, 32.35s/it]Infer Qwen2.5-VL-32B-Instruct/MMStar, Rank 6/8:  91%|█████████ | 170/187 [28:00<03:37, 12.81s/it]Infer Qwen2.5-VL-32B-Instruct/MMStar, Rank 1/8:  80%|███████▉  | 150/188 [28:01<14:46, 23.32s/it]Infer Qwen2.5-VL-32B-Instruct/MMStar, Rank 5/8:  87%|████████▋ | 163/187 [28:01<09:24, 23.53s/it]Infer Qwen2.5-VL-32B-Instruct/MMStar, Rank 3/8:  89%|████████▉ | 167/188 [28:02<09:18, 26.61s/it]Infer Qwen2.5-VL-32B-Instruct/MMStar, Rank 2/8:  83%|████████▎ | 156/188 [28:08<14:12, 26.65s/it]Infer Qwen2.5-VL-32B-Instruct/MMStar, Rank 2/8:  84%|████████▎ | 157/188 [28:09<09:44, 18.86s/it]Infer Qwen2.5-VL-32B-Instruct/MMStar, Rank 7/8:  87%|████████▋ | 163/187 [28:12<11:00, 27.51s/it]Infer Qwen2.5-VL-32B-Instruct/MMStar, Rank 3/8:  89%|████████▉ | 168/188 [28:15<07:32, 22.63s/it]Infer Qwen2.5-VL-32B-Instruct/MMStar, Rank 1/8:  80%|████████  | 151/188 [28:19<13:17, 21.55s/it]Infer Qwen2.5-VL-32B-Instruct/MMStar, Rank 5/8:  88%|████████▊ | 164/187 [28:25<09:03, 23.63s/it]Infer Qwen2.5-VL-32B-Instruct/MMStar, Rank 1/8:  81%|████████  | 152/188 [28:30<11:04, 18.46s/it]Infer Qwen2.5-VL-32B-Instruct/MMStar, Rank 3/8:  90%|████████▉ | 169/188 [28:35<06:54, 21.79s/it]Infer Qwen2.5-VL-32B-Instruct/MMStar, Rank 5/8:  88%|████████▊ | 165/187 [28:42<07:52, 21.50s/it]Infer Qwen2.5-VL-32B-Instruct/MMStar, Rank 5/8:  89%|████████▉ | 166/187 [28:42<05:19, 15.21s/it]Infer Qwen2.5-VL-32B-Instruct/MMStar, Rank 6/8:  91%|█████████▏| 171/187 [28:42<05:46, 21.64s/it]Infer Qwen2.5-VL-32B-Instruct/MMStar, Rank 6/8:  92%|█████████▏| 172/187 [28:43<03:49, 15.33s/it]Infer Qwen2.5-VL-32B-Instruct/MMStar, Rank 3/8:  90%|█████████ | 170/188 [28:43<05:20, 17.82s/it]Infer Qwen2.5-VL-32B-Instruct/MMStar, Rank 1/8:  81%|████████▏ | 153/188 [28:43<09:54, 16.97s/it]Infer Qwen2.5-VL-32B-Instruct/MMStar, Rank 6/8:  93%|█████████▎| 173/187 [28:53<03:12, 13.78s/it]Infer Qwen2.5-VL-32B-Instruct/MMStar, Rank 3/8:  91%|█████████ | 171/188 [28:54<04:24, 15.54s/it]Infer Qwen2.5-VL-32B-Instruct/MMStar, Rank 5/8:  89%|████████▉ | 167/187 [28:58<05:10, 15.51s/it]Infer Qwen2.5-VL-32B-Instruct/MMStar, Rank 3/8:  91%|█████████▏| 172/188 [29:02<03:33, 13.34s/it]Infer Qwen2.5-VL-32B-Instruct/MMStar, Rank 5/8:  90%|████████▉ | 168/187 [29:07<04:13, 13.32s/it]Infer Qwen2.5-VL-32B-Instruct/MMStar, Rank 3/8:  92%|█████████▏| 173/188 [29:15<03:20, 13.37s/it]Infer Qwen2.5-VL-32B-Instruct/MMStar, Rank 6/8:  93%|█████████▎| 174/187 [29:15<03:32, 16.33s/it]Infer Qwen2.5-VL-32B-Instruct/MMStar, Rank 3/8:  93%|█████████▎| 174/188 [29:16<02:13,  9.57s/it]Infer Qwen2.5-VL-32B-Instruct/MMStar, Rank 1/8:  82%|████████▏ | 154/188 [29:17<12:20, 21.79s/it]Infer Qwen2.5-VL-32B-Instruct/MMStar, Rank 1/8:  82%|████████▏ | 155/188 [29:27<10:09, 18.48s/it]Infer Qwen2.5-VL-32B-Instruct/MMStar, Rank 5/8:  90%|█████████ | 169/187 [29:29<04:50, 16.14s/it]Infer Qwen2.5-VL-32B-Instruct/MMStar, Rank 5/8:  91%|█████████ | 170/187 [29:37<03:52, 13.68s/it]Infer Qwen2.5-VL-32B-Instruct/MMStar, Rank 3/8:  93%|█████████▎| 175/188 [29:39<02:57, 13.62s/it]Infer Qwen2.5-VL-32B-Instruct/MMStar, Rank 6/8:  94%|█████████▎| 175/187 [29:41<03:48, 19.02s/it]Infer Qwen2.5-VL-32B-Instruct/MMStar, Rank 1/8:  83%|████████▎ | 156/188 [29:41<09:09, 17.16s/it]Infer Qwen2.5-VL-32B-Instruct/MMStar, Rank 5/8:  91%|█████████▏| 171/187 [29:48<03:22, 12.64s/it]Infer Qwen2.5-VL-32B-Instruct/MMStar, Rank 3/8:  94%|█████████▎| 176/188 [29:55<02:50, 14.23s/it]Infer Qwen2.5-VL-32B-Instruct/MMStar, Rank 3/8:  94%|█████████▍| 177/188 [29:55<01:51, 10.16s/it]Infer Qwen2.5-VL-32B-Instruct/MMStar, Rank 3/8:  95%|█████████▍| 178/188 [29:56<01:12,  7.29s/it]Infer Qwen2.5-VL-32B-Instruct/MMStar, Rank 5/8:  92%|█████████▏| 172/187 [30:00<03:10, 12.67s/it]Infer Qwen2.5-VL-32B-Instruct/MMStar, Rank 1/8:  84%|████████▎ | 157/188 [30:03<09:37, 18.64s/it]Infer Qwen2.5-VL-32B-Instruct/MMStar, Rank 6/8:  94%|█████████▍| 176/187 [30:05<03:47, 20.65s/it]Infer Qwen2.5-VL-32B-Instruct/MMStar, Rank 3/8:  95%|█████████▌| 179/188 [30:08<01:18,  8.68s/it]Infer Qwen2.5-VL-32B-Instruct/MMStar, Rank 5/8:  93%|█████████▎| 173/187 [30:10<02:44, 11.73s/it]Infer Qwen2.5-VL-32B-Instruct/MMStar, Rank 6/8:  95%|█████████▍| 177/187 [30:13<02:48, 16.90s/it]Infer Qwen2.5-VL-32B-Instruct/MMStar, Rank 4/8:  84%|████████▍ | 157/187 [30:24<42:51, 85.71s/it]Infer Qwen2.5-VL-32B-Instruct/MMStar, Rank 5/8:  93%|█████████▎| 174/187 [30:25<02:44, 12.62s/it]Infer Qwen2.5-VL-32B-Instruct/MMStar, Rank 4/8:  84%|████████▍ | 158/187 [30:25<29:07, 60.25s/it]Infer Qwen2.5-VL-32B-Instruct/MMStar, Rank 1/8:  84%|████████▍ | 158/188 [30:33<11:00, 22.02s/it]Infer Qwen2.5-VL-32B-Instruct/MMStar, Rank 1/8:  85%|████████▍ | 159/188 [30:34<07:34, 15.67s/it]Infer Qwen2.5-VL-32B-Instruct/MMStar, Rank 4/8:  85%|████████▌ | 159/187 [30:40<21:42, 46.53s/it]Infer Qwen2.5-VL-32B-Instruct/MMStar, Rank 1/8:  85%|████████▌ | 160/188 [30:50<07:21, 15.76s/it]Infer Qwen2.5-VL-32B-Instruct/MMStar, Rank 3/8:  96%|█████████▌| 180/188 [30:53<02:37, 19.64s/it]Infer Qwen2.5-VL-32B-Instruct/MMStar, Rank 3/8:  96%|█████████▋| 181/188 [30:54<01:38, 14.03s/it]Infer Qwen2.5-VL-32B-Instruct/MMStar, Rank 3/8:  97%|█████████▋| 182/188 [30:55<00:59,  9.97s/it]Infer Qwen2.5-VL-32B-Instruct/MMStar, Rank 4/8:  86%|████████▌ | 160/187 [30:55<16:43, 37.17s/it]Infer Qwen2.5-VL-32B-Instruct/MMStar, Rank 1/8:  86%|████████▌ | 161/188 [31:02<06:32, 14.52s/it]Infer Qwen2.5-VL-32B-Instruct/MMStar, Rank 1/8:  86%|████████▌ | 162/188 [31:02<04:28, 10.33s/it]Infer Qwen2.5-VL-32B-Instruct/MMStar, Rank 3/8:  97%|█████████▋| 183/188 [31:14<01:04, 12.85s/it]Infer Qwen2.5-VL-32B-Instruct/MMStar, Rank 3/8:  98%|█████████▊| 184/188 [31:15<00:36,  9.22s/it]Infer Qwen2.5-VL-32B-Instruct/MMStar, Rank 1/8:  87%|████████▋ | 163/188 [31:18<04:54, 11.80s/it]Infer Qwen2.5-VL-32B-Instruct/MMStar, Rank 5/8:  94%|█████████▎| 175/187 [31:18<04:58, 24.91s/it]Infer Qwen2.5-VL-32B-Instruct/MMStar, Rank 6/8:  95%|█████████▌| 178/187 [31:19<04:43, 31.45s/it]Infer Qwen2.5-VL-32B-Instruct/MMStar, Rank 3/8:  98%|█████████▊| 185/188 [31:29<00:31, 10.56s/it]Infer Qwen2.5-VL-32B-Instruct/MMStar, Rank 3/8:  99%|█████████▉| 186/188 [31:33<00:17,  8.67s/it]Infer Qwen2.5-VL-32B-Instruct/MMStar, Rank 0/8:  91%|█████████ | 171/188 [31:40<30:13, 106.66s/it]Infer Qwen2.5-VL-32B-Instruct/MMStar, Rank 6/8:  96%|█████████▌| 179/187 [31:41<03:49, 28.63s/it]Infer Qwen2.5-VL-32B-Instruct/MMStar, Rank 3/8:  99%|█████████▉| 187/188 [31:41<00:08,  8.47s/it]Infer Qwen2.5-VL-32B-Instruct/MMStar, Rank 4/8:  86%|████████▌ | 161/187 [31:44<17:38, 40.72s/it]Infer Qwen2.5-VL-32B-Instruct/MMStar, Rank 5/8:  94%|█████████▍| 176/187 [31:44<04:37, 25.26s/it]Infer Qwen2.5-VL-32B-Instruct/MMStar, Rank 5/8:  95%|█████████▍| 177/187 [31:45<02:59, 17.91s/it]Infer Qwen2.5-VL-32B-Instruct/MMStar, Rank 0/8:  91%|█████████▏| 172/188 [31:51<20:46, 77.92s/it] Infer Qwen2.5-VL-32B-Instruct/MMStar, Rank 6/8:  96%|█████████▋| 180/187 [31:51<02:42, 23.27s/it]Infer Qwen2.5-VL-32B-Instruct/MMStar, Rank 6/8:  97%|█████████▋| 181/187 [31:52<01:39, 16.51s/it]Infer Qwen2.5-VL-32B-Instruct/MMStar, Rank 4/8:  87%|████████▋ | 162/187 [31:56<13:25, 32.23s/it]Infer Qwen2.5-VL-32B-Instruct/MMStar, Rank 1/8:  87%|████████▋ | 164/188 [31:58<08:09, 20.39s/it]Infer Qwen2.5-VL-32B-Instruct/MMStar, Rank 0/8:  92%|█████████▏| 173/188 [32:00<14:19, 57.29s/it]Infer Qwen2.5-VL-32B-Instruct/MMStar, Rank 3/8: 100%|██████████| 188/188 [32:04<00:00, 13.01s/it]Infer Qwen2.5-VL-32B-Instruct/MMStar, Rank 3/8: 100%|██████████| 188/188 [32:04<00:00, 10.24s/it]
Infer Qwen2.5-VL-32B-Instruct/MMStar, Rank 4/8:  87%|████████▋ | 163/187 [32:06<10:08, 25.36s/it]Infer Qwen2.5-VL-32B-Instruct/MMStar, Rank 1/8:  88%|████████▊ | 165/188 [32:09<06:41, 17.46s/it]Infer Qwen2.5-VL-32B-Instruct/MMStar, Rank 1/8:  88%|████████▊ | 166/188 [32:12<04:50, 13.21s/it]Infer Qwen2.5-VL-32B-Instruct/MMStar, Rank 4/8:  88%|████████▊ | 164/187 [32:13<07:35, 19.82s/it]Infer Qwen2.5-VL-32B-Instruct/MMStar, Rank 6/8:  97%|█████████▋| 182/187 [32:14<01:30, 18.18s/it]Infer Qwen2.5-VL-32B-Instruct/MMStar, Rank 0/8:  93%|█████████▎| 174/188 [32:17<10:33, 45.26s/it]Infer Qwen2.5-VL-32B-Instruct/MMStar, Rank 1/8:  89%|████████▉ | 167/188 [32:18<03:54, 11.16s/it]Infer Qwen2.5-VL-32B-Instruct/MMStar, Rank 1/8:  89%|████████▉ | 168/188 [32:22<02:58,  8.93s/it]Infer Qwen2.5-VL-32B-Instruct/MMStar, Rank 4/8:  88%|████████▊ | 165/187 [32:23<06:11, 16.88s/it]Infer Qwen2.5-VL-32B-Instruct/MMStar, Rank 5/8:  95%|█████████▌| 178/187 [32:23<03:36, 24.08s/it]Infer Qwen2.5-VL-32B-Instruct/MMStar, Rank 4/8:  89%|████████▉ | 166/187 [32:36<05:32, 15.81s/it]Infer Qwen2.5-VL-32B-Instruct/MMStar, Rank 6/8:  98%|█████████▊| 183/187 [32:38<01:19, 19.92s/it]Infer Qwen2.5-VL-32B-Instruct/MMStar, Rank 6/8:  98%|█████████▊| 184/187 [32:39<00:42, 14.15s/it]Infer Qwen2.5-VL-32B-Instruct/MMStar, Rank 6/8:  99%|█████████▉| 185/187 [32:40<00:20, 10.08s/it]Infer Qwen2.5-VL-32B-Instruct/MMStar, Rank 1/8:  90%|████████▉ | 169/188 [32:41<03:46, 11.91s/it]Infer Qwen2.5-VL-32B-Instruct/MMStar, Rank 6/8:  99%|█████████▉| 186/187 [32:48<00:09,  9.57s/it]Infer Qwen2.5-VL-32B-Instruct/MMStar, Rank 4/8:  89%|████████▉ | 167/187 [32:52<05:19, 15.97s/it]Infer Qwen2.5-VL-32B-Instruct/MMStar, Rank 6/8: 100%|██████████| 187/187 [32:55<00:00,  8.80s/it]Infer Qwen2.5-VL-32B-Instruct/MMStar, Rank 6/8: 100%|██████████| 187/187 [32:55<00:00, 10.56s/it]
Infer Qwen2.5-VL-32B-Instruct/MMStar, Rank 0/8:  93%|█████████▎| 175/188 [32:58<09:29, 43.77s/it]Infer Qwen2.5-VL-32B-Instruct/MMStar, Rank 4/8:  90%|████████▉ | 168/187 [33:00<04:19, 13.63s/it]Infer Qwen2.5-VL-32B-Instruct/MMStar, Rank 5/8:  96%|█████████▌| 179/187 [33:02<03:48, 28.55s/it]Infer Qwen2.5-VL-32B-Instruct/MMStar, Rank 5/8:  96%|█████████▋| 180/187 [33:12<02:39, 22.79s/it]Infer Qwen2.5-VL-32B-Instruct/MMStar, Rank 0/8:  94%|█████████▎| 176/188 [33:15<07:09, 35.77s/it]Infer Qwen2.5-VL-32B-Instruct/MMStar, Rank 1/8:  90%|█████████ | 170/188 [33:15<05:33, 18.51s/it]Infer Qwen2.5-VL-32B-Instruct/MMStar, Rank 5/8:  97%|█████████▋| 181/187 [33:21<01:52, 18.68s/it]Infer Qwen2.5-VL-32B-Instruct/MMStar, Rank 7/8:  88%|████████▊ | 164/187 [33:29<43:54, 114.54s/it]Infer Qwen2.5-VL-32B-Instruct/MMStar, Rank 7/8:  88%|████████▊ | 165/187 [33:30<29:27, 80.35s/it] Infer Qwen2.5-VL-32B-Instruct/MMStar, Rank 5/8:  97%|█████████▋| 182/187 [33:30<01:19, 15.95s/it]Infer Qwen2.5-VL-32B-Instruct/MMStar, Rank 0/8:  94%|█████████▍| 177/188 [33:32<05:32, 30.24s/it]Infer Qwen2.5-VL-32B-Instruct/MMStar, Rank 2/8:  84%|████████▍ | 158/188 [33:36<55:38, 111.28s/it]Infer Qwen2.5-VL-32B-Instruct/MMStar, Rank 5/8:  98%|█████████▊| 183/187 [33:41<00:57, 14.35s/it]Infer Qwen2.5-VL-32B-Instruct/MMStar, Rank 1/8:  91%|█████████ | 171/188 [33:45<06:16, 22.13s/it]Infer Qwen2.5-VL-32B-Instruct/MMStar, Rank 1/8:  91%|█████████▏| 172/188 [33:46<04:10, 15.68s/it]Infer Qwen2.5-VL-32B-Instruct/MMStar, Rank 7/8:  89%|████████▉ | 166/187 [33:50<21:45, 62.16s/it]Infer Qwen2.5-VL-32B-Instruct/MMStar, Rank 5/8:  98%|█████████▊| 184/187 [33:51<00:38, 12.98s/it]Infer Qwen2.5-VL-32B-Instruct/MMStar, Rank 7/8:  89%|████████▉ | 167/187 [33:53<14:50, 44.51s/it]Infer Qwen2.5-VL-32B-Instruct/MMStar, Rank 2/8:  85%|████████▍ | 159/188 [33:55<40:25, 83.65s/it] Infer Qwen2.5-VL-32B-Instruct/MMStar, Rank 1/8:  92%|█████████▏| 173/188 [33:55<03:26, 13.77s/it]Infer Qwen2.5-VL-32B-Instruct/MMStar, Rank 0/8:  95%|█████████▍| 178/188 [33:58<04:48, 28.83s/it]Infer Qwen2.5-VL-32B-Instruct/MMStar, Rank 5/8:  99%|█████████▉| 185/187 [34:00<00:23, 11.91s/it]Infer Qwen2.5-VL-32B-Instruct/MMStar, Rank 5/8:  99%|█████████▉| 186/187 [34:01<00:08,  8.56s/it]Infer Qwen2.5-VL-32B-Instruct/MMStar, Rank 0/8:  95%|█████████▌| 179/188 [34:09<03:31, 23.55s/it]Infer Qwen2.5-VL-32B-Instruct/MMStar, Rank 1/8:  93%|█████████▎| 174/188 [34:09<03:11, 13.70s/it]Infer Qwen2.5-VL-32B-Instruct/MMStar, Rank 1/8:  93%|█████████▎| 175/188 [34:09<02:06,  9.77s/it]Infer Qwen2.5-VL-32B-Instruct/MMStar, Rank 7/8:  90%|████████▉ | 168/187 [34:13<11:43, 37.03s/it]Infer Qwen2.5-VL-32B-Instruct/MMStar, Rank 2/8:  85%|████████▌ | 160/188 [34:13<29:55, 64.12s/it]Infer Qwen2.5-VL-32B-Instruct/MMStar, Rank 5/8: 100%|██████████| 187/187 [34:13<00:00,  9.70s/it]Infer Qwen2.5-VL-32B-Instruct/MMStar, Rank 5/8: 100%|██████████| 187/187 [34:13<00:00, 10.98s/it]
Infer Qwen2.5-VL-32B-Instruct/MMStar, Rank 4/8:  90%|█████████ | 169/187 [34:19<09:56, 33.15s/it]Infer Qwen2.5-VL-32B-Instruct/MMStar, Rank 0/8:  96%|█████████▌| 180/188 [34:23<02:45, 20.67s/it]Infer Qwen2.5-VL-32B-Instruct/MMStar, Rank 0/8:  96%|█████████▋| 181/188 [34:23<01:42, 14.66s/it]Infer Qwen2.5-VL-32B-Instruct/MMStar, Rank 1/8:  94%|█████████▎| 176/188 [34:28<02:29, 12.45s/it]Infer Qwen2.5-VL-32B-Instruct/MMStar, Rank 2/8:  86%|████████▌ | 161/188 [34:36<23:11, 51.55s/it]Infer Qwen2.5-VL-32B-Instruct/MMStar, Rank 0/8:  97%|█████████▋| 182/188 [34:43<01:37, 16.25s/it]Infer Qwen2.5-VL-32B-Instruct/MMStar, Rank 1/8:  94%|█████████▍| 177/188 [34:45<02:31, 13.74s/it]Infer Qwen2.5-VL-32B-Instruct/MMStar, Rank 2/8:  86%|████████▌ | 162/188 [34:53<17:53, 41.28s/it]Infer Qwen2.5-VL-32B-Instruct/MMStar, Rank 1/8:  95%|█████████▍| 178/188 [34:57<02:11, 13.18s/it]Infer Qwen2.5-VL-32B-Instruct/MMStar, Rank 7/8:  90%|█████████ | 169/187 [34:58<11:54, 39.70s/it]Infer Qwen2.5-VL-32B-Instruct/MMStar, Rank 1/8:  95%|█████████▌| 179/188 [35:06<01:48, 12.05s/it]Infer Qwen2.5-VL-32B-Instruct/MMStar, Rank 7/8:  91%|█████████ | 170/187 [35:14<09:10, 32.40s/it]Infer Qwen2.5-VL-32B-Instruct/MMStar, Rank 7/8:  91%|█████████▏| 171/187 [35:20<06:30, 24.43s/it]Infer Qwen2.5-VL-32B-Instruct/MMStar, Rank 1/8:  96%|█████████▌| 180/188 [35:21<01:42, 12.80s/it]Infer Qwen2.5-VL-32B-Instruct/MMStar, Rank 4/8:  91%|█████████ | 170/187 [35:21<11:51, 41.87s/it]Infer Qwen2.5-VL-32B-Instruct/MMStar, Rank 0/8:  97%|█████████▋| 183/188 [35:22<01:55, 23.06s/it]Infer Qwen2.5-VL-32B-Instruct/MMStar, Rank 2/8:  87%|████████▋ | 163/188 [35:23<15:49, 37.99s/it]Infer Qwen2.5-VL-32B-Instruct/MMStar, Rank 0/8:  98%|█████████▊| 184/188 [35:30<01:13, 18.40s/it]Infer Qwen2.5-VL-32B-Instruct/MMStar, Rank 0/8:  98%|█████████▊| 185/188 [35:31<00:39, 13.11s/it]Infer Qwen2.5-VL-32B-Instruct/MMStar, Rank 2/8:  87%|████████▋ | 164/188 [35:32<11:44, 29.37s/it]Infer Qwen2.5-VL-32B-Instruct/MMStar, Rank 4/8:  91%|█████████▏| 171/187 [35:33<08:46, 32.89s/it]Infer Qwen2.5-VL-32B-Instruct/MMStar, Rank 7/8:  92%|█████████▏| 172/187 [35:35<05:25, 21.68s/it]Infer Qwen2.5-VL-32B-Instruct/MMStar, Rank 0/8:  99%|█████████▉| 186/188 [35:36<00:21, 10.88s/it]Infer Qwen2.5-VL-32B-Instruct/MMStar, Rank 4/8:  92%|█████████▏| 172/187 [35:39<06:13, 24.88s/it]Infer Qwen2.5-VL-32B-Instruct/MMStar, Rank 2/8:  88%|████████▊ | 165/188 [35:42<08:56, 23.32s/it]Infer Qwen2.5-VL-32B-Instruct/MMStar, Rank 7/8:  93%|█████████▎| 173/187 [35:47<04:22, 18.77s/it]Infer Qwen2.5-VL-32B-Instruct/MMStar, Rank 4/8:  93%|█████████▎| 173/187 [35:49<04:43, 20.27s/it]Infer Qwen2.5-VL-32B-Instruct/MMStar, Rank 0/8:  99%|█████████▉| 187/188 [35:51<00:12, 12.10s/it]Infer Qwen2.5-VL-32B-Instruct/MMStar, Rank 2/8:  88%|████████▊ | 166/188 [35:58<07:48, 21.30s/it]Infer Qwen2.5-VL-32B-Instruct/MMStar, Rank 0/8: 100%|██████████| 188/188 [35:58<00:00, 10.58s/it]Infer Qwen2.5-VL-32B-Instruct/MMStar, Rank 0/8: 100%|██████████| 188/188 [35:58<00:00, 11.48s/it]
Infer Qwen2.5-VL-32B-Instruct/MMStar, Rank 7/8:  93%|█████████▎| 174/187 [36:00<03:42, 17.12s/it]Infer Qwen2.5-VL-32B-Instruct/MMStar, Rank 4/8:  93%|█████████▎| 174/187 [36:06<04:10, 19.23s/it]Infer Qwen2.5-VL-32B-Instruct/MMStar, Rank 7/8:  94%|█████████▎| 175/187 [36:08<02:50, 14.23s/it]Infer Qwen2.5-VL-32B-Instruct/MMStar, Rank 7/8:  94%|█████████▍| 176/187 [36:12<02:02, 11.17s/it]Infer Qwen2.5-VL-32B-Instruct/MMStar, Rank 2/8:  89%|████████▉ | 167/188 [36:12<06:41, 19.10s/it]Infer Qwen2.5-VL-32B-Instruct/MMStar, Rank 1/8:  96%|█████████▋| 181/188 [36:13<02:51, 24.51s/it]Infer Qwen2.5-VL-32B-Instruct/MMStar, Rank 4/8:  94%|█████████▎| 175/187 [36:18<03:26, 17.19s/it]Infer Qwen2.5-VL-32B-Instruct/MMStar, Rank 1/8:  97%|█████████▋| 182/188 [36:22<01:59, 19.95s/it]Infer Qwen2.5-VL-32B-Instruct/MMStar, Rank 4/8:  94%|█████████▍| 176/187 [36:31<02:53, 15.74s/it]Infer Qwen2.5-VL-32B-Instruct/MMStar, Rank 2/8:  89%|████████▉ | 168/188 [36:34<06:39, 19.95s/it]Infer Qwen2.5-VL-32B-Instruct/MMStar, Rank 1/8:  97%|█████████▋| 183/188 [36:39<01:35, 19.15s/it]Infer Qwen2.5-VL-32B-Instruct/MMStar, Rank 7/8:  95%|█████████▍| 177/187 [36:43<02:52, 17.26s/it]Infer Qwen2.5-VL-32B-Instruct/MMStar, Rank 4/8:  95%|█████████▍| 177/187 [36:45<02:34, 15.47s/it]Infer Qwen2.5-VL-32B-Instruct/MMStar, Rank 7/8:  95%|█████████▌| 178/187 [36:55<02:19, 15.49s/it]Infer Qwen2.5-VL-32B-Instruct/MMStar, Rank 2/8:  90%|████████▉ | 169/188 [36:57<06:34, 20.77s/it]Infer Qwen2.5-VL-32B-Instruct/MMStar, Rank 1/8:  98%|█████████▊| 184/188 [36:58<01:16, 19.16s/it]Infer Qwen2.5-VL-32B-Instruct/MMStar, Rank 2/8:  90%|█████████ | 170/188 [37:09<05:28, 18.26s/it]Infer Qwen2.5-VL-32B-Instruct/MMStar, Rank 1/8:  98%|█████████▊| 185/188 [37:10<00:50, 16.83s/it]Infer Qwen2.5-VL-32B-Instruct/MMStar, Rank 1/8:  99%|█████████▉| 186/188 [37:10<00:23, 11.95s/it]Infer Qwen2.5-VL-32B-Instruct/MMStar, Rank 7/8:  96%|█████████▌| 179/187 [37:13<02:11, 16.44s/it]Infer Qwen2.5-VL-32B-Instruct/MMStar, Rank 4/8:  95%|█████████▌| 178/187 [37:17<03:03, 20.34s/it]Infer Qwen2.5-VL-32B-Instruct/MMStar, Rank 1/8:  99%|█████████▉| 187/188 [37:20<00:11, 11.25s/it]Infer Qwen2.5-VL-32B-Instruct/MMStar, Rank 2/8:  91%|█████████ | 171/188 [37:24<04:50, 17.09s/it]Infer Qwen2.5-VL-32B-Instruct/MMStar, Rank 1/8: 100%|██████████| 188/188 [37:25<00:00,  9.29s/it]Infer Qwen2.5-VL-32B-Instruct/MMStar, Rank 1/8: 100%|██████████| 188/188 [37:25<00:00, 11.94s/it]
Infer Qwen2.5-VL-32B-Instruct/MMStar, Rank 7/8:  96%|█████████▋| 180/187 [37:25<01:45, 15.01s/it]Infer Qwen2.5-VL-32B-Instruct/MMStar, Rank 7/8:  97%|█████████▋| 181/187 [37:31<01:14, 12.36s/it]Infer Qwen2.5-VL-32B-Instruct/MMStar, Rank 4/8:  96%|█████████▌| 179/187 [37:39<02:45, 20.71s/it]Infer Qwen2.5-VL-32B-Instruct/MMStar, Rank 2/8:  91%|█████████▏| 172/188 [37:44<04:50, 18.13s/it]Infer Qwen2.5-VL-32B-Instruct/MMStar, Rank 4/8:  96%|█████████▋| 180/187 [37:49<02:02, 17.57s/it]Infer Qwen2.5-VL-32B-Instruct/MMStar, Rank 2/8:  92%|█████████▏| 173/188 [37:51<03:43, 14.89s/it]Infer Qwen2.5-VL-32B-Instruct/MMStar, Rank 4/8:  97%|█████████▋| 181/187 [37:57<01:28, 14.78s/it]Infer Qwen2.5-VL-32B-Instruct/MMStar, Rank 4/8:  97%|█████████▋| 182/187 [37:58<00:52, 10.55s/it]Infer Qwen2.5-VL-32B-Instruct/MMStar, Rank 2/8:  93%|█████████▎| 174/188 [38:11<03:47, 16.23s/it]Infer Qwen2.5-VL-32B-Instruct/MMStar, Rank 4/8:  98%|█████████▊| 183/187 [38:23<01:00, 15.05s/it]Infer Qwen2.5-VL-32B-Instruct/MMStar, Rank 4/8:  98%|█████████▊| 184/187 [38:35<00:41, 13.95s/it]Infer Qwen2.5-VL-32B-Instruct/MMStar, Rank 4/8:  99%|█████████▉| 185/187 [38:35<00:19,  9.93s/it]Infer Qwen2.5-VL-32B-Instruct/MMStar, Rank 4/8:  99%|█████████▉| 186/187 [38:45<00:09,  9.71s/it]Infer Qwen2.5-VL-32B-Instruct/MMStar, Rank 4/8: 100%|██████████| 187/187 [38:45<00:00,  7.04s/it]Infer Qwen2.5-VL-32B-Instruct/MMStar, Rank 4/8: 100%|██████████| 187/187 [38:45<00:00, 12.44s/it]
Infer Qwen2.5-VL-32B-Instruct/MMStar, Rank 7/8:  97%|█████████▋| 182/187 [38:46<02:36, 31.27s/it]Infer Qwen2.5-VL-32B-Instruct/MMStar, Rank 7/8:  98%|█████████▊| 183/187 [38:55<01:37, 24.41s/it]Infer Qwen2.5-VL-32B-Instruct/MMStar, Rank 2/8:  93%|█████████▎| 175/188 [38:58<05:30, 25.44s/it]Infer Qwen2.5-VL-32B-Instruct/MMStar, Rank 7/8:  98%|█████████▊| 184/187 [39:08<01:03, 21.10s/it]Infer Qwen2.5-VL-32B-Instruct/MMStar, Rank 2/8:  94%|█████████▎| 176/188 [39:10<04:17, 21.50s/it]Infer Qwen2.5-VL-32B-Instruct/MMStar, Rank 7/8:  99%|█████████▉| 185/187 [39:19<00:36, 18.03s/it]Infer Qwen2.5-VL-32B-Instruct/MMStar, Rank 7/8:  99%|█████████▉| 186/187 [39:20<00:12, 12.80s/it]Infer Qwen2.5-VL-32B-Instruct/MMStar, Rank 7/8: 100%|██████████| 187/187 [39:37<00:00, 14.17s/it]Infer Qwen2.5-VL-32B-Instruct/MMStar, Rank 7/8: 100%|██████████| 187/187 [39:37<00:00, 12.71s/it]
Infer Qwen2.5-VL-32B-Instruct/MMStar, Rank 2/8:  94%|█████████▍| 177/188 [39:47<04:46, 26.09s/it]Infer Qwen2.5-VL-32B-Instruct/MMStar, Rank 2/8:  95%|█████████▍| 178/188 [40:13<04:20, 26.03s/it]Infer Qwen2.5-VL-32B-Instruct/MMStar, Rank 2/8:  95%|█████████▌| 179/188 [41:00<04:52, 32.49s/it]Infer Qwen2.5-VL-32B-Instruct/MMStar, Rank 2/8:  96%|█████████▌| 180/188 [41:45<04:49, 36.15s/it]Infer Qwen2.5-VL-32B-Instruct/MMStar, Rank 2/8:  96%|█████████▋| 181/188 [41:59<03:25, 29.39s/it]Infer Qwen2.5-VL-32B-Instruct/MMStar, Rank 2/8:  97%|█████████▋| 182/188 [42:09<02:21, 23.64s/it]Infer Qwen2.5-VL-32B-Instruct/MMStar, Rank 2/8:  97%|█████████▋| 183/188 [42:38<02:06, 25.36s/it]Infer Qwen2.5-VL-32B-Instruct/MMStar, Rank 2/8:  98%|█████████▊| 184/188 [42:49<01:23, 20.90s/it]Infer Qwen2.5-VL-32B-Instruct/MMStar, Rank 2/8:  98%|█████████▊| 185/188 [43:00<00:54, 18.05s/it]Infer Qwen2.5-VL-32B-Instruct/MMStar, Rank 2/8:  99%|█████████▉| 186/188 [43:11<00:31, 15.96s/it]Infer Qwen2.5-VL-32B-Instruct/MMStar, Rank 2/8:  99%|█████████▉| 187/188 [43:52<00:23, 23.33s/it]Infer Qwen2.5-VL-32B-Instruct/MMStar, Rank 2/8: 100%|██████████| 188/188 [44:02<00:00, 19.54s/it]Infer Qwen2.5-VL-32B-Instruct/MMStar, Rank 2/8: 100%|██████████| 188/188 [44:02<00:00, 14.06s/it]
/root/storage/miniconda3/envs/vlmevalkit/lib/python3.10/site-packages/torch/distributed/c10d_logger.py:83: UserWarning: barrier(): using the device under current context. You can specify `device_id` in `init_process_group` to mute this warning.
  return func(*args, **kwargs)
[2026-06-12 09:00:44] INFO - vlmeval.__main__: ----------- RealWorldQA -----------
[2026-06-12 09:00:44] INFO - vlmeval.__main__: ----------- RealWorldQA -----------
[2026-06-12 09:00:44] INFO - vlmeval.__main__: ----------- RealWorldQA -----------
[2026-06-12 09:00:44] INFO - vlmeval.__main__: ----------- RealWorldQA -----------
[2026-06-12 09:00:44] INFO - vlmeval.__main__: ----------- RealWorldQA -----------
[2026-06-12 09:00:44] INFO - vlmeval.__main__: ----------- RealWorldQA -----------
[2026-06-12 09:00:44] INFO - vlmeval.__main__: ----------- RealWorldQA -----------
[2026-06-12 09:00:44] ERROR - misc.py: load_env - 220: Did not detect the .env file at /root/storage/mahaoxuan.mhx/code/MMR-Bench/third_party/VLMEvalKit/.env, failed to load. 
[2026-06-12 09:00:44] INFO - vlmeval.api.base: BaseAPI received the following kwargs: {'chat_template_kwargs': {'enable_thinking': False}}
[2026-06-12 09:00:44] INFO - vlmeval.api.base: Will try to use them as kwargs for `generate`. 
[2026-06-12 09:00:44] INFO - vlmeval.api.gpt: Using API Base: http://33.3.183.91:8000/v1/chat/completions; API Key: EMPTY
  0%|          | 0/1500 [00:00<?, ?it/s]  1%|          | 14/1500 [00:00<00:36, 40.82it/s]  1%|▏         | 19/1500 [00:00<00:40, 36.96it/s]  2%|▏         | 32/1500 [00:01<01:04, 22.59it/s]  2%|▏         | 36/1500 [00:01<01:00, 24.19it/s]  3%|▎         | 43/1500 [00:01<00:48, 29.93it/s]  3%|▎         | 47/1500 [00:01<00:57, 25.07it/s]  4%|▎         | 55/1500 [00:01<00:43, 33.03it/s]  4%|▍         | 62/1500 [00:01<00:38, 37.62it/s]  4%|▍         | 67/1500 [00:02<00:38, 37.68it/s]  5%|▍         | 72/1500 [00:02<00:37, 38.41it/s]  5%|▌         | 79/1500 [00:02<00:32, 43.26it/s]  6%|▋         | 95/1500 [00:02<00:20, 69.58it/s]  7%|▋         | 106/1500 [00:02<00:18, 74.43it/s]  8%|▊         | 115/1500 [00:02<00:29, 46.30it/s]  8%|▊         | 122/1500 [00:03<00:28, 48.88it/s]  9%|▉         | 133/1500 [00:03<00:29, 46.24it/s] 10%|▉         | 147/1500 [00:03<00:22, 60.99it/s] 10%|█         | 155/1500 [00:03<00:31, 42.26it/s] 11%|█         | 161/1500 [00:04<00:40, 32.96it/s] 11%|█         | 166/1500 [00:04<00:51, 26.13it/s] 11%|█▏        | 171/1500 [00:04<00:48, 27.39it/s] 12%|█▏        | 181/1500 [00:04<00:34, 37.98it/s] 13%|█▎        | 189/1500 [00:05<00:50, 25.87it/s] 13%|█▎        | 194/1500 [00:05<00:46, 28.27it/s] 13%|█▎        | 199/1500 [00:05<00:44, 29.51it/s] 14%|█▍        | 210/1500 [00:05<00:30, 42.66it/s] 15%|█▌        | 226/1500 [00:05<00:19, 64.78it/s] 16%|█▌        | 240/1500 [00:05<00:15, 80.69it/s] 17%|█▋        | 256/1500 [00:05<00:12, 98.28it/s] 18%|█▊        | 272/1500 [00:06<00:10, 112.58it/s] 19%|█▉        | 287/1500 [00:06<00:09, 122.05it/s] 20%|██        | 302/1500 [00:06<00:09, 128.32it/s] 21%|██        | 317/1500 [00:06<00:08, 131.99it/s] 22%|██▏       | 331/1500 [00:06<00:09, 122.31it/s] 23%|██▎       | 344/1500 [00:06<00:09, 121.93it/s] 24%|██▍       | 359/1500 [00:06<00:08, 129.16it/s] 25%|██▍       | 373/1500 [00:06<00:08, 131.31it/s] 26%|██▌       | 389/1500 [00:07<00:08, 124.76it/s] 27%|██▋       | 404/1500 [00:07<00:08, 130.05it/s] 28%|██▊       | 419/1500 [00:07<00:07, 135.38it/s] 29%|██▉       | 433/1500 [00:07<00:09, 117.95it/s] 30%|██▉       | 449/1500 [00:07<00:08, 126.91it/s] 31%|███       | 464/1500 [00:07<00:07, 131.76it/s] 32%|███▏      | 478/1500 [00:07<00:08, 118.73it/s] 33%|███▎      | 493/1500 [00:07<00:07, 126.52it/s] 34%|███▍      | 507/1500 [00:08<00:11, 90.20it/s]  35%|███▍      | 518/1500 [00:08<00:11, 88.00it/s] 35%|███▌      | 528/1500 [00:08<00:18, 52.22it/s] 36%|███▌      | 536/1500 [00:09<00:23, 40.88it/s] 36%|███▋      | 545/1500 [00:09<00:20, 47.21it/s] 37%|███▋      | 552/1500 [00:09<00:34, 27.16it/s] 37%|███▋      | 558/1500 [00:09<00:31, 30.35it/s] 38%|███▊      | 564/1500 [00:09<00:28, 32.78it/s] 38%|███▊      | 569/1500 [00:10<00:27, 34.33it/s] 39%|███▊      | 580/1500 [00:10<00:19, 47.55it/s] 39%|███▉      | 587/1500 [00:10<00:22, 40.73it/s] 40%|███▉      | 593/1500 [00:10<00:21, 41.68it/s] 40%|███▉      | 599/1500 [00:10<00:24, 37.19it/s] 40%|████      | 604/1500 [00:11<00:32, 27.19it/s] 41%|████      | 609/1500 [00:11<00:30, 29.03it/s] 41%|████      | 613/1500 [00:11<00:29, 30.37it/s] 41%|████      | 617/1500 [00:11<00:28, 31.20it/s] 41%|████▏     | 621/1500 [00:11<00:33, 26.09it/s] 42%|████▏     | 625/1500 [00:12<00:47, 18.39it/s] 42%|████▏     | 633/1500 [00:12<00:35, 24.25it/s] 42%|████▏     | 636/1500 [00:12<00:35, 24.53it/s] 43%|████▎     | 641/1500 [00:12<00:30, 28.26it/s] 43%|████▎     | 648/1500 [00:12<00:23, 35.51it/s] 44%|████▍     | 657/1500 [00:12<00:18, 44.71it/s] 44%|████▍     | 666/1500 [00:12<00:16, 50.18it/s] 45%|████▍     | 672/1500 [00:13<00:28, 28.97it/s] 45%|████▌     | 682/1500 [00:13<00:21, 38.36it/s] 46%|████▋     | 695/1500 [00:13<00:14, 53.68it/s] 47%|████▋     | 703/1500 [00:13<00:17, 45.33it/s] 48%|████▊     | 716/1500 [00:13<00:13, 60.13it/s] 48%|████▊     | 726/1500 [00:14<00:11, 66.54it/s] 49%|████▉     | 735/1500 [00:14<00:16, 47.40it/s] 49%|████▉     | 742/1500 [00:14<00:15, 48.06it/s] 50%|████▉     | 749/1500 [00:14<00:16, 44.22it/s] 51%|█████     | 763/1500 [00:14<00:12, 58.56it/s] 51%|█████▏    | 770/1500 [00:15<00:12, 58.64it/s] 52%|█████▏    | 777/1500 [00:15<00:12, 55.95it/s] 52%|█████▏    | 784/1500 [00:15<00:21, 33.52it/s] 53%|█████▎    | 789/1500 [00:15<00:27, 26.12it/s] 53%|█████▎    | 793/1500 [00:16<00:29, 23.76it/s] 53%|█████▎    | 797/1500 [00:16<00:32, 21.74it/s] 53%|█████▎    | 802/1500 [00:16<00:27, 25.54it/s] 54%|█████▎    | 806/1500 [00:16<00:26, 26.58it/s] 54%|█████▍    | 810/1500 [00:16<00:27, 24.70it/s] 54%|█████▍    | 813/1500 [00:16<00:28, 24.18it/s] 54%|█████▍    | 817/1500 [00:17<00:25, 27.19it/s] 55%|█████▍    | 824/1500 [00:17<00:19, 35.32it/s] 55%|█████▌    | 828/1500 [00:17<00:20, 33.13it/s] 56%|█████▌    | 836/1500 [00:17<00:16, 40.43it/s] 56%|█████▌    | 841/1500 [00:17<00:21, 31.37it/s] 57%|█████▋    | 852/1500 [00:17<00:13, 46.34it/s] 57%|█████▋    | 858/1500 [00:18<00:16, 39.56it/s] 58%|█████▊    | 866/1500 [00:18<00:17, 37.15it/s] 58%|█████▊    | 871/1500 [00:18<00:19, 31.85it/s] 58%|█████▊    | 876/1500 [00:18<00:18, 34.51it/s] 59%|█████▊    | 880/1500 [00:18<00:17, 35.23it/s] 59%|█████▉    | 884/1500 [00:19<00:26, 23.66it/s] 59%|█████▉    | 888/1500 [00:19<00:23, 25.74it/s] 59%|█████▉    | 892/1500 [00:19<00:22, 26.80it/s] 60%|██████    | 905/1500 [00:19<00:12, 47.10it/s] 61%|██████    | 912/1500 [00:19<00:11, 51.37it/s] 61%|██████▏   | 919/1500 [00:19<00:11, 49.82it/s] 62%|██████▏   | 925/1500 [00:19<00:13, 41.90it/s] 62%|██████▏   | 930/1500 [00:20<00:13, 42.07it/s] 62%|██████▏   | 935/1500 [00:20<00:13, 42.71it/s] 63%|██████▎   | 940/1500 [00:20<00:23, 24.27it/s] 63%|██████▎   | 951/1500 [00:20<00:15, 35.52it/s] 64%|██████▎   | 956/1500 [00:20<00:15, 35.98it/s] 64%|██████▍   | 961/1500 [00:21<00:17, 31.35it/s] 64%|██████▍   | 965/1500 [00:21<00:19, 27.18it/s] 65%|██████▍   | 972/1500 [00:21<00:15, 33.28it/s] 65%|██████▌   | 976/1500 [00:21<00:15, 33.69it/s] 65%|██████▌   | 980/1500 [00:21<00:15, 33.59it/s] 66%|██████▌   | 984/1500 [00:21<00:15, 33.25it/s] 66%|██████▌   | 990/1500 [00:21<00:16, 31.10it/s] 66%|██████▋   | 994/1500 [00:22<00:15, 31.65it/s] 67%|██████▋   | 998/1500 [00:22<00:15, 31.88it/s] 67%|██████▋   | 1007/1500 [00:22<00:11, 44.68it/s] 67%|██████▋   | 1012/1500 [00:22<00:11, 43.14it/s] 68%|██████▊   | 1019/1500 [00:22<00:10, 46.91it/s] 68%|██████▊   | 1026/1500 [00:22<00:09, 52.48it/s] 69%|██████▉   | 1032/1500 [00:22<00:09, 50.45it/s] 69%|██████▉   | 1038/1500 [00:23<00:11, 38.67it/s] 70%|██████▉   | 1046/1500 [00:23<00:09, 47.27it/s] 70%|███████   | 1053/1500 [00:23<00:08, 52.35it/s] 71%|███████   | 1059/1500 [00:23<00:08, 51.93it/s] 71%|███████   | 1065/1500 [00:23<00:10, 40.91it/s] 71%|███████▏  | 1070/1500 [00:23<00:10, 40.90it/s] 72%|███████▏  | 1075/1500 [00:23<00:10, 39.78it/s] 73%|███████▎  | 1088/1500 [00:23<00:06, 59.89it/s] 73%|███████▎  | 1096/1500 [00:24<00:07, 51.80it/s] 73%|███████▎  | 1102/1500 [00:24<00:09, 41.10it/s] 74%|███████▍  | 1110/1500 [00:24<00:08, 48.15it/s] 74%|███████▍  | 1116/1500 [00:24<00:09, 39.86it/s] 75%|███████▌  | 1129/1500 [00:24<00:06, 56.44it/s] 76%|███████▌  | 1136/1500 [00:25<00:08, 43.91it/s] 76%|███████▋  | 1144/1500 [00:25<00:08, 41.45it/s] 77%|███████▋  | 1150/1500 [00:25<00:08, 43.30it/s] 77%|███████▋  | 1159/1500 [00:25<00:06, 50.10it/s] 78%|███████▊  | 1166/1500 [00:25<00:07, 43.15it/s] 78%|███████▊  | 1171/1500 [00:25<00:07, 42.21it/s] 78%|███████▊  | 1176/1500 [00:26<00:07, 43.39it/s] 79%|███████▉  | 1184/1500 [00:26<00:06, 49.84it/s] 79%|███████▉  | 1190/1500 [00:26<00:06, 45.66it/s] 80%|███████▉  | 1196/1500 [00:26<00:06, 48.60it/s] 80%|████████  | 1202/1500 [00:26<00:06, 44.93it/s] 81%|████████  | 1208/1500 [00:26<00:06, 47.69it/s] 81%|████████  | 1213/1500 [00:26<00:07, 39.88it/s] 81%|████████▏ | 1220/1500 [00:27<00:07, 36.67it/s] 82%|████████▏ | 1225/1500 [00:27<00:07, 38.46it/s] 82%|████████▏ | 1230/1500 [00:27<00:08, 31.30it/s] 82%|████████▏ | 1234/1500 [00:27<00:09, 27.05it/s] 83%|████████▎ | 1238/1500 [00:27<00:09, 28.28it/s] 83%|████████▎ | 1243/1500 [00:27<00:08, 31.70it/s] 83%|████████▎ | 1247/1500 [00:28<00:07, 31.90it/s] 83%|████████▎ | 1251/1500 [00:28<00:08, 31.03it/s] 84%|████████▎ | 1255/1500 [00:28<00:07, 31.85it/s] 84%|████████▍ | 1259/1500 [00:28<00:09, 25.79it/s] 84%|████████▍ | 1262/1500 [00:28<00:10, 21.94it/s] 84%|████████▍ | 1265/1500 [00:28<00:10, 21.46it/s] 85%|████████▍ | 1269/1500 [00:28<00:09, 25.03it/s] 85%|████████▍ | 1273/1500 [00:29<00:08, 26.41it/s] 85%|████████▌ | 1276/1500 [00:29<00:09, 23.09it/s] 85%|████████▌ | 1279/1500 [00:29<00:10, 21.07it/s] 85%|████████▌ | 1282/1500 [00:29<00:12, 17.85it/s] 86%|████████▌ | 1287/1500 [00:29<00:08, 23.90it/s] 86%|████████▌ | 1290/1500 [00:29<00:08, 24.44it/s] 86%|████████▌ | 1293/1500 [00:30<00:08, 24.78it/s] 86%|████████▋ | 1296/1500 [00:30<00:10, 20.04it/s] 87%|████████▋ | 1300/1500 [00:30<00:08, 23.69it/s] 87%|████████▋ | 1303/1500 [00:30<00:10, 19.03it/s] 87%|████████▋ | 1306/1500 [00:30<00:11, 17.26it/s] 87%|████████▋ | 1309/1500 [00:31<00:12, 15.74it/s] 87%|████████▋ | 1312/1500 [00:31<00:10, 17.11it/s] 88%|████████▊ | 1316/1500 [00:31<00:10, 17.69it/s] 88%|████████▊ | 1318/1500 [00:31<00:12, 14.05it/s] 88%|████████▊ | 1323/1500 [00:31<00:08, 19.84it/s] 88%|████████▊ | 1326/1500 [00:31<00:09, 17.93it/s] 89%|████████▊ | 1329/1500 [00:32<00:08, 19.08it/s] 89%|████████▉ | 1332/1500 [00:32<00:09, 17.47it/s] 89%|████████▉ | 1334/1500 [00:32<00:09, 17.42it/s] 89%|████████▉ | 1338/1500 [00:32<00:07, 21.81it/s] 89%|████████▉ | 1341/1500 [00:32<00:08, 18.29it/s] 90%|████████▉ | 1344/1500 [00:32<00:08, 19.44it/s] 90%|████████▉ | 1347/1500 [00:33<00:07, 20.89it/s] 90%|█████████ | 1350/1500 [00:33<00:09, 15.36it/s] 90%|█████████ | 1352/1500 [00:33<00:09, 15.77it/s] 90%|█████████ | 1354/1500 [00:33<00:09, 15.76it/s] 90%|█████████ | 1356/1500 [00:33<00:10, 13.15it/s] 91%|█████████ | 1358/1500 [00:33<00:10, 13.97it/s] 91%|█████████ | 1360/1500 [00:34<00:09, 14.73it/s] 91%|█████████ | 1362/1500 [00:34<00:08, 15.74it/s] 91%|█████████ | 1367/1500 [00:34<00:05, 22.92it/s] 91%|█████████▏| 1370/1500 [00:34<00:05, 23.18it/s] 92%|█████████▏| 1373/1500 [00:34<00:05, 22.67it/s] 92%|█████████▏| 1377/1500 [00:34<00:04, 26.73it/s] 92%|█████████▏| 1380/1500 [00:34<00:07, 17.11it/s] 92%|█████████▏| 1383/1500 [00:35<00:06, 18.78it/s] 93%|█████████▎| 1390/1500 [00:35<00:03, 28.70it/s] 93%|█████████▎| 1394/1500 [00:35<00:05, 20.20it/s] 93%|█████████▎| 1397/1500 [00:35<00:06, 15.07it/s] 94%|█████████▎| 1404/1500 [00:36<00:04, 21.80it/s] 94%|█████████▍| 1408/1500 [00:36<00:04, 22.88it/s] 94%|█████████▍| 1411/1500 [00:36<00:04, 21.97it/s] 94%|█████████▍| 1415/1500 [00:36<00:03, 21.92it/s] 95%|█████████▍| 1418/1500 [00:36<00:03, 22.55it/s] 95%|█████████▍| 1421/1500 [00:36<00:03, 22.88it/s] 95%|█████████▍| 1424/1500 [00:36<00:03, 24.16it/s] 95%|█████████▌| 1427/1500 [00:37<00:03, 19.22it/s] 95%|█████████▌| 1430/1500 [00:37<00:04, 17.32it/s] 95%|█████████▌| 1432/1500 [00:37<00:03, 17.37it/s] 96%|█████████▌| 1434/1500 [00:37<00:03, 16.62it/s] 96%|█████████▌| 1439/1500 [00:37<00:02, 23.70it/s] 96%|█████████▌| 1442/1500 [00:37<00:02, 24.90it/s] 96%|█████████▋| 1445/1500 [00:37<00:02, 24.54it/s] 97%|█████████▋| 1449/1500 [00:38<00:01, 26.56it/s] 97%|█████████▋| 1452/1500 [00:38<00:02, 20.46it/s] 97%|█████████▋| 1455/1500 [00:38<00:02, 17.52it/s] 97%|█████████▋| 1458/1500 [00:38<00:02, 16.28it/s] 97%|█████████▋| 1460/1500 [00:38<00:02, 16.26it/s] 98%|█████████▊| 1465/1500 [00:38<00:01, 22.40it/s] 98%|█████████▊| 1468/1500 [00:39<00:01, 18.97it/s] 98%|█████████▊| 1471/1500 [00:39<00:01, 20.90it/s] 98%|█████████▊| 1476/1500 [00:39<00:00, 25.83it/s] 99%|█████████▉| 1482/1500 [00:39<00:00, 32.43it/s] 99%|█████████▉| 1486/1500 [00:39<00:00, 21.26it/s] 99%|█████████▉| 1489/1500 [00:40<00:00, 18.98it/s] 99%|█████████▉| 1492/1500 [00:40<00:00, 19.63it/s]100%|█████████▉| 1495/1500 [00:40<00:00, 15.32it/s]100%|█████████▉| 1497/1500 [00:40<00:00, 15.52it/s]100%|█████████▉| 1499/1500 [00:40<00:00, 15.75it/s]100%|██████████| 1500/1500 [00:40<00:00, 36.65it/s]
[2026-06-12 09:03:20] INFO - vlmeval.__main__: The evaluation of model Qwen2.5-VL-32B-Instruct x dataset MMStar has finished! 
[2026-06-12 09:03:20] INFO - vlmeval.__main__: Evaluation Results:
[2026-06-12 09:03:20] INFO - vlmeval.__main__: 
-----------------------  ------------------
split                    none
Overall                  0.6933333333333334
coarse perception        0.728
fine-grained perception  0.6
instance reasoning       0.72
logical reasoning        0.736
math                     0.816
science & technology     0.56
-----------------------  ------------------
[2026-06-12 09:03:20] INFO - vlmeval.__main__: ----------- RealWorldQA -----------
/root/storage/miniconda3/envs/vlmevalkit/lib/python3.10/site-packages/torch/distributed/c10d_logger.py:83: UserWarning: barrier(): using the device under current context. You can specify `device_id` in `init_process_group` to mute this warning.
  return func(*args, **kwargs)
RealWorldQA.tsv: 0.00B [00:00, ?B/s]RealWorldQA.tsv:   0%|          | 8.19k/184M [00:00<3:22:32, 15.1kB/s]RealWorldQA.tsv:  11%|█▏        | 20.7M/184M [00:00<00:03, 43.1MB/s]  RealWorldQA.tsv:  26%|██▋       | 48.2M/184M [00:00<00:01, 94.7MB/s]RealWorldQA.tsv:  29%|██▉       | 54.1M/184M [00:00<00:01, 86.0MB/s]RealWorldQA.tsv:  46%|████▋     | 85.0M/184M [00:00<00:00, 143MB/s] RealWorldQA.tsv:  65%|██████▍   | 118M/184M [00:01<00:00, 195MB/s] RealWorldQA.tsv:  73%|███████▎  | 134M/184M [00:01<00:00, 168MB/s]RealWorldQA.tsv:  86%|████████▌ | 158M/184M [00:01<00:00, 186MB/s]RealWorldQA.tsv:  94%|█████████▍| 173M/184M [00:01<00:00, 178MB/s]RealWorldQA.tsv: 184MB [00:01, 130MB/s]                           
/root/storage/miniconda3/envs/vlmevalkit/lib/python3.10/site-packages/torch/distributed/c10d_logger.py:83: UserWarning: barrier(): using the device under current context. You can specify `device_id` in `init_process_group` to mute this warning.
  return func(*args, **kwargs)
[2026-06-12 09:03:24] INFO - vlmeval.__main__: {'nproc': 8, 'verbose': False, 'retry': 2, 'timeout': 900, 'temperature': 0, 'chat_template_kwargs': {'enable_thinking': False}, 'api_base': 'http://33.3.183.91:8000/v1/chat/completions', 'key': 'EMPTY', 'model': 'Qwen3.5-122B-A10B'}
/root/storage/miniconda3/envs/vlmevalkit/lib/python3.10/site-packages/torch/distributed/c10d_logger.py:83: UserWarning: barrier(): using the device under current context. You can specify `device_id` in `init_process_group` to mute this warning.
  return func(*args, **kwargs)
Infer Qwen2.5-VL-32B-Instruct/RealWorldQA, Rank 7/8:   0%|          | 0/95 [00:00<?, ?it/s]Infer Qwen2.5-VL-32B-Instruct/RealWorldQA, Rank 1/8:   0%|          | 0/96 [00:00<?, ?it/s]Infer Qwen2.5-VL-32B-Instruct/RealWorldQA, Rank 2/8:   0%|          | 0/96 [00:00<?, ?it/s]Infer Qwen2.5-VL-32B-Instruct/RealWorldQA, Rank 3/8:   0%|          | 0/96 [00:00<?, ?it/s]Infer Qwen2.5-VL-32B-Instruct/RealWorldQA, Rank 4/8:   0%|          | 0/96 [00:00<?, ?it/s]Infer Qwen2.5-VL-32B-Instruct/RealWorldQA, Rank 6/8:   0%|          | 0/95 [00:00<?, ?it/s]Infer Qwen2.5-VL-32B-Instruct/RealWorldQA, Rank 5/8:   0%|          | 0/95 [00:00<?, ?it/s]Infer Qwen2.5-VL-32B-Instruct/RealWorldQA, Rank 0/8:   0%|          | 0/96 [00:00<?, ?it/s]Infer Qwen2.5-VL-32B-Instruct/RealWorldQA, Rank 0/8:   1%|          | 1/96 [00:01<01:44,  1.10s/it]Infer Qwen2.5-VL-32B-Instruct/RealWorldQA, Rank 6/8:   1%|          | 1/95 [00:01<01:45,  1.12s/it]Infer Qwen2.5-VL-32B-Instruct/RealWorldQA, Rank 4/8:   1%|          | 1/96 [00:01<01:52,  1.18s/it]Infer Qwen2.5-VL-32B-Instruct/RealWorldQA, Rank 2/8:   1%|          | 1/96 [00:01<01:54,  1.20s/it]Infer Qwen2.5-VL-32B-Instruct/RealWorldQA, Rank 7/8:   1%|          | 1/95 [00:01<01:58,  1.26s/it]Infer Qwen2.5-VL-32B-Instruct/RealWorldQA, Rank 5/8:   1%|          | 1/95 [00:01<02:06,  1.34s/it]Infer Qwen2.5-VL-32B-Instruct/RealWorldQA, Rank 1/8:   1%|          | 1/96 [00:01<02:49,  1.78s/it]Infer Qwen2.5-VL-32B-Instruct/RealWorldQA, Rank 6/8:   2%|▏         | 2/95 [00:02<01:50,  1.18s/it]Infer Qwen2.5-VL-32B-Instruct/RealWorldQA, Rank 7/8:   2%|▏         | 2/95 [00:02<01:48,  1.17s/it]Infer Qwen2.5-VL-32B-Instruct/RealWorldQA, Rank 5/8:   2%|▏         | 2/95 [00:02<01:51,  1.20s/it]Infer Qwen2.5-VL-32B-Instruct/RealWorldQA, Rank 3/8:   1%|          | 1/96 [00:02<04:17,  2.71s/it]Infer Qwen2.5-VL-32B-Instruct/RealWorldQA, Rank 0/8:   2%|▏         | 2/96 [00:02<02:10,  1.39s/it]Infer Qwen2.5-VL-32B-Instruct/RealWorldQA, Rank 4/8:   2%|▏         | 2/96 [00:03<02:40,  1.71s/it]Infer Qwen2.5-VL-32B-Instruct/RealWorldQA, Rank 2/8:   2%|▏         | 2/96 [00:03<02:52,  1.83s/it]Infer Qwen2.5-VL-32B-Instruct/RealWorldQA, Rank 6/8:   3%|▎         | 3/95 [00:03<01:47,  1.17s/it]Infer Qwen2.5-VL-32B-Instruct/RealWorldQA, Rank 7/8:   3%|▎         | 3/95 [00:03<01:48,  1.18s/it]Infer Qwen2.5-VL-32B-Instruct/RealWorldQA, Rank 3/8:   2%|▏         | 2/96 [00:04<02:57,  1.89s/it]Infer Qwen2.5-VL-32B-Instruct/RealWorldQA, Rank 4/8:   3%|▎         | 3/96 [00:04<02:08,  1.38s/it]Infer Qwen2.5-VL-32B-Instruct/RealWorldQA, Rank 2/8:   3%|▎         | 3/96 [00:04<02:11,  1.42s/it]Infer Qwen2.5-VL-32B-Instruct/RealWorldQA, Rank 6/8:   4%|▍         | 4/95 [00:04<01:43,  1.14s/it]Infer Qwen2.5-VL-32B-Instruct/RealWorldQA, Rank 7/8:   4%|▍         | 4/95 [00:04<01:43,  1.14s/it]Infer Qwen2.5-VL-32B-Instruct/RealWorldQA, Rank 4/8:   4%|▍         | 4/96 [00:05<01:57,  1.28s/it]Infer Qwen2.5-VL-32B-Instruct/RealWorldQA, Rank 2/8:   4%|▍         | 4/96 [00:05<01:58,  1.29s/it]Infer Qwen2.5-VL-32B-Instruct/RealWorldQA, Rank 6/8:   5%|▌         | 5/95 [00:05<01:40,  1.11s/it]Infer Qwen2.5-VL-32B-Instruct/RealWorldQA, Rank 7/8:   5%|▌         | 5/95 [00:05<01:42,  1.14s/it]Infer Qwen2.5-VL-32B-Instruct/RealWorldQA, Rank 4/8:   5%|▌         | 5/96 [00:06<01:48,  1.19s/it]Infer Qwen2.5-VL-32B-Instruct/RealWorldQA, Rank 2/8:   5%|▌         | 5/96 [00:06<01:52,  1.24s/it]Infer Qwen2.5-VL-32B-Instruct/RealWorldQA, Rank 7/8:   6%|▋         | 6/95 [00:06<01:39,  1.11s/it]Infer Qwen2.5-VL-32B-Instruct/RealWorldQA, Rank 4/8:   6%|▋         | 6/96 [00:07<01:44,  1.16s/it]Infer Qwen2.5-VL-32B-Instruct/RealWorldQA, Rank 3/8:   3%|▎         | 3/96 [00:07<04:13,  2.73s/it]Infer Qwen2.5-VL-32B-Instruct/RealWorldQA, Rank 6/8:   6%|▋         | 6/95 [00:07<02:09,  1.45s/it]Infer Qwen2.5-VL-32B-Instruct/RealWorldQA, Rank 5/8:   3%|▎         | 3/95 [00:08<05:05,  3.33s/it]Infer Qwen2.5-VL-32B-Instruct/RealWorldQA, Rank 2/8:   6%|▋         | 6/96 [00:08<02:14,  1.49s/it]Infer Qwen2.5-VL-32B-Instruct/RealWorldQA, Rank 6/8:   7%|▋         | 7/95 [00:08<01:56,  1.32s/it]Infer Qwen2.5-VL-32B-Instruct/RealWorldQA, Rank 4/8:   7%|▋         | 7/96 [00:09<01:54,  1.29s/it]Infer Qwen2.5-VL-32B-Instruct/RealWorldQA, Rank 5/8:   4%|▍         | 4/95 [00:09<03:40,  2.42s/it]Infer Qwen2.5-VL-32B-Instruct/RealWorldQA, Rank 3/8:   4%|▍         | 4/96 [00:09<03:36,  2.36s/it]Infer Qwen2.5-VL-32B-Instruct/RealWorldQA, Rank 2/8:   7%|▋         | 7/96 [00:09<01:59,  1.34s/it]Infer Qwen2.5-VL-32B-Instruct/RealWorldQA, Rank 6/8:   8%|▊         | 8/95 [00:09<01:48,  1.24s/it]Infer Qwen2.5-VL-32B-Instruct/RealWorldQA, Rank 5/8:   5%|▌         | 5/95 [00:10<02:54,  1.94s/it]Infer Qwen2.5-VL-32B-Instruct/RealWorldQA, Rank 2/8:   8%|▊         | 8/96 [00:10<01:50,  1.26s/it]Infer Qwen2.5-VL-32B-Instruct/RealWorldQA, Rank 3/8:   5%|▌         | 5/96 [00:10<03:00,  1.98s/it]Infer Qwen2.5-VL-32B-Instruct/RealWorldQA, Rank 6/8:   9%|▉         | 9/95 [00:11<01:46,  1.23s/it]Infer Qwen2.5-VL-32B-Instruct/RealWorldQA, Rank 3/8:   6%|▋         | 6/96 [00:12<02:33,  1.71s/it]Infer Qwen2.5-VL-32B-Instruct/RealWorldQA, Rank 6/8:  11%|█         | 10/95 [00:12<01:43,  1.22s/it]Infer Qwen2.5-VL-32B-Instruct/RealWorldQA, Rank 2/8:   9%|▉         | 9/96 [00:13<02:17,  1.59s/it]Infer Qwen2.5-VL-32B-Instruct/RealWorldQA, Rank 3/8:   7%|▋         | 7/96 [00:13<02:14,  1.51s/it]Infer Qwen2.5-VL-32B-Instruct/RealWorldQA, Rank 6/8:  12%|█▏        | 11/95 [00:13<01:41,  1.20s/it]Infer Qwen2.5-VL-32B-Instruct/RealWorldQA, Rank 3/8:   8%|▊         | 8/96 [00:14<01:59,  1.35s/it]Infer Qwen2.5-VL-32B-Instruct/RealWorldQA, Rank 2/8:  10%|█         | 10/96 [00:14<02:07,  1.48s/it]Infer Qwen2.5-VL-32B-Instruct/RealWorldQA, Rank 3/8:   9%|▉         | 9/96 [00:15<01:46,  1.23s/it]Infer Qwen2.5-VL-32B-Instruct/RealWorldQA, Rank 2/8:  11%|█▏        | 11/96 [00:15<01:55,  1.35s/it]Infer Qwen2.5-VL-32B-Instruct/RealWorldQA, Rank 0/8:   3%|▎         | 3/96 [00:16<10:35,  6.83s/it]Infer Qwen2.5-VL-32B-Instruct/RealWorldQA, Rank 3/8:  10%|█         | 10/96 [00:16<01:38,  1.15s/it]Infer Qwen2.5-VL-32B-Instruct/RealWorldQA, Rank 7/8:   7%|▋         | 7/95 [00:16<05:35,  3.81s/it]Infer Qwen2.5-VL-32B-Instruct/RealWorldQA, Rank 2/8:  12%|█▎        | 12/96 [00:16<01:51,  1.32s/it]Infer Qwen2.5-VL-32B-Instruct/RealWorldQA, Rank 0/8:   4%|▍         | 4/96 [00:17<06:57,  4.54s/it]Infer Qwen2.5-VL-32B-Instruct/RealWorldQA, Rank 3/8:  11%|█▏        | 11/96 [00:17<01:39,  1.17s/it]Infer Qwen2.5-VL-32B-Instruct/RealWorldQA, Rank 2/8:  14%|█▎        | 13/96 [00:17<01:46,  1.28s/it]Infer Qwen2.5-VL-32B-Instruct/RealWorldQA, Rank 0/8:   5%|▌         | 5/96 [00:18<05:00,  3.30s/it]Infer Qwen2.5-VL-32B-Instruct/RealWorldQA, Rank 3/8:  12%|█▎        | 12/96 [00:18<01:35,  1.13s/it]Infer Qwen2.5-VL-32B-Instruct/RealWorldQA, Rank 7/8:   8%|▊         | 8/95 [00:18<04:58,  3.43s/it]Infer Qwen2.5-VL-32B-Instruct/RealWorldQA, Rank 2/8:  15%|█▍        | 14/96 [00:18<01:40,  1.23s/it]Infer Qwen2.5-VL-32B-Instruct/RealWorldQA, Rank 3/8:  14%|█▎        | 13/96 [00:19<01:31,  1.10s/it]Infer Qwen2.5-VL-32B-Instruct/RealWorldQA, Rank 0/8:   6%|▋         | 6/96 [00:19<04:00,  2.67s/it]Infer Qwen2.5-VL-32B-Instruct/RealWorldQA, Rank 2/8:  16%|█▌        | 15/96 [00:19<01:35,  1.17s/it]Infer Qwen2.5-VL-32B-Instruct/RealWorldQA, Rank 7/8:   9%|▉         | 9/95 [00:20<04:08,  2.89s/it]Infer Qwen2.5-VL-32B-Instruct/RealWorldQA, Rank 2/8:  17%|█▋        | 16/96 [00:21<01:45,  1.31s/it]Infer Qwen2.5-VL-32B-Instruct/RealWorldQA, Rank 7/8:  11%|█         | 10/95 [00:21<03:19,  2.35s/it]Infer Qwen2.5-VL-32B-Instruct/RealWorldQA, Rank 1/8:   2%|▏         | 2/96 [00:22<20:09, 12.87s/it]Infer Qwen2.5-VL-32B-Instruct/RealWorldQA, Rank 2/8:  18%|█▊        | 17/96 [00:22<01:38,  1.24s/it]Infer Qwen2.5-VL-32B-Instruct/RealWorldQA, Rank 7/8:  12%|█▏        | 11/95 [00:22<02:47,  1.99s/it]Infer Qwen2.5-VL-32B-Instruct/RealWorldQA, Rank 1/8:   3%|▎         | 3/96 [00:23<11:33,  7.45s/it]Infer Qwen2.5-VL-32B-Instruct/RealWorldQA, Rank 2/8:  19%|█▉        | 18/96 [00:23<01:32,  1.18s/it]Infer Qwen2.5-VL-32B-Instruct/RealWorldQA, Rank 4/8:   8%|▊         | 8/96 [00:23<08:09,  5.56s/it]Infer Qwen2.5-VL-32B-Instruct/RealWorldQA, Rank 7/8:  13%|█▎        | 12/95 [00:23<02:21,  1.70s/it]Infer Qwen2.5-VL-32B-Instruct/RealWorldQA, Rank 5/8:   6%|▋         | 6/95 [00:24<08:56,  6.02s/it]Infer Qwen2.5-VL-32B-Instruct/RealWorldQA, Rank 2/8:  20%|█▉        | 19/96 [00:24<01:27,  1.14s/it]Infer Qwen2.5-VL-32B-Instruct/RealWorldQA, Rank 7/8:  14%|█▎        | 13/95 [00:24<02:01,  1.48s/it]Infer Qwen2.5-VL-32B-Instruct/RealWorldQA, Rank 5/8:   7%|▋         | 7/95 [00:25<06:30,  4.44s/it]Infer Qwen2.5-VL-32B-Instruct/RealWorldQA, Rank 6/8:  13%|█▎        | 12/95 [00:25<06:15,  4.53s/it]Infer Qwen2.5-VL-32B-Instruct/RealWorldQA, Rank 2/8:  21%|██        | 20/96 [00:25<01:24,  1.12s/it]Infer Qwen2.5-VL-32B-Instruct/RealWorldQA, Rank 0/8:   7%|▋         | 7/96 [00:25<05:43,  3.86s/it]Infer Qwen2.5-VL-32B-Instruct/RealWorldQA, Rank 5/8:   8%|▊         | 8/95 [00:26<04:54,  3.39s/it]Infer Qwen2.5-VL-32B-Instruct/RealWorldQA, Rank 2/8:  22%|██▏       | 21/96 [00:26<01:20,  1.08s/it]Infer Qwen2.5-VL-32B-Instruct/RealWorldQA, Rank 5/8:   9%|▉         | 9/95 [00:27<03:52,  2.70s/it]Infer Qwen2.5-VL-32B-Instruct/RealWorldQA, Rank 2/8:  23%|██▎       | 22/96 [00:28<01:26,  1.16s/it]Infer Qwen2.5-VL-32B-Instruct/RealWorldQA, Rank 5/8:  11%|█         | 10/95 [00:28<03:04,  2.18s/it]Infer Qwen2.5-VL-32B-Instruct/RealWorldQA, Rank 3/8:  15%|█▍        | 14/96 [00:29<05:02,  3.68s/it]Infer Qwen2.5-VL-32B-Instruct/RealWorldQA, Rank 2/8:  24%|██▍       | 23/96 [00:29<01:19,  1.10s/it]Infer Qwen2.5-VL-32B-Instruct/RealWorldQA, Rank 6/8:  14%|█▎        | 13/95 [00:29<05:47,  4.23s/it]Infer Qwen2.5-VL-32B-Instruct/RealWorldQA, Rank 1/8:   4%|▍         | 4/96 [00:29<10:32,  6.87s/it]Infer Qwen2.5-VL-32B-Instruct/RealWorldQA, Rank 5/8:  12%|█▏        | 11/95 [00:30<02:37,  1.87s/it]Infer Qwen2.5-VL-32B-Instruct/RealWorldQA, Rank 2/8:  25%|██▌       | 24/96 [00:30<01:17,  1.07s/it]Infer Qwen2.5-VL-32B-Instruct/RealWorldQA, Rank 6/8:  15%|█▍        | 14/95 [00:30<04:26,  3.28s/it]Infer Qwen2.5-VL-32B-Instruct/RealWorldQA, Rank 3/8:  16%|█▌        | 15/96 [00:30<04:05,  3.04s/it]Infer Qwen2.5-VL-32B-Instruct/RealWorldQA, Rank 2/8:  26%|██▌       | 25/96 [00:31<01:14,  1.05s/it]Infer Qwen2.5-VL-32B-Instruct/RealWorldQA, Rank 5/8:  13%|█▎        | 12/95 [00:31<02:18,  1.67s/it]Infer Qwen2.5-VL-32B-Instruct/RealWorldQA, Rank 2/8:  27%|██▋       | 26/96 [00:32<01:13,  1.04s/it]Infer Qwen2.5-VL-32B-Instruct/RealWorldQA, Rank 6/8:  16%|█▌        | 15/95 [00:32<03:52,  2.90s/it]Infer Qwen2.5-VL-32B-Instruct/RealWorldQA, Rank 2/8:  28%|██▊       | 27/96 [00:33<01:11,  1.04s/it]Infer Qwen2.5-VL-32B-Instruct/RealWorldQA, Rank 6/8:  17%|█▋        | 16/95 [00:33<03:06,  2.36s/it]Infer Qwen2.5-VL-32B-Instruct/RealWorldQA, Rank 2/8:  29%|██▉       | 28/96 [00:34<01:11,  1.06s/it]Infer Qwen2.5-VL-32B-Instruct/RealWorldQA, Rank 6/8:  18%|█▊        | 17/95 [00:34<02:45,  2.12s/it]Infer Qwen2.5-VL-32B-Instruct/RealWorldQA, Rank 3/8:  17%|█▋        | 16/96 [00:35<04:43,  3.54s/it]Infer Qwen2.5-VL-32B-Instruct/RealWorldQA, Rank 7/8:  15%|█▍        | 14/95 [00:35<05:51,  4.34s/it]Infer Qwen2.5-VL-32B-Instruct/RealWorldQA, Rank 6/8:  19%|█▉        | 18/95 [00:35<02:18,  1.80s/it]Infer Qwen2.5-VL-32B-Instruct/RealWorldQA, Rank 5/8:  14%|█▎        | 13/95 [00:35<03:32,  2.60s/it]Infer Qwen2.5-VL-32B-Instruct/RealWorldQA, Rank 2/8:  30%|███       | 29/96 [00:36<01:30,  1.35s/it]Infer Qwen2.5-VL-32B-Instruct/RealWorldQA, Rank 1/8:   5%|▌         | 5/96 [00:36<10:39,  7.03s/it]Infer Qwen2.5-VL-32B-Instruct/RealWorldQA, Rank 5/8:  15%|█▍        | 14/95 [00:37<02:52,  2.13s/it]Infer Qwen2.5-VL-32B-Instruct/RealWorldQA, Rank 4/8:   9%|▉         | 9/96 [00:37<11:37,  8.02s/it]Infer Qwen2.5-VL-32B-Instruct/RealWorldQA, Rank 6/8:  20%|██        | 19/95 [00:37<02:05,  1.65s/it]Infer Qwen2.5-VL-32B-Instruct/RealWorldQA, Rank 6/8:  21%|██        | 20/95 [00:38<01:50,  1.47s/it]Infer Qwen2.5-VL-32B-Instruct/RealWorldQA, Rank 5/8:  16%|█▌        | 15/95 [00:38<02:40,  2.01s/it]Infer Qwen2.5-VL-32B-Instruct/RealWorldQA, Rank 1/8:   6%|▋         | 6/96 [00:38<08:01,  5.35s/it]Infer Qwen2.5-VL-32B-Instruct/RealWorldQA, Rank 0/8:   8%|▊         | 8/96 [00:39<09:58,  6.80s/it]Infer Qwen2.5-VL-32B-Instruct/RealWorldQA, Rank 1/8:   7%|▋         | 7/96 [00:39<05:52,  3.97s/it]Infer Qwen2.5-VL-32B-Instruct/RealWorldQA, Rank 5/8:  17%|█▋        | 16/95 [00:39<02:18,  1.76s/it]Infer Qwen2.5-VL-32B-Instruct/RealWorldQA, Rank 4/8:  10%|█         | 10/96 [00:40<09:25,  6.57s/it]Infer Qwen2.5-VL-32B-Instruct/RealWorldQA, Rank 2/8:  31%|███▏      | 30/96 [00:40<02:33,  2.33s/it]Infer Qwen2.5-VL-32B-Instruct/RealWorldQA, Rank 0/8:   9%|▉         | 9/96 [00:40<07:38,  5.27s/it]Infer Qwen2.5-VL-32B-Instruct/RealWorldQA, Rank 6/8:  22%|██▏       | 21/95 [00:41<02:25,  1.96s/it]Infer Qwen2.5-VL-32B-Instruct/RealWorldQA, Rank 1/8:   8%|▊         | 8/96 [00:41<04:43,  3.22s/it]Infer Qwen2.5-VL-32B-Instruct/RealWorldQA, Rank 5/8:  18%|█▊        | 17/95 [00:41<02:12,  1.70s/it]Infer Qwen2.5-VL-32B-Instruct/RealWorldQA, Rank 4/8:  11%|█▏        | 11/96 [00:42<07:05,  5.01s/it]Infer Qwen2.5-VL-32B-Instruct/RealWorldQA, Rank 2/8:  32%|███▏      | 31/96 [00:42<02:11,  2.02s/it]Infer Qwen2.5-VL-32B-Instruct/RealWorldQA, Rank 0/8:  10%|█         | 10/96 [00:42<05:56,  4.14s/it]Infer Qwen2.5-VL-32B-Instruct/RealWorldQA, Rank 6/8:  23%|██▎       | 22/95 [00:42<02:08,  1.76s/it]Infer Qwen2.5-VL-32B-Instruct/RealWorldQA, Rank 5/8:  19%|█▉        | 18/95 [00:42<02:00,  1.56s/it]Infer Qwen2.5-VL-32B-Instruct/RealWorldQA, Rank 4/8:  12%|█▎        | 12/96 [00:43<05:24,  3.86s/it]Infer Qwen2.5-VL-32B-Instruct/RealWorldQA, Rank 2/8:  33%|███▎      | 32/96 [00:43<01:52,  1.76s/it]Infer Qwen2.5-VL-32B-Instruct/RealWorldQA, Rank 1/8:   9%|▉         | 9/96 [00:43<04:06,  2.83s/it]Infer Qwen2.5-VL-32B-Instruct/RealWorldQA, Rank 5/8:  20%|██        | 19/95 [00:43<01:48,  1.43s/it]Infer Qwen2.5-VL-32B-Instruct/RealWorldQA, Rank 6/8:  24%|██▍       | 23/95 [00:44<01:56,  1.62s/it]Infer Qwen2.5-VL-32B-Instruct/RealWorldQA, Rank 4/8:  14%|█▎        | 13/96 [00:44<04:21,  3.15s/it]Infer Qwen2.5-VL-32B-Instruct/RealWorldQA, Rank 5/8:  21%|██        | 20/95 [00:45<01:46,  1.41s/it]Infer Qwen2.5-VL-32B-Instruct/RealWorldQA, Rank 7/8:  16%|█▌        | 15/95 [00:45<07:51,  5.89s/it]Infer Qwen2.5-VL-32B-Instruct/RealWorldQA, Rank 6/8:  25%|██▌       | 24/95 [00:45<01:49,  1.54s/it]Infer Qwen2.5-VL-32B-Instruct/RealWorldQA, Rank 3/8:  18%|█▊        | 17/96 [00:46<07:41,  5.84s/it]Infer Qwen2.5-VL-32B-Instruct/RealWorldQA, Rank 7/8:  17%|█▋        | 16/95 [00:46<05:55,  4.50s/it]Infer Qwen2.5-VL-32B-Instruct/RealWorldQA, Rank 6/8:  26%|██▋       | 25/95 [00:46<01:39,  1.43s/it]Infer Qwen2.5-VL-32B-Instruct/RealWorldQA, Rank 2/8:  34%|███▍      | 33/96 [00:46<02:17,  2.19s/it]Infer Qwen2.5-VL-32B-Instruct/RealWorldQA, Rank 4/8:  15%|█▍        | 14/96 [00:47<03:57,  2.90s/it]Infer Qwen2.5-VL-32B-Instruct/RealWorldQA, Rank 3/8:  19%|█▉        | 18/96 [00:47<05:46,  4.44s/it]Infer Qwen2.5-VL-32B-Instruct/RealWorldQA, Rank 2/8:  35%|███▌      | 34/96 [00:47<01:56,  1.89s/it]Infer Qwen2.5-VL-32B-Instruct/RealWorldQA, Rank 7/8:  18%|█▊        | 17/95 [00:47<04:33,  3.51s/it]Infer Qwen2.5-VL-32B-Instruct/RealWorldQA, Rank 3/8:  20%|█▉        | 19/96 [00:48<04:30,  3.51s/it]Infer Qwen2.5-VL-32B-Instruct/RealWorldQA, Rank 7/8:  19%|█▉        | 18/95 [00:49<03:38,  2.84s/it]Infer Qwen2.5-VL-32B-Instruct/RealWorldQA, Rank 2/8:  36%|███▋      | 35/96 [00:49<01:46,  1.75s/it]Infer Qwen2.5-VL-32B-Instruct/RealWorldQA, Rank 1/8:  10%|█         | 10/96 [00:50<05:42,  3.99s/it]Infer Qwen2.5-VL-32B-Instruct/RealWorldQA, Rank 3/8:  21%|██        | 20/96 [00:50<03:37,  2.86s/it]Infer Qwen2.5-VL-32B-Instruct/RealWorldQA, Rank 2/8:  38%|███▊      | 36/96 [00:50<01:36,  1.61s/it]Infer Qwen2.5-VL-32B-Instruct/RealWorldQA, Rank 7/8:  20%|██        | 19/95 [00:50<03:13,  2.55s/it]Infer Qwen2.5-VL-32B-Instruct/RealWorldQA, Rank 1/8:  11%|█▏        | 11/96 [00:51<04:30,  3.18s/it]Infer Qwen2.5-VL-32B-Instruct/RealWorldQA, Rank 3/8:  22%|██▏       | 21/96 [00:51<02:55,  2.34s/it]Infer Qwen2.5-VL-32B-Instruct/RealWorldQA, Rank 2/8:  39%|███▊      | 37/96 [00:51<01:31,  1.56s/it]Infer Qwen2.5-VL-32B-Instruct/RealWorldQA, Rank 3/8:  23%|██▎       | 22/96 [00:52<02:31,  2.04s/it]Infer Qwen2.5-VL-32B-Instruct/RealWorldQA, Rank 7/8:  21%|██        | 20/95 [00:52<02:57,  2.37s/it]Infer Qwen2.5-VL-32B-Instruct/RealWorldQA, Rank 2/8:  40%|███▉      | 38/96 [00:52<01:22,  1.42s/it]Infer Qwen2.5-VL-32B-Instruct/RealWorldQA, Rank 0/8:  11%|█▏        | 11/96 [00:53<08:54,  6.28s/it]Infer Qwen2.5-VL-32B-Instruct/RealWorldQA, Rank 3/8:  24%|██▍       | 23/96 [00:53<02:10,  1.78s/it]Infer Qwen2.5-VL-32B-Instruct/RealWorldQA, Rank 2/8:  41%|████      | 39/96 [00:54<01:23,  1.46s/it]Infer Qwen2.5-VL-32B-Instruct/RealWorldQA, Rank 0/8:  12%|█▎        | 12/96 [00:54<06:34,  4.69s/it]Infer Qwen2.5-VL-32B-Instruct/RealWorldQA, Rank 4/8:  16%|█▌        | 15/96 [00:54<05:54,  4.38s/it]Infer Qwen2.5-VL-32B-Instruct/RealWorldQA, Rank 7/8:  22%|██▏       | 21/95 [00:55<02:59,  2.43s/it]Infer Qwen2.5-VL-32B-Instruct/RealWorldQA, Rank 3/8:  25%|██▌       | 24/96 [00:55<02:04,  1.73s/it]Infer Qwen2.5-VL-32B-Instruct/RealWorldQA, Rank 0/8:  14%|█▎        | 13/96 [00:55<04:56,  3.57s/it]Infer Qwen2.5-VL-32B-Instruct/RealWorldQA, Rank 4/8:  17%|█▋        | 16/96 [00:55<04:27,  3.35s/it]Infer Qwen2.5-VL-32B-Instruct/RealWorldQA, Rank 7/8:  23%|██▎       | 22/95 [00:56<02:33,  2.11s/it]Infer Qwen2.5-VL-32B-Instruct/RealWorldQA, Rank 2/8:  42%|████▏     | 40/96 [00:56<01:35,  1.71s/it]Infer Qwen2.5-VL-32B-Instruct/RealWorldQA, Rank 0/8:  15%|█▍        | 14/96 [00:56<03:53,  2.85s/it]Infer Qwen2.5-VL-32B-Instruct/RealWorldQA, Rank 4/8:  18%|█▊        | 17/96 [00:57<03:33,  2.70s/it]Infer Qwen2.5-VL-32B-Instruct/RealWorldQA, Rank 5/8:  22%|██▏       | 21/95 [00:57<05:50,  4.74s/it]Infer Qwen2.5-VL-32B-Instruct/RealWorldQA, Rank 2/8:  43%|████▎     | 41/96 [00:57<01:24,  1.54s/it]Infer Qwen2.5-VL-32B-Instruct/RealWorldQA, Rank 0/8:  16%|█▌        | 15/96 [00:58<03:08,  2.33s/it]Infer Qwen2.5-VL-32B-Instruct/RealWorldQA, Rank 4/8:  19%|█▉        | 18/96 [00:58<02:53,  2.22s/it]Infer Qwen2.5-VL-32B-Instruct/RealWorldQA, Rank 7/8:  24%|██▍       | 23/95 [00:58<02:24,  2.01s/it]Infer Qwen2.5-VL-32B-Instruct/RealWorldQA, Rank 5/8:  23%|██▎       | 22/95 [00:58<04:27,  3.66s/it]Infer Qwen2.5-VL-32B-Instruct/RealWorldQA, Rank 6/8:  27%|██▋       | 26/95 [00:58<05:26,  4.73s/it]Infer Qwen2.5-VL-32B-Instruct/RealWorldQA, Rank 2/8:  44%|████▍     | 42/96 [00:59<01:17,  1.44s/it]Infer Qwen2.5-VL-32B-Instruct/RealWorldQA, Rank 0/8:  17%|█▋        | 16/96 [00:59<02:37,  1.97s/it]Infer Qwen2.5-VL-32B-Instruct/RealWorldQA, Rank 4/8:  20%|█▉        | 19/96 [00:59<02:26,  1.91s/it]Infer Qwen2.5-VL-32B-Instruct/RealWorldQA, Rank 7/8:  25%|██▌       | 24/95 [00:59<01:59,  1.69s/it]Infer Qwen2.5-VL-32B-Instruct/RealWorldQA, Rank 5/8:  24%|██▍       | 23/95 [00:59<03:27,  2.88s/it]Infer Qwen2.5-VL-32B-Instruct/RealWorldQA, Rank 6/8:  28%|██▊       | 27/95 [00:59<04:05,  3.61s/it]Infer Qwen2.5-VL-32B-Instruct/RealWorldQA, Rank 2/8:  45%|████▍     | 43/96 [01:00<01:10,  1.34s/it]Infer Qwen2.5-VL-32B-Instruct/RealWorldQA, Rank 0/8:  18%|█▊        | 17/96 [01:00<02:15,  1.72s/it]Infer Qwen2.5-VL-32B-Instruct/RealWorldQA, Rank 4/8:  21%|██        | 20/96 [01:00<02:05,  1.66s/it]Infer Qwen2.5-VL-32B-Instruct/RealWorldQA, Rank 5/8:  25%|██▌       | 24/95 [01:01<02:48,  2.37s/it]Infer Qwen2.5-VL-32B-Instruct/RealWorldQA, Rank 6/8:  29%|██▉       | 28/95 [01:01<03:14,  2.91s/it]Infer Qwen2.5-VL-32B-Instruct/RealWorldQA, Rank 0/8:  19%|█▉        | 18/96 [01:01<02:00,  1.54s/it]Infer Qwen2.5-VL-32B-Instruct/RealWorldQA, Rank 4/8:  22%|██▏       | 21/96 [01:01<01:51,  1.49s/it]Infer Qwen2.5-VL-32B-Instruct/RealWorldQA, Rank 1/8:  12%|█▎        | 12/96 [01:01<07:34,  5.41s/it]Infer Qwen2.5-VL-32B-Instruct/RealWorldQA, Rank 6/8:  31%|███       | 29/95 [01:02<02:35,  2.36s/it]Infer Qwen2.5-VL-32B-Instruct/RealWorldQA, Rank 0/8:  20%|█▉        | 19/96 [01:02<01:45,  1.37s/it]Infer Qwen2.5-VL-32B-Instruct/RealWorldQA, Rank 4/8:  23%|██▎       | 22/96 [01:02<01:38,  1.32s/it]Infer Qwen2.5-VL-32B-Instruct/RealWorldQA, Rank 7/8:  26%|██▋       | 25/95 [01:02<02:30,  2.15s/it]Infer Qwen2.5-VL-32B-Instruct/RealWorldQA, Rank 6/8:  32%|███▏      | 30/95 [01:03<02:06,  1.95s/it]Infer Qwen2.5-VL-32B-Instruct/RealWorldQA, Rank 4/8:  24%|██▍       | 23/96 [01:03<01:28,  1.21s/it]Infer Qwen2.5-VL-32B-Instruct/RealWorldQA, Rank 7/8:  27%|██▋       | 26/95 [01:03<02:05,  1.81s/it]Infer Qwen2.5-VL-32B-Instruct/RealWorldQA, Rank 1/8:  14%|█▎        | 13/96 [01:03<05:58,  4.32s/it]Infer Qwen2.5-VL-32B-Instruct/RealWorldQA, Rank 0/8:  21%|██        | 20/96 [01:04<01:51,  1.46s/it]Infer Qwen2.5-VL-32B-Instruct/RealWorldQA, Rank 4/8:  25%|██▌       | 24/96 [01:04<01:31,  1.27s/it]Infer Qwen2.5-VL-32B-Instruct/RealWorldQA, Rank 2/8:  46%|████▌     | 44/96 [01:05<02:12,  2.54s/it]Infer Qwen2.5-VL-32B-Instruct/RealWorldQA, Rank 3/8:  26%|██▌       | 25/96 [01:05<05:01,  4.25s/it]Infer Qwen2.5-VL-32B-Instruct/RealWorldQA, Rank 5/8:  26%|██▋       | 25/95 [01:06<03:47,  3.25s/it]Infer Qwen2.5-VL-32B-Instruct/RealWorldQA, Rank 6/8:  33%|███▎      | 31/95 [01:06<02:27,  2.31s/it]Infer Qwen2.5-VL-32B-Instruct/RealWorldQA, Rank 3/8:  27%|██▋       | 26/96 [01:06<03:48,  3.26s/it]Infer Qwen2.5-VL-32B-Instruct/RealWorldQA, Rank 4/8:  26%|██▌       | 25/96 [01:06<01:45,  1.48s/it]Infer Qwen2.5-VL-32B-Instruct/RealWorldQA, Rank 2/8:  47%|████▋     | 45/96 [01:07<01:56,  2.28s/it]Infer Qwen2.5-VL-32B-Instruct/RealWorldQA, Rank 6/8:  34%|███▎      | 32/95 [01:07<02:03,  1.95s/it]Infer Qwen2.5-VL-32B-Instruct/RealWorldQA, Rank 3/8:  28%|██▊       | 27/96 [01:07<02:59,  2.60s/it]Infer Qwen2.5-VL-32B-Instruct/RealWorldQA, Rank 4/8:  27%|██▋       | 26/96 [01:07<01:36,  1.38s/it]Infer Qwen2.5-VL-32B-Instruct/RealWorldQA, Rank 2/8:  48%|████▊     | 46/96 [01:08<01:32,  1.85s/it]Infer Qwen2.5-VL-32B-Instruct/RealWorldQA, Rank 1/8:  15%|█▍        | 14/96 [01:08<05:57,  4.35s/it]Infer Qwen2.5-VL-32B-Instruct/RealWorldQA, Rank 5/8:  27%|██▋       | 26/95 [01:08<03:19,  2.89s/it]Infer Qwen2.5-VL-32B-Instruct/RealWorldQA, Rank 6/8:  35%|███▍      | 33/95 [01:08<01:44,  1.69s/it]Infer Qwen2.5-VL-32B-Instruct/RealWorldQA, Rank 1/8:  16%|█▌        | 15/96 [01:09<04:33,  3.37s/it]Infer Qwen2.5-VL-32B-Instruct/RealWorldQA, Rank 2/8:  49%|████▉     | 47/96 [01:09<01:20,  1.64s/it]Infer Qwen2.5-VL-32B-Instruct/RealWorldQA, Rank 3/8:  29%|██▉       | 28/96 [01:09<02:36,  2.30s/it]Infer Qwen2.5-VL-32B-Instruct/RealWorldQA, Rank 4/8:  28%|██▊       | 27/96 [01:09<01:39,  1.44s/it]Infer Qwen2.5-VL-32B-Instruct/RealWorldQA, Rank 5/8:  28%|██▊       | 27/95 [01:09<02:40,  2.36s/it]Infer Qwen2.5-VL-32B-Instruct/RealWorldQA, Rank 6/8:  36%|███▌      | 34/95 [01:09<01:33,  1.53s/it]Infer Qwen2.5-VL-32B-Instruct/RealWorldQA, Rank 2/8:  50%|█████     | 48/96 [01:10<01:10,  1.47s/it]Infer Qwen2.5-VL-32B-Instruct/RealWorldQA, Rank 4/8:  29%|██▉       | 28/96 [01:10<01:30,  1.33s/it]Infer Qwen2.5-VL-32B-Instruct/RealWorldQA, Rank 5/8:  29%|██▉       | 28/95 [01:10<02:12,  1.98s/it]Infer Qwen2.5-VL-32B-Instruct/RealWorldQA, Rank 7/8:  28%|██▊       | 27/95 [01:10<03:49,  3.37s/it]Infer Qwen2.5-VL-32B-Instruct/RealWorldQA, Rank 6/8:  37%|███▋      | 35/95 [01:10<01:23,  1.39s/it]Infer Qwen2.5-VL-32B-Instruct/RealWorldQA, Rank 2/8:  51%|█████     | 49/96 [01:11<01:03,  1.34s/it]Infer Qwen2.5-VL-32B-Instruct/RealWorldQA, Rank 4/8:  30%|███       | 29/96 [01:11<01:23,  1.25s/it]Infer Qwen2.5-VL-32B-Instruct/RealWorldQA, Rank 5/8:  31%|███       | 29/95 [01:11<01:50,  1.68s/it]Infer Qwen2.5-VL-32B-Instruct/RealWorldQA, Rank 7/8:  29%|██▉       | 28/95 [01:11<02:59,  2.68s/it]Infer Qwen2.5-VL-32B-Instruct/RealWorldQA, Rank 6/8:  38%|███▊      | 36/95 [01:11<01:15,  1.29s/it]Infer Qwen2.5-VL-32B-Instruct/RealWorldQA, Rank 3/8:  30%|███       | 29/96 [01:12<02:48,  2.52s/it]Infer Qwen2.5-VL-32B-Instruct/RealWorldQA, Rank 7/8:  31%|███       | 29/95 [01:12<02:24,  2.19s/it]Infer Qwen2.5-VL-32B-Instruct/RealWorldQA, Rank 6/8:  39%|███▉      | 37/95 [01:12<01:10,  1.21s/it]Infer Qwen2.5-VL-32B-Instruct/RealWorldQA, Rank 5/8:  32%|███▏      | 30/95 [01:13<01:43,  1.59s/it]Infer Qwen2.5-VL-32B-Instruct/RealWorldQA, Rank 4/8:  31%|███▏      | 30/96 [01:13<01:31,  1.39s/it]Infer Qwen2.5-VL-32B-Instruct/RealWorldQA, Rank 3/8:  31%|███▏      | 30/96 [01:13<02:17,  2.09s/it]Infer Qwen2.5-VL-32B-Instruct/RealWorldQA, Rank 6/8:  40%|████      | 38/95 [01:13<01:04,  1.14s/it]Infer Qwen2.5-VL-32B-Instruct/RealWorldQA, Rank 5/8:  33%|███▎      | 31/95 [01:14<01:31,  1.44s/it]Infer Qwen2.5-VL-32B-Instruct/RealWorldQA, Rank 3/8:  32%|███▏      | 31/96 [01:14<01:55,  1.77s/it]Infer Qwen2.5-VL-32B-Instruct/RealWorldQA, Rank 5/8:  34%|███▎      | 32/95 [01:15<01:23,  1.32s/it]Infer Qwen2.5-VL-32B-Instruct/RealWorldQA, Rank 4/8:  32%|███▏      | 31/96 [01:15<01:43,  1.59s/it]Infer Qwen2.5-VL-32B-Instruct/RealWorldQA, Rank 3/8:  33%|███▎      | 32/96 [01:15<01:43,  1.62s/it]Infer Qwen2.5-VL-32B-Instruct/RealWorldQA, Rank 0/8:  22%|██▏       | 21/96 [01:16<05:48,  4.65s/it]Infer Qwen2.5-VL-32B-Instruct/RealWorldQA, Rank 6/8:  41%|████      | 39/95 [01:16<01:24,  1.51s/it]Infer Qwen2.5-VL-32B-Instruct/RealWorldQA, Rank 5/8:  35%|███▍      | 33/95 [01:16<01:22,  1.32s/it]Infer Qwen2.5-VL-32B-Instruct/RealWorldQA, Rank 4/8:  33%|███▎      | 32/96 [01:16<01:33,  1.47s/it]Infer Qwen2.5-VL-32B-Instruct/RealWorldQA, Rank 3/8:  34%|███▍      | 33/96 [01:16<01:33,  1.48s/it]Infer Qwen2.5-VL-32B-Instruct/RealWorldQA, Rank 0/8:  23%|██▎       | 22/96 [01:17<04:25,  3.59s/it]Infer Qwen2.5-VL-32B-Instruct/RealWorldQA, Rank 6/8:  42%|████▏     | 40/95 [01:17<01:16,  1.39s/it]Infer Qwen2.5-VL-32B-Instruct/RealWorldQA, Rank 5/8:  36%|███▌      | 34/95 [01:17<01:18,  1.29s/it]Infer Qwen2.5-VL-32B-Instruct/RealWorldQA, Rank 3/8:  35%|███▌      | 34/96 [01:17<01:23,  1.35s/it]Infer Qwen2.5-VL-32B-Instruct/RealWorldQA, Rank 2/8:  52%|█████▏    | 50/96 [01:18<02:15,  2.93s/it]Infer Qwen2.5-VL-32B-Instruct/RealWorldQA, Rank 0/8:  24%|██▍       | 23/96 [01:18<03:26,  2.82s/it]Infer Qwen2.5-VL-32B-Instruct/RealWorldQA, Rank 6/8:  43%|████▎     | 41/95 [01:18<01:10,  1.31s/it]Infer Qwen2.5-VL-32B-Instruct/RealWorldQA, Rank 3/8:  36%|███▋      | 35/96 [01:18<01:16,  1.26s/it]Infer Qwen2.5-VL-32B-Instruct/RealWorldQA, Rank 2/8:  53%|█████▎    | 51/96 [01:19<01:46,  2.38s/it]Infer Qwen2.5-VL-32B-Instruct/RealWorldQA, Rank 5/8:  37%|███▋      | 35/95 [01:19<01:22,  1.38s/it]Infer Qwen2.5-VL-32B-Instruct/RealWorldQA, Rank 0/8:  25%|██▌       | 24/96 [01:19<02:44,  2.28s/it]Infer Qwen2.5-VL-32B-Instruct/RealWorldQA, Rank 3/8:  38%|███▊      | 36/96 [01:19<01:08,  1.14s/it]Infer Qwen2.5-VL-32B-Instruct/RealWorldQA, Rank 0/8:  26%|██▌       | 25/96 [01:20<02:14,  1.89s/it]Infer Qwen2.5-VL-32B-Instruct/RealWorldQA, Rank 5/8:  38%|███▊      | 36/95 [01:20<01:17,  1.32s/it]Infer Qwen2.5-VL-32B-Instruct/RealWorldQA, Rank 2/8:  54%|█████▍    | 52/96 [01:20<01:31,  2.08s/it]Infer Qwen2.5-VL-32B-Instruct/RealWorldQA, Rank 3/8:  39%|███▊      | 37/96 [01:21<01:09,  1.18s/it]Infer Qwen2.5-VL-32B-Instruct/RealWorldQA, Rank 1/8:  17%|█▋        | 16/96 [01:21<07:53,  5.92s/it]Infer Qwen2.5-VL-32B-Instruct/RealWorldQA, Rank 6/8:  44%|████▍     | 42/95 [01:21<01:29,  1.69s/it]Infer Qwen2.5-VL-32B-Instruct/RealWorldQA, Rank 0/8:  27%|██▋       | 26/96 [01:21<02:01,  1.73s/it]Infer Qwen2.5-VL-32B-Instruct/RealWorldQA, Rank 2/8:  55%|█████▌    | 53/96 [01:21<01:17,  1.81s/it]Infer Qwen2.5-VL-32B-Instruct/RealWorldQA, Rank 3/8:  40%|███▉      | 38/96 [01:22<01:07,  1.16s/it]Infer Qwen2.5-VL-32B-Instruct/RealWorldQA, Rank 1/8:  18%|█▊        | 17/96 [01:22<05:53,  4.48s/it]Infer Qwen2.5-VL-32B-Instruct/RealWorldQA, Rank 5/8:  39%|███▉      | 37/95 [01:22<01:29,  1.55s/it]Infer Qwen2.5-VL-32B-Instruct/RealWorldQA, Rank 0/8:  28%|██▊       | 27/96 [01:22<01:44,  1.52s/it]Infer Qwen2.5-VL-32B-Instruct/RealWorldQA, Rank 2/8:  56%|█████▋    | 54/96 [01:22<01:07,  1.60s/it]Infer Qwen2.5-VL-32B-Instruct/RealWorldQA, Rank 6/8:  45%|████▌     | 43/95 [01:23<01:34,  1.81s/it]Infer Qwen2.5-VL-32B-Instruct/RealWorldQA, Rank 1/8:  19%|█▉        | 18/96 [01:23<04:29,  3.46s/it]Infer Qwen2.5-VL-32B-Instruct/RealWorldQA, Rank 3/8:  41%|████      | 39/96 [01:23<01:05,  1.15s/it]Infer Qwen2.5-VL-32B-Instruct/RealWorldQA, Rank 5/8:  40%|████      | 38/95 [01:23<01:19,  1.40s/it]Infer Qwen2.5-VL-32B-Instruct/RealWorldQA, Rank 2/8:  57%|█████▋    | 55/96 [01:23<01:00,  1.47s/it]Infer Qwen2.5-VL-32B-Instruct/RealWorldQA, Rank 3/8:  42%|████▏     | 40/96 [01:24<01:09,  1.24s/it]Infer Qwen2.5-VL-32B-Instruct/RealWorldQA, Rank 1/8:  20%|█▉        | 19/96 [01:24<03:43,  2.90s/it]Infer Qwen2.5-VL-32B-Instruct/RealWorldQA, Rank 2/8:  58%|█████▊    | 56/96 [01:25<00:54,  1.36s/it]Infer Qwen2.5-VL-32B-Instruct/RealWorldQA, Rank 7/8:  32%|███▏      | 30/95 [01:25<05:41,  5.25s/it]Infer Qwen2.5-VL-32B-Instruct/RealWorldQA, Rank 5/8:  41%|████      | 39/95 [01:25<01:26,  1.55s/it]Infer Qwen2.5-VL-32B-Instruct/RealWorldQA, Rank 2/8:  59%|█████▉    | 57/96 [01:26<00:49,  1.27s/it]Infer Qwen2.5-VL-32B-Instruct/RealWorldQA, Rank 7/8:  33%|███▎      | 31/95 [01:26<04:14,  3.98s/it]Infer Qwen2.5-VL-32B-Instruct/RealWorldQA, Rank 1/8:  21%|██        | 20/96 [01:26<03:06,  2.45s/it]Infer Qwen2.5-VL-32B-Instruct/RealWorldQA, Rank 5/8:  42%|████▏     | 40/95 [01:27<01:24,  1.53s/it]Infer Qwen2.5-VL-32B-Instruct/RealWorldQA, Rank 4/8:  34%|███▍      | 33/96 [01:27<04:24,  4.20s/it]Infer Qwen2.5-VL-32B-Instruct/RealWorldQA, Rank 2/8:  60%|██████    | 58/96 [01:27<00:47,  1.25s/it]Infer Qwen2.5-VL-32B-Instruct/RealWorldQA, Rank 5/8:  43%|████▎     | 41/95 [01:28<01:14,  1.38s/it]Infer Qwen2.5-VL-32B-Instruct/RealWorldQA, Rank 2/8:  61%|██████▏   | 59/96 [01:28<00:42,  1.15s/it]Infer Qwen2.5-VL-32B-Instruct/RealWorldQA, Rank 4/8:  35%|███▌      | 34/96 [01:28<03:24,  3.30s/it]Infer Qwen2.5-VL-32B-Instruct/RealWorldQA, Rank 2/8:  62%|██████▎   | 60/96 [01:29<00:45,  1.28s/it]Infer Qwen2.5-VL-32B-Instruct/RealWorldQA, Rank 5/8:  44%|████▍     | 42/95 [01:29<01:20,  1.53s/it]Infer Qwen2.5-VL-32B-Instruct/RealWorldQA, Rank 4/8:  36%|███▋      | 35/96 [01:29<02:50,  2.79s/it]Infer Qwen2.5-VL-32B-Instruct/RealWorldQA, Rank 5/8:  45%|████▌     | 43/95 [01:30<01:11,  1.37s/it]Infer Qwen2.5-VL-32B-Instruct/RealWorldQA, Rank 4/8:  38%|███▊      | 36/96 [01:30<02:15,  2.26s/it]Infer Qwen2.5-VL-32B-Instruct/RealWorldQA, Rank 2/8:  64%|██████▎   | 61/96 [01:31<00:47,  1.36s/it]Infer Qwen2.5-VL-32B-Instruct/RealWorldQA, Rank 0/8:  29%|██▉       | 28/96 [01:31<04:13,  3.72s/it]Infer Qwen2.5-VL-32B-Instruct/RealWorldQA, Rank 5/8:  46%|████▋     | 44/95 [01:31<01:05,  1.28s/it]Infer Qwen2.5-VL-32B-Instruct/RealWorldQA, Rank 4/8:  39%|███▊      | 37/96 [01:32<01:53,  1.93s/it]Infer Qwen2.5-VL-32B-Instruct/RealWorldQA, Rank 0/8:  30%|███       | 29/96 [01:32<03:17,  2.95s/it]Infer Qwen2.5-VL-32B-Instruct/RealWorldQA, Rank 5/8:  47%|████▋     | 45/95 [01:33<01:01,  1.22s/it]Infer Qwen2.5-VL-32B-Instruct/RealWorldQA, Rank 4/8:  40%|███▉      | 38/96 [01:33<01:37,  1.67s/it]Infer Qwen2.5-VL-32B-Instruct/RealWorldQA, Rank 3/8:  43%|████▎     | 41/96 [01:33<03:12,  3.50s/it]Infer Qwen2.5-VL-32B-Instruct/RealWorldQA, Rank 6/8:  46%|████▋     | 44/95 [01:33<03:45,  4.42s/it]Infer Qwen2.5-VL-32B-Instruct/RealWorldQA, Rank 0/8:  31%|███▏      | 30/96 [01:33<02:38,  2.40s/it]Infer Qwen2.5-VL-32B-Instruct/RealWorldQA, Rank 5/8:  48%|████▊     | 46/95 [01:34<00:56,  1.16s/it]Infer Qwen2.5-VL-32B-Instruct/RealWorldQA, Rank 4/8:  41%|████      | 39/96 [01:34<01:26,  1.52s/it]Infer Qwen2.5-VL-32B-Instruct/RealWorldQA, Rank 3/8:  44%|████▍     | 42/96 [01:34<02:29,  2.78s/it]Infer Qwen2.5-VL-32B-Instruct/RealWorldQA, Rank 0/8:  32%|███▏      | 31/96 [01:34<02:10,  2.01s/it]Infer Qwen2.5-VL-32B-Instruct/RealWorldQA, Rank 5/8:  49%|████▉     | 47/95 [01:35<00:54,  1.14s/it]Infer Qwen2.5-VL-32B-Instruct/RealWorldQA, Rank 4/8:  42%|████▏     | 40/96 [01:35<01:17,  1.38s/it]Infer Qwen2.5-VL-32B-Instruct/RealWorldQA, Rank 6/8:  47%|████▋     | 45/95 [01:35<03:01,  3.64s/it]Infer Qwen2.5-VL-32B-Instruct/RealWorldQA, Rank 0/8:  33%|███▎      | 32/96 [01:35<01:49,  1.71s/it]Infer Qwen2.5-VL-32B-Instruct/RealWorldQA, Rank 3/8:  45%|████▍     | 43/96 [01:36<02:04,  2.35s/it]Infer Qwen2.5-VL-32B-Instruct/RealWorldQA, Rank 7/8:  34%|███▎      | 32/95 [01:36<06:03,  5.76s/it]Infer Qwen2.5-VL-32B-Instruct/RealWorldQA, Rank 5/8:  51%|█████     | 48/95 [01:36<00:52,  1.11s/it]Infer Qwen2.5-VL-32B-Instruct/RealWorldQA, Rank 6/8:  48%|████▊     | 46/95 [01:36<02:19,  2.85s/it]Infer Qwen2.5-VL-32B-Instruct/RealWorldQA, Rank 1/8:  22%|██▏       | 21/96 [01:36<06:05,  4.88s/it]Infer Qwen2.5-VL-32B-Instruct/RealWorldQA, Rank 3/8:  46%|████▌     | 44/96 [01:36<01:40,  1.93s/it]Infer Qwen2.5-VL-32B-Instruct/RealWorldQA, Rank 5/8:  52%|█████▏    | 49/95 [01:37<00:50,  1.10s/it]Infer Qwen2.5-VL-32B-Instruct/RealWorldQA, Rank 6/8:  49%|████▉     | 47/95 [01:37<01:52,  2.35s/it]Infer Qwen2.5-VL-32B-Instruct/RealWorldQA, Rank 7/8:  35%|███▍      | 33/95 [01:37<04:41,  4.53s/it]Infer Qwen2.5-VL-32B-Instruct/RealWorldQA, Rank 0/8:  34%|███▍      | 33/96 [01:37<01:52,  1.78s/it]Infer Qwen2.5-VL-32B-Instruct/RealWorldQA, Rank 1/8:  23%|██▎       | 22/96 [01:37<04:35,  3.72s/it]Infer Qwen2.5-VL-32B-Instruct/RealWorldQA, Rank 3/8:  47%|████▋     | 45/96 [01:38<01:24,  1.65s/it]Infer Qwen2.5-VL-32B-Instruct/RealWorldQA, Rank 5/8:  53%|█████▎    | 50/95 [01:38<00:48,  1.09s/it]Infer Qwen2.5-VL-32B-Instruct/RealWorldQA, Rank 7/8:  36%|███▌      | 34/95 [01:38<03:32,  3.48s/it]Infer Qwen2.5-VL-32B-Instruct/RealWorldQA, Rank 1/8:  24%|██▍       | 23/96 [01:39<03:34,  2.94s/it]Infer Qwen2.5-VL-32B-Instruct/RealWorldQA, Rank 6/8:  51%|█████     | 48/95 [01:39<01:42,  2.18s/it]Infer Qwen2.5-VL-32B-Instruct/RealWorldQA, Rank 3/8:  48%|████▊     | 46/96 [01:39<01:22,  1.66s/it]Infer Qwen2.5-VL-32B-Instruct/RealWorldQA, Rank 7/8:  37%|███▋      | 35/95 [01:39<02:45,  2.77s/it]Infer Qwen2.5-VL-32B-Instruct/RealWorldQA, Rank 6/8:  52%|█████▏    | 49/95 [01:40<01:28,  1.92s/it]Infer Qwen2.5-VL-32B-Instruct/RealWorldQA, Rank 7/8:  38%|███▊      | 36/95 [01:40<02:10,  2.20s/it]Infer Qwen2.5-VL-32B-Instruct/RealWorldQA, Rank 3/8:  49%|████▉     | 47/96 [01:41<01:25,  1.75s/it]Infer Qwen2.5-VL-32B-Instruct/RealWorldQA, Rank 6/8:  53%|█████▎    | 50/95 [01:41<01:14,  1.65s/it]Infer Qwen2.5-VL-32B-Instruct/RealWorldQA, Rank 1/8:  25%|██▌       | 24/96 [01:42<03:35,  3.00s/it]Infer Qwen2.5-VL-32B-Instruct/RealWorldQA, Rank 2/8:  65%|██████▍   | 62/96 [01:42<02:27,  4.33s/it]Infer Qwen2.5-VL-32B-Instruct/RealWorldQA, Rank 3/8:  50%|█████     | 48/96 [01:42<01:14,  1.56s/it]Infer Qwen2.5-VL-32B-Instruct/RealWorldQA, Rank 5/8:  54%|█████▎    | 51/95 [01:43<01:36,  2.19s/it]Infer Qwen2.5-VL-32B-Instruct/RealWorldQA, Rank 1/8:  26%|██▌       | 25/96 [01:43<02:50,  2.41s/it]Infer Qwen2.5-VL-32B-Instruct/RealWorldQA, Rank 6/8:  54%|█████▎    | 51/95 [01:43<01:09,  1.57s/it]Infer Qwen2.5-VL-32B-Instruct/RealWorldQA, Rank 2/8:  66%|██████▌   | 63/96 [01:43<01:49,  3.32s/it]Infer Qwen2.5-VL-32B-Instruct/RealWorldQA, Rank 3/8:  51%|█████     | 49/96 [01:43<01:07,  1.43s/it]Infer Qwen2.5-VL-32B-Instruct/RealWorldQA, Rank 0/8:  35%|███▌      | 34/96 [01:43<03:11,  3.09s/it]Infer Qwen2.5-VL-32B-Instruct/RealWorldQA, Rank 5/8:  55%|█████▍    | 52/95 [01:44<01:21,  1.90s/it]Infer Qwen2.5-VL-32B-Instruct/RealWorldQA, Rank 3/8:  52%|█████▏    | 50/96 [01:44<00:59,  1.30s/it]Infer Qwen2.5-VL-32B-Instruct/RealWorldQA, Rank 1/8:  27%|██▋       | 26/96 [01:44<02:34,  2.21s/it]Infer Qwen2.5-VL-32B-Instruct/RealWorldQA, Rank 5/8:  56%|█████▌    | 53/95 [01:45<01:09,  1.65s/it]Infer Qwen2.5-VL-32B-Instruct/RealWorldQA, Rank 2/8:  67%|██████▋   | 64/96 [01:45<01:32,  2.89s/it]Infer Qwen2.5-VL-32B-Instruct/RealWorldQA, Rank 6/8:  55%|█████▍    | 52/95 [01:45<01:16,  1.79s/it]Infer Qwen2.5-VL-32B-Instruct/RealWorldQA, Rank 3/8:  53%|█████▎    | 51/96 [01:45<00:55,  1.22s/it]Infer Qwen2.5-VL-32B-Instruct/RealWorldQA, Rank 1/8:  28%|██▊       | 27/96 [01:46<02:12,  1.93s/it]Infer Qwen2.5-VL-32B-Instruct/RealWorldQA, Rank 5/8:  57%|█████▋    | 54/95 [01:46<01:01,  1.50s/it]Infer Qwen2.5-VL-32B-Instruct/RealWorldQA, Rank 2/8:  68%|██████▊   | 65/96 [01:46<01:13,  2.38s/it]Infer Qwen2.5-VL-32B-Instruct/RealWorldQA, Rank 6/8:  56%|█████▌    | 53/95 [01:46<01:07,  1.61s/it]Infer Qwen2.5-VL-32B-Instruct/RealWorldQA, Rank 3/8:  54%|█████▍    | 52/96 [01:47<00:52,  1.19s/it]Infer Qwen2.5-VL-32B-Instruct/RealWorldQA, Rank 5/8:  58%|█████▊    | 55/95 [01:47<00:55,  1.38s/it]Infer Qwen2.5-VL-32B-Instruct/RealWorldQA, Rank 2/8:  69%|██████▉   | 66/96 [01:47<00:59,  1.97s/it]Infer Qwen2.5-VL-32B-Instruct/RealWorldQA, Rank 1/8:  29%|██▉       | 28/96 [01:48<02:09,  1.90s/it]Infer Qwen2.5-VL-32B-Instruct/RealWorldQA, Rank 2/8:  70%|██████▉   | 67/96 [01:48<00:50,  1.73s/it]Infer Qwen2.5-VL-32B-Instruct/RealWorldQA, Rank 3/8:  55%|█████▌    | 53/96 [01:48<00:59,  1.39s/it]Infer Qwen2.5-VL-32B-Instruct/RealWorldQA, Rank 1/8:  30%|███       | 29/96 [01:49<01:51,  1.67s/it]Infer Qwen2.5-VL-32B-Instruct/RealWorldQA, Rank 2/8:  71%|███████   | 68/96 [01:49<00:42,  1.53s/it]Infer Qwen2.5-VL-32B-Instruct/RealWorldQA, Rank 3/8:  56%|█████▋    | 54/96 [01:49<00:53,  1.28s/it]Infer Qwen2.5-VL-32B-Instruct/RealWorldQA, Rank 1/8:  31%|███▏      | 30/96 [01:50<01:38,  1.49s/it]Infer Qwen2.5-VL-32B-Instruct/RealWorldQA, Rank 7/8:  39%|███▉      | 37/95 [01:51<04:31,  4.67s/it]Infer Qwen2.5-VL-32B-Instruct/RealWorldQA, Rank 2/8:  72%|███████▏  | 69/96 [01:52<00:46,  1.71s/it]Infer Qwen2.5-VL-32B-Instruct/RealWorldQA, Rank 2/8:  73%|███████▎  | 70/96 [01:53<00:38,  1.50s/it]Infer Qwen2.5-VL-32B-Instruct/RealWorldQA, Rank 3/8:  57%|█████▋    | 55/96 [01:53<01:25,  2.08s/it]Infer Qwen2.5-VL-32B-Instruct/RealWorldQA, Rank 2/8:  74%|███████▍  | 71/96 [01:54<00:34,  1.39s/it]Infer Qwen2.5-VL-32B-Instruct/RealWorldQA, Rank 0/8:  36%|███▋      | 35/96 [01:54<05:22,  5.29s/it]Infer Qwen2.5-VL-32B-Instruct/RealWorldQA, Rank 4/8:  43%|████▎     | 41/96 [01:54<06:10,  6.74s/it]Infer Qwen2.5-VL-32B-Instruct/RealWorldQA, Rank 2/8:  75%|███████▌  | 72/96 [01:55<00:30,  1.28s/it]Infer Qwen2.5-VL-32B-Instruct/RealWorldQA, Rank 4/8:  44%|████▍     | 42/96 [01:55<04:31,  5.02s/it]Infer Qwen2.5-VL-32B-Instruct/RealWorldQA, Rank 3/8:  58%|█████▊    | 56/96 [01:55<01:21,  2.03s/it]Infer Qwen2.5-VL-32B-Instruct/RealWorldQA, Rank 2/8:  76%|███████▌  | 73/96 [01:56<00:27,  1.20s/it]Infer Qwen2.5-VL-32B-Instruct/RealWorldQA, Rank 0/8:  38%|███▊      | 36/96 [01:56<04:15,  4.25s/it]Infer Qwen2.5-VL-32B-Instruct/RealWorldQA, Rank 4/8:  45%|████▍     | 43/96 [01:56<03:22,  3.83s/it]Infer Qwen2.5-VL-32B-Instruct/RealWorldQA, Rank 0/8:  39%|███▊      | 37/96 [01:57<03:14,  3.30s/it]Infer Qwen2.5-VL-32B-Instruct/RealWorldQA, Rank 3/8:  59%|█████▉    | 57/96 [01:57<01:16,  1.97s/it]Infer Qwen2.5-VL-32B-Instruct/RealWorldQA, Rank 7/8:  40%|████      | 38/95 [01:58<05:07,  5.39s/it]Infer Qwen2.5-VL-32B-Instruct/RealWorldQA, Rank 0/8:  40%|███▉      | 38/96 [01:58<02:33,  2.65s/it]Infer Qwen2.5-VL-32B-Instruct/RealWorldQA, Rank 5/8:  59%|█████▉    | 56/95 [01:58<02:48,  4.32s/it]Infer Qwen2.5-VL-32B-Instruct/RealWorldQA, Rank 2/8:  77%|███████▋  | 74/96 [01:58<00:36,  1.65s/it]Infer Qwen2.5-VL-32B-Instruct/RealWorldQA, Rank 3/8:  60%|██████    | 58/96 [01:59<01:09,  1.84s/it]Infer Qwen2.5-VL-32B-Instruct/RealWorldQA, Rank 7/8:  41%|████      | 39/95 [01:59<03:48,  4.08s/it]Infer Qwen2.5-VL-32B-Instruct/RealWorldQA, Rank 0/8:  41%|████      | 39/96 [01:59<02:02,  2.15s/it]Infer Qwen2.5-VL-32B-Instruct/RealWorldQA, Rank 5/8:  60%|██████    | 57/95 [01:59<02:07,  3.35s/it]Infer Qwen2.5-VL-32B-Instruct/RealWorldQA, Rank 2/8:  78%|███████▊  | 75/96 [02:00<00:31,  1.49s/it]Infer Qwen2.5-VL-32B-Instruct/RealWorldQA, Rank 3/8:  61%|██████▏   | 59/96 [02:00<01:01,  1.66s/it]Infer Qwen2.5-VL-32B-Instruct/RealWorldQA, Rank 0/8:  42%|████▏     | 40/96 [02:00<01:41,  1.81s/it]Infer Qwen2.5-VL-32B-Instruct/RealWorldQA, Rank 5/8:  61%|██████    | 58/95 [02:01<01:39,  2.68s/it]Infer Qwen2.5-VL-32B-Instruct/RealWorldQA, Rank 3/8:  62%|██████▎   | 60/96 [02:01<00:53,  1.49s/it]Infer Qwen2.5-VL-32B-Instruct/RealWorldQA, Rank 0/8:  43%|████▎     | 41/96 [02:01<01:29,  1.63s/it]Infer Qwen2.5-VL-32B-Instruct/RealWorldQA, Rank 2/8:  79%|███████▉  | 76/96 [02:01<00:32,  1.62s/it]Infer Qwen2.5-VL-32B-Instruct/RealWorldQA, Rank 6/8:  57%|█████▋    | 54/95 [02:02<03:56,  5.76s/it]Infer Qwen2.5-VL-32B-Instruct/RealWorldQA, Rank 0/8:  44%|████▍     | 42/96 [02:02<01:17,  1.44s/it]Infer Qwen2.5-VL-32B-Instruct/RealWorldQA, Rank 4/8:  46%|████▌     | 44/96 [02:02<03:55,  4.52s/it]Infer Qwen2.5-VL-32B-Instruct/RealWorldQA, Rank 1/8:  32%|███▏      | 31/96 [02:02<05:16,  4.87s/it]Infer Qwen2.5-VL-32B-Instruct/RealWorldQA, Rank 2/8:  80%|████████  | 77/96 [02:03<00:28,  1.50s/it]Infer Qwen2.5-VL-32B-Instruct/RealWorldQA, Rank 6/8:  58%|█████▊    | 55/95 [02:03<02:54,  4.35s/it]Infer Qwen2.5-VL-32B-Instruct/RealWorldQA, Rank 3/8:  64%|██████▎   | 61/96 [02:03<00:58,  1.67s/it]Infer Qwen2.5-VL-32B-Instruct/RealWorldQA, Rank 1/8:  33%|███▎      | 32/96 [02:04<03:58,  3.72s/it]Infer Qwen2.5-VL-32B-Instruct/RealWorldQA, Rank 6/8:  59%|█████▉    | 56/95 [02:04<02:12,  3.39s/it]Infer Qwen2.5-VL-32B-Instruct/RealWorldQA, Rank 3/8:  65%|██████▍   | 62/96 [02:04<00:50,  1.48s/it]Infer Qwen2.5-VL-32B-Instruct/RealWorldQA, Rank 4/8:  47%|████▋     | 45/96 [02:04<03:08,  3.70s/it]Infer Qwen2.5-VL-32B-Instruct/RealWorldQA, Rank 6/8:  60%|██████    | 57/95 [02:05<01:43,  2.72s/it]Infer Qwen2.5-VL-32B-Instruct/RealWorldQA, Rank 3/8:  66%|██████▌   | 63/96 [02:05<00:45,  1.39s/it]Infer Qwen2.5-VL-32B-Instruct/RealWorldQA, Rank 4/8:  48%|████▊     | 46/96 [02:06<02:40,  3.21s/it]Infer Qwen2.5-VL-32B-Instruct/RealWorldQA, Rank 2/8:  81%|████████▏ | 78/96 [02:07<00:40,  2.23s/it]Infer Qwen2.5-VL-32B-Instruct/RealWorldQA, Rank 6/8:  61%|██████    | 58/95 [02:07<01:28,  2.39s/it]Infer Qwen2.5-VL-32B-Instruct/RealWorldQA, Rank 4/8:  49%|████▉     | 47/96 [02:07<02:05,  2.56s/it]Infer Qwen2.5-VL-32B-Instruct/RealWorldQA, Rank 6/8:  62%|██████▏   | 59/95 [02:08<01:12,  2.00s/it]Infer Qwen2.5-VL-32B-Instruct/RealWorldQA, Rank 7/8:  42%|████▏     | 40/95 [02:08<05:12,  5.68s/it]Infer Qwen2.5-VL-32B-Instruct/RealWorldQA, Rank 4/8:  50%|█████     | 48/96 [02:08<01:41,  2.12s/it]Infer Qwen2.5-VL-32B-Instruct/RealWorldQA, Rank 2/8:  82%|████████▏ | 79/96 [02:09<00:38,  2.27s/it]Infer Qwen2.5-VL-32B-Instruct/RealWorldQA, Rank 7/8:  43%|████▎     | 41/95 [02:09<03:52,  4.31s/it]Infer Qwen2.5-VL-32B-Instruct/RealWorldQA, Rank 4/8:  51%|█████     | 49/96 [02:10<01:29,  1.89s/it]Infer Qwen2.5-VL-32B-Instruct/RealWorldQA, Rank 2/8:  83%|████████▎ | 80/96 [02:10<00:31,  1.96s/it]Infer Qwen2.5-VL-32B-Instruct/RealWorldQA, Rank 7/8:  44%|████▍     | 42/95 [02:11<03:01,  3.42s/it]Infer Qwen2.5-VL-32B-Instruct/RealWorldQA, Rank 4/8:  52%|█████▏    | 50/96 [02:11<01:15,  1.65s/it]Infer Qwen2.5-VL-32B-Instruct/RealWorldQA, Rank 2/8:  84%|████████▍ | 81/96 [02:11<00:25,  1.70s/it]Infer Qwen2.5-VL-32B-Instruct/RealWorldQA, Rank 4/8:  53%|█████▎    | 51/96 [02:12<01:06,  1.48s/it]Infer Qwen2.5-VL-32B-Instruct/RealWorldQA, Rank 7/8:  45%|████▌     | 43/95 [02:12<02:21,  2.73s/it]Infer Qwen2.5-VL-32B-Instruct/RealWorldQA, Rank 6/8:  63%|██████▎   | 60/95 [02:12<01:37,  2.79s/it]Infer Qwen2.5-VL-32B-Instruct/RealWorldQA, Rank 2/8:  85%|████████▌ | 82/96 [02:13<00:21,  1.55s/it]Infer Qwen2.5-VL-32B-Instruct/RealWorldQA, Rank 7/8:  46%|████▋     | 44/95 [02:13<01:52,  2.21s/it]Infer Qwen2.5-VL-32B-Instruct/RealWorldQA, Rank 0/8:  45%|████▍     | 43/96 [02:13<03:49,  4.33s/it]Infer Qwen2.5-VL-32B-Instruct/RealWorldQA, Rank 6/8:  64%|██████▍   | 61/95 [02:13<01:16,  2.26s/it]Infer Qwen2.5-VL-32B-Instruct/RealWorldQA, Rank 5/8:  62%|██████▏   | 59/95 [02:13<03:26,  5.75s/it]Infer Qwen2.5-VL-32B-Instruct/RealWorldQA, Rank 4/8:  54%|█████▍    | 52/96 [02:14<01:08,  1.57s/it]Infer Qwen2.5-VL-32B-Instruct/RealWorldQA, Rank 7/8:  47%|████▋     | 45/95 [02:14<01:34,  1.89s/it]Infer Qwen2.5-VL-32B-Instruct/RealWorldQA, Rank 2/8:  86%|████████▋ | 83/96 [02:14<00:21,  1.65s/it]Infer Qwen2.5-VL-32B-Instruct/RealWorldQA, Rank 6/8:  65%|██████▌   | 62/95 [02:14<01:02,  1.89s/it]Infer Qwen2.5-VL-32B-Instruct/RealWorldQA, Rank 5/8:  63%|██████▎   | 60/95 [02:14<02:31,  4.32s/it]Infer Qwen2.5-VL-32B-Instruct/RealWorldQA, Rank 4/8:  55%|█████▌    | 53/96 [02:15<01:03,  1.47s/it]Infer Qwen2.5-VL-32B-Instruct/RealWorldQA, Rank 1/8:  34%|███▍      | 33/96 [02:15<06:28,  6.17s/it]Infer Qwen2.5-VL-32B-Instruct/RealWorldQA, Rank 6/8:  66%|██████▋   | 63/95 [02:15<00:52,  1.64s/it]Infer Qwen2.5-VL-32B-Instruct/RealWorldQA, Rank 5/8:  64%|██████▍   | 61/95 [02:16<01:54,  3.38s/it]Infer Qwen2.5-VL-32B-Instruct/RealWorldQA, Rank 4/8:  56%|█████▋    | 54/96 [02:16<01:03,  1.51s/it]Infer Qwen2.5-VL-32B-Instruct/RealWorldQA, Rank 1/8:  35%|███▌      | 34/96 [02:17<04:52,  4.71s/it]Infer Qwen2.5-VL-32B-Instruct/RealWorldQA, Rank 3/8:  67%|██████▋   | 64/96 [02:17<02:22,  4.45s/it]Infer Qwen2.5-VL-32B-Instruct/RealWorldQA, Rank 5/8:  65%|██████▌   | 62/95 [02:17<01:31,  2.76s/it]Infer Qwen2.5-VL-32B-Instruct/RealWorldQA, Rank 6/8:  67%|██████▋   | 64/95 [02:17<00:53,  1.71s/it]Infer Qwen2.5-VL-32B-Instruct/RealWorldQA, Rank 4/8:  57%|█████▋    | 55/96 [02:17<00:55,  1.36s/it]Infer Qwen2.5-VL-32B-Instruct/RealWorldQA, Rank 3/8:  68%|██████▊   | 65/96 [02:18<01:46,  3.44s/it]Infer Qwen2.5-VL-32B-Instruct/RealWorldQA, Rank 1/8:  36%|███▋      | 35/96 [02:19<03:54,  3.84s/it]Infer Qwen2.5-VL-32B-Instruct/RealWorldQA, Rank 4/8:  58%|█████▊    | 56/96 [02:19<00:52,  1.31s/it]Infer Qwen2.5-VL-32B-Instruct/RealWorldQA, Rank 4/8:  59%|█████▉    | 57/96 [02:20<00:47,  1.21s/it]Infer Qwen2.5-VL-32B-Instruct/RealWorldQA, Rank 3/8:  69%|██████▉   | 66/96 [02:20<01:29,  2.97s/it]Infer Qwen2.5-VL-32B-Instruct/RealWorldQA, Rank 1/8:  38%|███▊      | 36/96 [02:21<03:19,  3.33s/it]Infer Qwen2.5-VL-32B-Instruct/RealWorldQA, Rank 5/8:  66%|██████▋   | 63/95 [02:21<01:38,  3.08s/it]Infer Qwen2.5-VL-32B-Instruct/RealWorldQA, Rank 3/8:  70%|██████▉   | 67/96 [02:21<01:08,  2.38s/it]Infer Qwen2.5-VL-32B-Instruct/RealWorldQA, Rank 1/8:  39%|███▊      | 37/96 [02:22<02:34,  2.62s/it]Infer Qwen2.5-VL-32B-Instruct/RealWorldQA, Rank 5/8:  67%|██████▋   | 64/95 [02:22<01:17,  2.48s/it]Infer Qwen2.5-VL-32B-Instruct/RealWorldQA, Rank 3/8:  71%|███████   | 68/96 [02:22<00:57,  2.04s/it]Infer Qwen2.5-VL-32B-Instruct/RealWorldQA, Rank 1/8:  40%|███▉      | 38/96 [02:23<02:08,  2.22s/it]Infer Qwen2.5-VL-32B-Instruct/RealWorldQA, Rank 3/8:  72%|███████▏  | 69/96 [02:23<00:46,  1.73s/it]Infer Qwen2.5-VL-32B-Instruct/RealWorldQA, Rank 1/8:  41%|████      | 39/96 [02:24<01:45,  1.85s/it]Infer Qwen2.5-VL-32B-Instruct/RealWorldQA, Rank 3/8:  73%|███████▎  | 70/96 [02:24<00:39,  1.51s/it]Infer Qwen2.5-VL-32B-Instruct/RealWorldQA, Rank 3/8:  74%|███████▍  | 71/96 [02:25<00:33,  1.35s/it]Infer Qwen2.5-VL-32B-Instruct/RealWorldQA, Rank 0/8:  46%|████▌     | 44/96 [02:26<05:51,  6.76s/it]Infer Qwen2.5-VL-32B-Instruct/RealWorldQA, Rank 7/8:  48%|████▊     | 46/95 [02:26<04:02,  4.95s/it]Infer Qwen2.5-VL-32B-Instruct/RealWorldQA, Rank 3/8:  75%|███████▌  | 72/96 [02:26<00:30,  1.25s/it]Infer Qwen2.5-VL-32B-Instruct/RealWorldQA, Rank 0/8:  47%|████▋     | 45/96 [02:27<04:15,  5.02s/it]Infer Qwen2.5-VL-32B-Instruct/RealWorldQA, Rank 7/8:  49%|████▉     | 47/95 [02:27<03:00,  3.75s/it]Infer Qwen2.5-VL-32B-Instruct/RealWorldQA, Rank 3/8:  76%|███████▌  | 73/96 [02:27<00:27,  1.21s/it]Infer Qwen2.5-VL-32B-Instruct/RealWorldQA, Rank 6/8:  68%|██████▊   | 65/95 [02:27<02:06,  4.21s/it]Infer Qwen2.5-VL-32B-Instruct/RealWorldQA, Rank 7/8:  51%|█████     | 48/95 [02:28<02:18,  2.94s/it]Infer Qwen2.5-VL-32B-Instruct/RealWorldQA, Rank 6/8:  69%|██████▉   | 66/95 [02:28<01:34,  3.25s/it]Infer Qwen2.5-VL-32B-Instruct/RealWorldQA, Rank 0/8:  48%|████▊     | 46/96 [02:28<03:23,  4.07s/it]Infer Qwen2.5-VL-32B-Instruct/RealWorldQA, Rank 4/8:  60%|██████    | 58/96 [02:29<02:12,  3.50s/it]Infer Qwen2.5-VL-32B-Instruct/RealWorldQA, Rank 3/8:  77%|███████▋  | 74/96 [02:29<00:30,  1.38s/it]Infer Qwen2.5-VL-32B-Instruct/RealWorldQA, Rank 7/8:  52%|█████▏    | 49/95 [02:29<01:50,  2.40s/it]Infer Qwen2.5-VL-32B-Instruct/RealWorldQA, Rank 6/8:  71%|███████   | 67/95 [02:30<01:13,  2.61s/it]Infer Qwen2.5-VL-32B-Instruct/RealWorldQA, Rank 0/8:  49%|████▉     | 47/96 [02:30<02:38,  3.23s/it]Infer Qwen2.5-VL-32B-Instruct/RealWorldQA, Rank 4/8:  61%|██████▏   | 59/96 [02:30<01:47,  2.91s/it]Infer Qwen2.5-VL-32B-Instruct/RealWorldQA, Rank 3/8:  78%|███████▊  | 75/96 [02:30<00:27,  1.31s/it]Infer Qwen2.5-VL-32B-Instruct/RealWorldQA, Rank 2/8:  88%|████████▊ | 84/96 [02:30<01:11,  5.92s/it]Infer Qwen2.5-VL-32B-Instruct/RealWorldQA, Rank 7/8:  53%|█████▎    | 50/95 [02:30<01:30,  2.01s/it]Infer Qwen2.5-VL-32B-Instruct/RealWorldQA, Rank 6/8:  72%|███████▏  | 68/95 [02:31<00:58,  2.18s/it]Infer Qwen2.5-VL-32B-Instruct/RealWorldQA, Rank 0/8:  50%|█████     | 48/96 [02:31<02:04,  2.58s/it]Infer Qwen2.5-VL-32B-Instruct/RealWorldQA, Rank 4/8:  62%|██████▎   | 60/96 [02:31<01:23,  2.32s/it]Infer Qwen2.5-VL-32B-Instruct/RealWorldQA, Rank 3/8:  79%|███████▉  | 76/96 [02:31<00:24,  1.22s/it]Infer Qwen2.5-VL-32B-Instruct/RealWorldQA, Rank 7/8:  54%|█████▎    | 51/95 [02:31<01:15,  1.71s/it]Infer Qwen2.5-VL-32B-Instruct/RealWorldQA, Rank 2/8:  89%|████████▊ | 85/96 [02:31<00:49,  4.47s/it]Infer Qwen2.5-VL-32B-Instruct/RealWorldQA, Rank 1/8:  42%|████▏     | 40/96 [02:32<03:26,  3.69s/it]Infer Qwen2.5-VL-32B-Instruct/RealWorldQA, Rank 4/8:  64%|██████▎   | 61/96 [02:32<01:08,  1.95s/it]Infer Qwen2.5-VL-32B-Instruct/RealWorldQA, Rank 3/8:  80%|████████  | 77/96 [02:32<00:22,  1.18s/it]Infer Qwen2.5-VL-32B-Instruct/RealWorldQA, Rank 2/8:  90%|████████▉ | 86/96 [02:32<00:34,  3.42s/it]Infer Qwen2.5-VL-32B-Instruct/RealWorldQA, Rank 7/8:  55%|█████▍    | 52/95 [02:33<01:06,  1.54s/it]Infer Qwen2.5-VL-32B-Instruct/RealWorldQA, Rank 0/8:  51%|█████     | 49/96 [02:33<01:50,  2.35s/it]Infer Qwen2.5-VL-32B-Instruct/RealWorldQA, Rank 6/8:  73%|███████▎  | 69/95 [02:33<00:55,  2.13s/it]Infer Qwen2.5-VL-32B-Instruct/RealWorldQA, Rank 1/8:  43%|████▎     | 41/96 [02:33<02:39,  2.90s/it]Infer Qwen2.5-VL-32B-Instruct/RealWorldQA, Rank 4/8:  65%|██████▍   | 62/96 [02:33<00:56,  1.66s/it]Infer Qwen2.5-VL-32B-Instruct/RealWorldQA, Rank 3/8:  81%|████████▏ | 78/96 [02:33<00:20,  1.14s/it]Infer Qwen2.5-VL-32B-Instruct/RealWorldQA, Rank 2/8:  91%|█████████ | 87/96 [02:33<00:24,  2.69s/it]Infer Qwen2.5-VL-32B-Instruct/RealWorldQA, Rank 7/8:  56%|█████▌    | 53/95 [02:34<00:59,  1.42s/it]Infer Qwen2.5-VL-32B-Instruct/RealWorldQA, Rank 0/8:  52%|█████▏    | 50/96 [02:34<01:29,  1.94s/it]Infer Qwen2.5-VL-32B-Instruct/RealWorldQA, Rank 6/8:  74%|███████▎  | 70/95 [02:34<00:45,  1.81s/it]Infer Qwen2.5-VL-32B-Instruct/RealWorldQA, Rank 1/8:  44%|████▍     | 42/96 [02:34<02:05,  2.32s/it]Infer Qwen2.5-VL-32B-Instruct/RealWorldQA, Rank 4/8:  66%|██████▌   | 63/96 [02:34<00:52,  1.58s/it]Infer Qwen2.5-VL-32B-Instruct/RealWorldQA, Rank 5/8:  68%|██████▊   | 65/95 [02:34<02:45,  5.52s/it]Infer Qwen2.5-VL-32B-Instruct/RealWorldQA, Rank 2/8:  92%|█████████▏| 88/96 [02:35<00:17,  2.23s/it]Infer Qwen2.5-VL-32B-Instruct/RealWorldQA, Rank 3/8:  82%|████████▏ | 79/96 [02:35<00:20,  1.18s/it]Infer Qwen2.5-VL-32B-Instruct/RealWorldQA, Rank 0/8:  53%|█████▎    | 51/96 [02:35<01:14,  1.66s/it]Infer Qwen2.5-VL-32B-Instruct/RealWorldQA, Rank 7/8:  57%|█████▋    | 54/95 [02:35<00:53,  1.30s/it]Infer Qwen2.5-VL-32B-Instruct/RealWorldQA, Rank 4/8:  67%|██████▋   | 64/96 [02:36<00:47,  1.47s/it]Infer Qwen2.5-VL-32B-Instruct/RealWorldQA, Rank 7/8:  58%|█████▊    | 55/95 [02:36<00:51,  1.29s/it]Infer Qwen2.5-VL-32B-Instruct/RealWorldQA, Rank 5/8:  69%|██████▉   | 66/95 [02:36<02:06,  4.36s/it]Infer Qwen2.5-VL-32B-Instruct/RealWorldQA, Rank 6/8:  75%|███████▍  | 71/95 [02:36<00:48,  2.02s/it]Infer Qwen2.5-VL-32B-Instruct/RealWorldQA, Rank 2/8:  93%|█████████▎| 89/96 [02:36<00:14,  2.13s/it]Infer Qwen2.5-VL-32B-Instruct/RealWorldQA, Rank 4/8:  68%|██████▊   | 65/96 [02:37<00:43,  1.39s/it]Infer Qwen2.5-VL-32B-Instruct/RealWorldQA, Rank 5/8:  71%|███████   | 67/95 [02:37<01:35,  3.40s/it]Infer Qwen2.5-VL-32B-Instruct/RealWorldQA, Rank 2/8:  94%|█████████▍| 90/96 [02:37<00:10,  1.80s/it]Infer Qwen2.5-VL-32B-Instruct/RealWorldQA, Rank 6/8:  76%|███████▌  | 72/95 [02:37<00:40,  1.76s/it]Infer Qwen2.5-VL-32B-Instruct/RealWorldQA, Rank 5/8:  72%|███████▏  | 68/95 [02:38<01:12,  2.70s/it]Infer Qwen2.5-VL-32B-Instruct/RealWorldQA, Rank 2/8:  95%|█████████▍| 91/96 [02:38<00:07,  1.55s/it]Infer Qwen2.5-VL-32B-Instruct/RealWorldQA, Rank 4/8:  69%|██████▉   | 66/96 [02:38<00:43,  1.44s/it]Infer Qwen2.5-VL-32B-Instruct/RealWorldQA, Rank 6/8:  77%|███████▋  | 73/95 [02:38<00:33,  1.53s/it]Infer Qwen2.5-VL-32B-Instruct/RealWorldQA, Rank 5/8:  73%|███████▎  | 69/95 [02:39<00:57,  2.21s/it]Infer Qwen2.5-VL-32B-Instruct/RealWorldQA, Rank 4/8:  70%|██████▉   | 67/96 [02:39<00:38,  1.32s/it]Infer Qwen2.5-VL-32B-Instruct/RealWorldQA, Rank 7/8:  59%|█████▉    | 56/95 [02:40<01:19,  2.05s/it]Infer Qwen2.5-VL-32B-Instruct/RealWorldQA, Rank 5/8:  74%|███████▎  | 70/95 [02:40<00:45,  1.83s/it]Infer Qwen2.5-VL-32B-Instruct/RealWorldQA, Rank 4/8:  71%|███████   | 68/96 [02:41<00:39,  1.43s/it]Infer Qwen2.5-VL-32B-Instruct/RealWorldQA, Rank 7/8:  60%|██████    | 57/95 [02:41<01:12,  1.90s/it]Infer Qwen2.5-VL-32B-Instruct/RealWorldQA, Rank 5/8:  75%|███████▍  | 71/95 [02:41<00:38,  1.61s/it]Infer Qwen2.5-VL-32B-Instruct/RealWorldQA, Rank 7/8:  61%|██████    | 58/95 [02:42<01:01,  1.65s/it]Infer Qwen2.5-VL-32B-Instruct/RealWorldQA, Rank 4/8:  72%|███████▏  | 69/96 [02:43<00:41,  1.55s/it]Infer Qwen2.5-VL-32B-Instruct/RealWorldQA, Rank 5/8:  76%|███████▌  | 72/95 [02:43<00:37,  1.61s/it]Infer Qwen2.5-VL-32B-Instruct/RealWorldQA, Rank 4/8:  73%|███████▎  | 70/96 [02:44<00:36,  1.39s/it]Infer Qwen2.5-VL-32B-Instruct/RealWorldQA, Rank 5/8:  77%|███████▋  | 73/95 [02:44<00:31,  1.42s/it]Infer Qwen2.5-VL-32B-Instruct/RealWorldQA, Rank 0/8:  54%|█████▍    | 52/96 [02:45<03:04,  4.19s/it]Infer Qwen2.5-VL-32B-Instruct/RealWorldQA, Rank 5/8:  78%|███████▊  | 74/95 [02:45<00:27,  1.30s/it]Infer Qwen2.5-VL-32B-Instruct/RealWorldQA, Rank 3/8:  83%|████████▎ | 80/96 [02:45<01:04,  4.03s/it]Infer Qwen2.5-VL-32B-Instruct/RealWorldQA, Rank 1/8:  45%|████▍     | 43/96 [02:46<04:36,  5.21s/it]Infer Qwen2.5-VL-32B-Instruct/RealWorldQA, Rank 2/8:  96%|█████████▌| 92/96 [02:46<00:13,  3.43s/it]Infer Qwen2.5-VL-32B-Instruct/RealWorldQA, Rank 0/8:  55%|█████▌    | 53/96 [02:46<02:28,  3.45s/it]Infer Qwen2.5-VL-32B-Instruct/RealWorldQA, Rank 5/8:  79%|███████▉  | 75/95 [02:46<00:26,  1.34s/it]Infer Qwen2.5-VL-32B-Instruct/RealWorldQA, Rank 3/8:  84%|████████▍ | 81/96 [02:47<00:48,  3.21s/it]Infer Qwen2.5-VL-32B-Instruct/RealWorldQA, Rank 7/8:  62%|██████▏   | 59/95 [02:47<01:27,  2.44s/it]Infer Qwen2.5-VL-32B-Instruct/RealWorldQA, Rank 1/8:  46%|████▌     | 44/96 [02:47<03:25,  3.96s/it]Infer Qwen2.5-VL-32B-Instruct/RealWorldQA, Rank 2/8:  97%|█████████▋| 93/96 [02:47<00:08,  2.71s/it]Infer Qwen2.5-VL-32B-Instruct/RealWorldQA, Rank 4/8:  74%|███████▍  | 71/96 [02:47<00:49,  1.99s/it]Infer Qwen2.5-VL-32B-Instruct/RealWorldQA, Rank 0/8:  56%|█████▋    | 54/96 [02:47<01:53,  2.71s/it]Infer Qwen2.5-VL-32B-Instruct/RealWorldQA, Rank 3/8:  85%|████████▌ | 82/96 [02:48<00:35,  2.57s/it]Infer Qwen2.5-VL-32B-Instruct/RealWorldQA, Rank 5/8:  80%|████████  | 76/95 [02:48<00:24,  1.27s/it]Infer Qwen2.5-VL-32B-Instruct/RealWorldQA, Rank 7/8:  63%|██████▎   | 60/95 [02:48<01:10,  2.02s/it]Infer Qwen2.5-VL-32B-Instruct/RealWorldQA, Rank 2/8:  98%|█████████▊| 94/96 [02:48<00:04,  2.20s/it]Infer Qwen2.5-VL-32B-Instruct/RealWorldQA, Rank 0/8:  57%|█████▋    | 55/96 [02:49<01:33,  2.27s/it]Infer Qwen2.5-VL-32B-Instruct/RealWorldQA, Rank 4/8:  75%|███████▌  | 72/96 [02:49<00:43,  1.81s/it]Infer Qwen2.5-VL-32B-Instruct/RealWorldQA, Rank 5/8:  81%|████████  | 77/95 [02:49<00:22,  1.27s/it]Infer Qwen2.5-VL-32B-Instruct/RealWorldQA, Rank 2/8:  99%|█████████▉| 95/96 [02:49<00:01,  1.83s/it]Infer Qwen2.5-VL-32B-Instruct/RealWorldQA, Rank 3/8:  86%|████████▋ | 83/96 [02:49<00:30,  2.34s/it]Infer Qwen2.5-VL-32B-Instruct/RealWorldQA, Rank 7/8:  64%|██████▍   | 61/95 [02:50<01:06,  1.96s/it]Infer Qwen2.5-VL-32B-Instruct/RealWorldQA, Rank 5/8:  82%|████████▏ | 78/95 [02:50<00:20,  1.20s/it]Infer Qwen2.5-VL-32B-Instruct/RealWorldQA, Rank 2/8: 100%|██████████| 96/96 [02:50<00:00,  1.54s/it]Infer Qwen2.5-VL-32B-Instruct/RealWorldQA, Rank 2/8: 100%|██████████| 96/96 [02:50<00:00,  1.78s/it]
Infer Qwen2.5-VL-32B-Instruct/RealWorldQA, Rank 0/8:  58%|█████▊    | 56/96 [02:50<01:24,  2.12s/it]Infer Qwen2.5-VL-32B-Instruct/RealWorldQA, Rank 3/8:  88%|████████▊ | 84/96 [02:51<00:23,  1.99s/it]Infer Qwen2.5-VL-32B-Instruct/RealWorldQA, Rank 7/8:  65%|██████▌   | 62/95 [02:51<00:56,  1.72s/it]Infer Qwen2.5-VL-32B-Instruct/RealWorldQA, Rank 5/8:  83%|████████▎ | 79/95 [02:51<00:18,  1.17s/it]Infer Qwen2.5-VL-32B-Instruct/RealWorldQA, Rank 0/8:  59%|█████▉    | 57/96 [02:51<01:09,  1.78s/it]Infer Qwen2.5-VL-32B-Instruct/RealWorldQA, Rank 3/8:  89%|████████▊ | 85/96 [02:52<00:18,  1.69s/it]Infer Qwen2.5-VL-32B-Instruct/RealWorldQA, Rank 7/8:  66%|██████▋   | 63/95 [02:52<00:48,  1.52s/it]Infer Qwen2.5-VL-32B-Instruct/RealWorldQA, Rank 5/8:  84%|████████▍ | 80/95 [02:52<00:17,  1.16s/it]Infer Qwen2.5-VL-32B-Instruct/RealWorldQA, Rank 0/8:  60%|██████    | 58/96 [02:52<00:58,  1.55s/it]Infer Qwen2.5-VL-32B-Instruct/RealWorldQA, Rank 3/8:  90%|████████▉ | 86/96 [02:52<00:14,  1.46s/it]Infer Qwen2.5-VL-32B-Instruct/RealWorldQA, Rank 7/8:  67%|██████▋   | 64/95 [02:53<00:42,  1.38s/it]Infer Qwen2.5-VL-32B-Instruct/RealWorldQA, Rank 3/8:  91%|█████████ | 87/96 [02:53<00:11,  1.33s/it]Infer Qwen2.5-VL-32B-Instruct/RealWorldQA, Rank 0/8:  61%|██████▏   | 59/96 [02:54<00:52,  1.42s/it]Infer Qwen2.5-VL-32B-Instruct/RealWorldQA, Rank 1/8:  47%|████▋     | 45/96 [02:54<04:03,  4.78s/it]Infer Qwen2.5-VL-32B-Instruct/RealWorldQA, Rank 7/8:  68%|██████▊   | 65/95 [02:54<00:37,  1.25s/it]Infer Qwen2.5-VL-32B-Instruct/RealWorldQA, Rank 3/8:  92%|█████████▏| 88/96 [02:55<00:09,  1.24s/it]Infer Qwen2.5-VL-32B-Instruct/RealWorldQA, Rank 0/8:  62%|██████▎   | 60/96 [02:55<00:46,  1.30s/it]Infer Qwen2.5-VL-32B-Instruct/RealWorldQA, Rank 7/8:  69%|██████▉   | 66/95 [02:55<00:35,  1.21s/it]Infer Qwen2.5-VL-32B-Instruct/RealWorldQA, Rank 3/8:  93%|█████████▎| 89/96 [02:56<00:08,  1.17s/it]Infer Qwen2.5-VL-32B-Instruct/RealWorldQA, Rank 0/8:  64%|██████▎   | 61/96 [02:56<00:46,  1.32s/it]Infer Qwen2.5-VL-32B-Instruct/RealWorldQA, Rank 3/8:  94%|█████████▍| 90/96 [02:57<00:06,  1.16s/it]Infer Qwen2.5-VL-32B-Instruct/RealWorldQA, Rank 7/8:  71%|███████   | 67/95 [02:57<00:39,  1.41s/it]Infer Qwen2.5-VL-32B-Instruct/RealWorldQA, Rank 6/8:  78%|███████▊  | 74/95 [02:57<02:18,  6.61s/it]Infer Qwen2.5-VL-32B-Instruct/RealWorldQA, Rank 0/8:  65%|██████▍   | 62/96 [02:57<00:41,  1.23s/it]Infer Qwen2.5-VL-32B-Instruct/RealWorldQA, Rank 1/8:  48%|████▊     | 46/96 [02:57<03:45,  4.51s/it]Infer Qwen2.5-VL-32B-Instruct/RealWorldQA, Rank 7/8:  72%|███████▏  | 68/95 [02:58<00:35,  1.30s/it]Infer Qwen2.5-VL-32B-Instruct/RealWorldQA, Rank 3/8:  95%|█████████▍| 91/96 [02:58<00:05,  1.15s/it]Infer Qwen2.5-VL-32B-Instruct/RealWorldQA, Rank 6/8:  79%|███████▉  | 75/95 [02:58<01:39,  4.96s/it]Infer Qwen2.5-VL-32B-Instruct/RealWorldQA, Rank 4/8:  76%|███████▌  | 73/96 [02:58<01:35,  4.17s/it]Infer Qwen2.5-VL-32B-Instruct/RealWorldQA, Rank 7/8:  73%|███████▎  | 69/95 [02:59<00:31,  1.21s/it]Infer Qwen2.5-VL-32B-Instruct/RealWorldQA, Rank 3/8:  96%|█████████▌| 92/96 [02:59<00:04,  1.13s/it]Infer Qwen2.5-VL-32B-Instruct/RealWorldQA, Rank 6/8:  80%|████████  | 76/95 [02:59<01:11,  3.77s/it]Infer Qwen2.5-VL-32B-Instruct/RealWorldQA, Rank 1/8:  49%|████▉     | 47/96 [02:59<02:58,  3.64s/it]Infer Qwen2.5-VL-32B-Instruct/RealWorldQA, Rank 4/8:  77%|███████▋  | 74/96 [02:59<01:10,  3.22s/it]Infer Qwen2.5-VL-32B-Instruct/RealWorldQA, Rank 7/8:  74%|███████▎  | 70/95 [03:00<00:29,  1.16s/it]Infer Qwen2.5-VL-32B-Instruct/RealWorldQA, Rank 3/8:  97%|█████████▋| 93/96 [03:00<00:03,  1.11s/it]Infer Qwen2.5-VL-32B-Instruct/RealWorldQA, Rank 1/8:  50%|█████     | 48/96 [03:00<02:17,  2.87s/it]Infer Qwen2.5-VL-32B-Instruct/RealWorldQA, Rank 6/8:  81%|████████  | 77/95 [03:00<00:54,  3.04s/it]Infer Qwen2.5-VL-32B-Instruct/RealWorldQA, Rank 4/8:  78%|███████▊  | 75/96 [03:00<00:53,  2.57s/it]Infer Qwen2.5-VL-32B-Instruct/RealWorldQA, Rank 7/8:  75%|███████▍  | 71/95 [03:01<00:27,  1.13s/it]Infer Qwen2.5-VL-32B-Instruct/RealWorldQA, Rank 6/8:  82%|████████▏ | 78/95 [03:01<00:41,  2.43s/it]Infer Qwen2.5-VL-32B-Instruct/RealWorldQA, Rank 1/8:  51%|█████     | 49/96 [03:01<01:53,  2.41s/it]Infer Qwen2.5-VL-32B-Instruct/RealWorldQA, Rank 4/8:  79%|███████▉  | 76/96 [03:02<00:41,  2.10s/it]Infer Qwen2.5-VL-32B-Instruct/RealWorldQA, Rank 5/8:  85%|████████▌ | 81/95 [03:02<00:51,  3.67s/it]Infer Qwen2.5-VL-32B-Instruct/RealWorldQA, Rank 1/8:  52%|█████▏    | 50/96 [03:03<01:34,  2.05s/it]Infer Qwen2.5-VL-32B-Instruct/RealWorldQA, Rank 5/8:  86%|████████▋ | 82/95 [03:03<00:37,  2.89s/it]Infer Qwen2.5-VL-32B-Instruct/RealWorldQA, Rank 6/8:  83%|████████▎ | 79/95 [03:03<00:35,  2.24s/it]Infer Qwen2.5-VL-32B-Instruct/RealWorldQA, Rank 7/8:  76%|███████▌  | 72/95 [03:04<00:36,  1.60s/it]Infer Qwen2.5-VL-32B-Instruct/RealWorldQA, Rank 1/8:  53%|█████▎    | 51/96 [03:04<01:16,  1.69s/it]Infer Qwen2.5-VL-32B-Instruct/RealWorldQA, Rank 3/8:  98%|█████████▊| 94/96 [03:04<00:03,  1.92s/it]Infer Qwen2.5-VL-32B-Instruct/RealWorldQA, Rank 5/8:  87%|████████▋ | 83/95 [03:04<00:28,  2.34s/it]Infer Qwen2.5-VL-32B-Instruct/RealWorldQA, Rank 7/8:  77%|███████▋  | 73/95 [03:05<00:31,  1.43s/it]Infer Qwen2.5-VL-32B-Instruct/RealWorldQA, Rank 1/8:  54%|█████▍    | 52/96 [03:05<01:07,  1.54s/it]Infer Qwen2.5-VL-32B-Instruct/RealWorldQA, Rank 3/8:  99%|█████████▉| 95/96 [03:05<00:01,  1.67s/it]Infer Qwen2.5-VL-32B-Instruct/RealWorldQA, Rank 5/8:  88%|████████▊ | 84/95 [03:05<00:21,  1.97s/it]Infer Qwen2.5-VL-32B-Instruct/RealWorldQA, Rank 7/8:  78%|███████▊  | 74/95 [03:06<00:28,  1.36s/it]Infer Qwen2.5-VL-32B-Instruct/RealWorldQA, Rank 3/8: 100%|██████████| 96/96 [03:06<00:00,  1.47s/it]Infer Qwen2.5-VL-32B-Instruct/RealWorldQA, Rank 3/8: 100%|██████████| 96/96 [03:06<00:00,  1.94s/it]
Infer Qwen2.5-VL-32B-Instruct/RealWorldQA, Rank 5/8:  89%|████████▉ | 85/95 [03:06<00:17,  1.71s/it]Infer Qwen2.5-VL-32B-Instruct/RealWorldQA, Rank 6/8:  84%|████████▍ | 80/95 [03:06<00:37,  2.49s/it]Infer Qwen2.5-VL-32B-Instruct/RealWorldQA, Rank 1/8:  55%|█████▌    | 53/96 [03:06<01:06,  1.56s/it]Infer Qwen2.5-VL-32B-Instruct/RealWorldQA, Rank 1/8:  56%|█████▋    | 54/96 [03:07<00:58,  1.40s/it]Infer Qwen2.5-VL-32B-Instruct/RealWorldQA, Rank 5/8:  91%|█████████ | 86/95 [03:08<00:15,  1.77s/it]Infer Qwen2.5-VL-32B-Instruct/RealWorldQA, Rank 6/8:  85%|████████▌ | 81/95 [03:08<00:33,  2.38s/it]Infer Qwen2.5-VL-32B-Instruct/RealWorldQA, Rank 4/8:  80%|████████  | 77/96 [03:09<01:08,  3.62s/it]Infer Qwen2.5-VL-32B-Instruct/RealWorldQA, Rank 0/8:  66%|██████▌   | 63/96 [03:09<02:24,  4.39s/it]Infer Qwen2.5-VL-32B-Instruct/RealWorldQA, Rank 1/8:  57%|█████▋    | 55/96 [03:09<00:59,  1.45s/it]Infer Qwen2.5-VL-32B-Instruct/RealWorldQA, Rank 6/8:  86%|████████▋ | 82/95 [03:10<00:26,  2.03s/it]Infer Qwen2.5-VL-32B-Instruct/RealWorldQA, Rank 7/8:  79%|███████▉  | 75/95 [03:10<00:42,  2.12s/it]Infer Qwen2.5-VL-32B-Instruct/RealWorldQA, Rank 0/8:  67%|██████▋   | 64/96 [03:10<01:48,  3.39s/it]Infer Qwen2.5-VL-32B-Instruct/RealWorldQA, Rank 6/8:  87%|████████▋ | 83/95 [03:11<00:21,  1.76s/it]Infer Qwen2.5-VL-32B-Instruct/RealWorldQA, Rank 7/8:  80%|████████  | 76/95 [03:11<00:34,  1.80s/it]Infer Qwen2.5-VL-32B-Instruct/RealWorldQA, Rank 1/8:  58%|█████▊    | 56/96 [03:11<01:03,  1.60s/it]Infer Qwen2.5-VL-32B-Instruct/RealWorldQA, Rank 5/8:  92%|█████████▏| 87/95 [03:11<00:17,  2.24s/it]Infer Qwen2.5-VL-32B-Instruct/RealWorldQA, Rank 6/8:  88%|████████▊ | 84/95 [03:12<00:16,  1.54s/it]Infer Qwen2.5-VL-32B-Instruct/RealWorldQA, Rank 7/8:  81%|████████  | 77/95 [03:12<00:28,  1.58s/it]Infer Qwen2.5-VL-32B-Instruct/RealWorldQA, Rank 1/8:  59%|█████▉    | 57/96 [03:12<00:55,  1.41s/it]Infer Qwen2.5-VL-32B-Instruct/RealWorldQA, Rank 5/8:  93%|█████████▎| 88/95 [03:12<00:12,  1.85s/it]Infer Qwen2.5-VL-32B-Instruct/RealWorldQA, Rank 6/8:  89%|████████▉ | 85/95 [03:13<00:13,  1.40s/it]Infer Qwen2.5-VL-32B-Instruct/RealWorldQA, Rank 6/8:  91%|█████████ | 86/95 [03:14<00:11,  1.29s/it]Infer Qwen2.5-VL-32B-Instruct/RealWorldQA, Rank 5/8:  94%|█████████▎| 89/95 [03:14<00:10,  1.79s/it]Infer Qwen2.5-VL-32B-Instruct/RealWorldQA, Rank 1/8:  60%|██████    | 58/96 [03:14<01:00,  1.60s/it]Infer Qwen2.5-VL-32B-Instruct/RealWorldQA, Rank 1/8:  61%|██████▏   | 59/96 [03:15<00:53,  1.45s/it]Infer Qwen2.5-VL-32B-Instruct/RealWorldQA, Rank 5/8:  95%|█████████▍| 90/95 [03:16<00:09,  1.85s/it]Infer Qwen2.5-VL-32B-Instruct/RealWorldQA, Rank 4/8:  81%|████████▏ | 78/96 [03:16<01:26,  4.80s/it]Infer Qwen2.5-VL-32B-Instruct/RealWorldQA, Rank 6/8:  92%|█████████▏| 87/95 [03:17<00:14,  1.77s/it]Infer Qwen2.5-VL-32B-Instruct/RealWorldQA, Rank 4/8:  82%|████████▏ | 79/96 [03:17<01:02,  3.70s/it]Infer Qwen2.5-VL-32B-Instruct/RealWorldQA, Rank 4/8:  83%|████████▎ | 80/96 [03:18<00:46,  2.89s/it]Infer Qwen2.5-VL-32B-Instruct/RealWorldQA, Rank 0/8:  68%|██████▊   | 65/96 [03:19<02:35,  5.01s/it]Infer Qwen2.5-VL-32B-Instruct/RealWorldQA, Rank 5/8:  96%|█████████▌| 91/95 [03:19<00:08,  2.20s/it]Infer Qwen2.5-VL-32B-Instruct/RealWorldQA, Rank 6/8:  93%|█████████▎| 88/95 [03:19<00:14,  2.01s/it]Infer Qwen2.5-VL-32B-Instruct/RealWorldQA, Rank 0/8:  69%|██████▉   | 66/96 [03:20<02:00,  4.01s/it]Infer Qwen2.5-VL-32B-Instruct/RealWorldQA, Rank 1/8:  62%|██████▎   | 60/96 [03:20<01:35,  2.64s/it]Infer Qwen2.5-VL-32B-Instruct/RealWorldQA, Rank 5/8:  97%|█████████▋| 92/95 [03:20<00:06,  2.04s/it]Infer Qwen2.5-VL-32B-Instruct/RealWorldQA, Rank 7/8:  82%|████████▏ | 78/95 [03:21<01:06,  3.88s/it]Infer Qwen2.5-VL-32B-Instruct/RealWorldQA, Rank 6/8:  94%|█████████▎| 89/95 [03:21<00:11,  1.97s/it]Infer Qwen2.5-VL-32B-Instruct/RealWorldQA, Rank 0/8:  70%|██████▉   | 67/96 [03:21<01:30,  3.13s/it]Infer Qwen2.5-VL-32B-Instruct/RealWorldQA, Rank 5/8:  98%|█████████▊| 93/95 [03:21<00:03,  1.73s/it]Infer Qwen2.5-VL-32B-Instruct/RealWorldQA, Rank 7/8:  83%|████████▎ | 79/95 [03:22<00:48,  3.04s/it]Infer Qwen2.5-VL-32B-Instruct/RealWorldQA, Rank 6/8:  95%|█████████▍| 90/95 [03:22<00:08,  1.71s/it]Infer Qwen2.5-VL-32B-Instruct/RealWorldQA, Rank 1/8:  64%|██████▎   | 61/96 [03:23<01:27,  2.49s/it]Infer Qwen2.5-VL-32B-Instruct/RealWorldQA, Rank 5/8:  99%|█████████▉| 94/95 [03:23<00:01,  1.57s/it]Infer Qwen2.5-VL-32B-Instruct/RealWorldQA, Rank 7/8:  84%|████████▍ | 80/95 [03:23<00:36,  2.45s/it]Infer Qwen2.5-VL-32B-Instruct/RealWorldQA, Rank 6/8:  96%|█████████▌| 91/95 [03:23<00:06,  1.52s/it]Infer Qwen2.5-VL-32B-Instruct/RealWorldQA, Rank 1/8:  65%|██████▍   | 62/96 [03:24<01:11,  2.09s/it]Infer Qwen2.5-VL-32B-Instruct/RealWorldQA, Rank 0/8:  71%|███████   | 68/96 [03:24<01:24,  3.03s/it]Infer Qwen2.5-VL-32B-Instruct/RealWorldQA, Rank 5/8: 100%|██████████| 95/95 [03:24<00:00,  1.55s/it]Infer Qwen2.5-VL-32B-Instruct/RealWorldQA, Rank 5/8: 100%|██████████| 95/95 [03:24<00:00,  2.15s/it]
Infer Qwen2.5-VL-32B-Instruct/RealWorldQA, Rank 6/8:  97%|█████████▋| 92/95 [03:24<00:04,  1.38s/it]Infer Qwen2.5-VL-32B-Instruct/RealWorldQA, Rank 0/8:  72%|███████▏  | 69/96 [03:25<01:05,  2.43s/it]Infer Qwen2.5-VL-32B-Instruct/RealWorldQA, Rank 6/8:  98%|█████████▊| 93/95 [03:25<00:02,  1.30s/it]Infer Qwen2.5-VL-32B-Instruct/RealWorldQA, Rank 1/8:  66%|██████▌   | 63/96 [03:26<01:06,  2.03s/it]Infer Qwen2.5-VL-32B-Instruct/RealWorldQA, Rank 0/8:  73%|███████▎  | 70/96 [03:26<00:52,  2.02s/it]Infer Qwen2.5-VL-32B-Instruct/RealWorldQA, Rank 0/8:  74%|███████▍  | 71/96 [03:27<00:43,  1.72s/it]Infer Qwen2.5-VL-32B-Instruct/RealWorldQA, Rank 1/8:  67%|██████▋   | 64/96 [03:27<01:01,  1.92s/it]Infer Qwen2.5-VL-32B-Instruct/RealWorldQA, Rank 0/8:  75%|███████▌  | 72/96 [03:28<00:35,  1.50s/it]Infer Qwen2.5-VL-32B-Instruct/RealWorldQA, Rank 1/8:  68%|██████▊   | 65/96 [03:28<00:51,  1.66s/it]Infer Qwen2.5-VL-32B-Instruct/RealWorldQA, Rank 4/8:  84%|████████▍ | 81/96 [03:28<01:15,  5.05s/it]Infer Qwen2.5-VL-32B-Instruct/RealWorldQA, Rank 0/8:  76%|███████▌  | 73/96 [03:29<00:31,  1.36s/it]Infer Qwen2.5-VL-32B-Instruct/RealWorldQA, Rank 1/8:  69%|██████▉   | 66/96 [03:29<00:44,  1.48s/it]Infer Qwen2.5-VL-32B-Instruct/RealWorldQA, Rank 6/8:  99%|█████████▉| 94/95 [03:30<00:02,  2.17s/it]Infer Qwen2.5-VL-32B-Instruct/RealWorldQA, Rank 4/8:  85%|████████▌ | 82/96 [03:30<00:55,  3.99s/it]Infer Qwen2.5-VL-32B-Instruct/RealWorldQA, Rank 0/8:  77%|███████▋  | 74/96 [03:31<00:30,  1.39s/it]Infer Qwen2.5-VL-32B-Instruct/RealWorldQA, Rank 6/8: 100%|██████████| 95/95 [03:31<00:00,  1.86s/it]Infer Qwen2.5-VL-32B-Instruct/RealWorldQA, Rank 6/8: 100%|██████████| 95/95 [03:31<00:00,  2.22s/it]
Infer Qwen2.5-VL-32B-Instruct/RealWorldQA, Rank 0/8:  78%|███████▊  | 75/96 [03:32<00:26,  1.28s/it]Infer Qwen2.5-VL-32B-Instruct/RealWorldQA, Rank 4/8:  86%|████████▋ | 83/96 [03:32<00:43,  3.35s/it]Infer Qwen2.5-VL-32B-Instruct/RealWorldQA, Rank 1/8:  70%|██████▉   | 67/96 [03:33<01:04,  2.24s/it]Infer Qwen2.5-VL-32B-Instruct/RealWorldQA, Rank 7/8:  85%|████████▌ | 81/95 [03:33<01:07,  4.79s/it]Infer Qwen2.5-VL-32B-Instruct/RealWorldQA, Rank 0/8:  79%|███████▉  | 76/96 [03:33<00:28,  1.42s/it]Infer Qwen2.5-VL-32B-Instruct/RealWorldQA, Rank 4/8:  88%|████████▊ | 84/96 [03:34<00:34,  2.88s/it]Infer Qwen2.5-VL-32B-Instruct/RealWorldQA, Rank 0/8:  80%|████████  | 77/96 [03:34<00:24,  1.28s/it]Infer Qwen2.5-VL-32B-Instruct/RealWorldQA, Rank 7/8:  86%|████████▋ | 82/95 [03:35<00:47,  3.67s/it]Infer Qwen2.5-VL-32B-Instruct/RealWorldQA, Rank 4/8:  89%|████████▊ | 85/96 [03:35<00:25,  2.33s/it]Infer Qwen2.5-VL-32B-Instruct/RealWorldQA, Rank 0/8:  81%|████████▏ | 78/96 [03:36<00:23,  1.31s/it]Infer Qwen2.5-VL-32B-Instruct/RealWorldQA, Rank 4/8:  90%|████████▉ | 86/96 [03:36<00:20,  2.01s/it]Infer Qwen2.5-VL-32B-Instruct/RealWorldQA, Rank 0/8:  82%|████████▏ | 79/96 [03:37<00:21,  1.26s/it]Infer Qwen2.5-VL-32B-Instruct/RealWorldQA, Rank 4/8:  91%|█████████ | 87/96 [03:38<00:17,  1.92s/it]Infer Qwen2.5-VL-32B-Instruct/RealWorldQA, Rank 1/8:  71%|███████   | 68/96 [03:38<01:19,  2.85s/it]Infer Qwen2.5-VL-32B-Instruct/RealWorldQA, Rank 0/8:  83%|████████▎ | 80/96 [03:38<00:20,  1.29s/it]Infer Qwen2.5-VL-32B-Instruct/RealWorldQA, Rank 1/8:  72%|███████▏  | 69/96 [03:39<01:03,  2.35s/it]Infer Qwen2.5-VL-32B-Instruct/RealWorldQA, Rank 4/8:  92%|█████████▏| 88/96 [03:39<00:14,  1.78s/it]Infer Qwen2.5-VL-32B-Instruct/RealWorldQA, Rank 7/8:  87%|████████▋ | 83/95 [03:40<00:51,  4.26s/it]Infer Qwen2.5-VL-32B-Instruct/RealWorldQA, Rank 1/8:  73%|███████▎  | 70/96 [03:40<00:53,  2.04s/it]Infer Qwen2.5-VL-32B-Instruct/RealWorldQA, Rank 4/8:  93%|█████████▎| 89/96 [03:40<00:11,  1.60s/it]Infer Qwen2.5-VL-32B-Instruct/RealWorldQA, Rank 7/8:  88%|████████▊ | 84/95 [03:41<00:36,  3.29s/it]Infer Qwen2.5-VL-32B-Instruct/RealWorldQA, Rank 1/8:  74%|███████▍  | 71/96 [03:41<00:43,  1.73s/it]Infer Qwen2.5-VL-32B-Instruct/RealWorldQA, Rank 4/8:  94%|█████████▍| 90/96 [03:41<00:08,  1.44s/it]Infer Qwen2.5-VL-32B-Instruct/RealWorldQA, Rank 4/8:  95%|█████████▍| 91/96 [03:43<00:06,  1.37s/it]Infer Qwen2.5-VL-32B-Instruct/RealWorldQA, Rank 7/8:  89%|████████▉ | 85/95 [03:43<00:27,  2.74s/it]Infer Qwen2.5-VL-32B-Instruct/RealWorldQA, Rank 4/8:  96%|█████████▌| 92/96 [03:44<00:05,  1.29s/it]Infer Qwen2.5-VL-32B-Instruct/RealWorldQA, Rank 7/8:  91%|█████████ | 86/95 [03:44<00:20,  2.25s/it]Infer Qwen2.5-VL-32B-Instruct/RealWorldQA, Rank 1/8:  75%|███████▌  | 72/96 [03:44<00:50,  2.12s/it]Infer Qwen2.5-VL-32B-Instruct/RealWorldQA, Rank 0/8:  84%|████████▍ | 81/96 [03:44<00:40,  2.69s/it]Infer Qwen2.5-VL-32B-Instruct/RealWorldQA, Rank 4/8:  97%|█████████▋| 93/96 [03:45<00:03,  1.20s/it]Infer Qwen2.5-VL-32B-Instruct/RealWorldQA, Rank 7/8:  92%|█████████▏| 87/95 [03:45<00:15,  1.89s/it]Infer Qwen2.5-VL-32B-Instruct/RealWorldQA, Rank 0/8:  85%|████████▌ | 82/96 [03:45<00:30,  2.17s/it]Infer Qwen2.5-VL-32B-Instruct/RealWorldQA, Rank 1/8:  76%|███████▌  | 73/96 [03:46<00:43,  1.88s/it]Infer Qwen2.5-VL-32B-Instruct/RealWorldQA, Rank 4/8:  98%|█████████▊| 94/96 [03:46<00:02,  1.19s/it]Infer Qwen2.5-VL-32B-Instruct/RealWorldQA, Rank 7/8:  93%|█████████▎| 88/95 [03:46<00:11,  1.65s/it]Infer Qwen2.5-VL-32B-Instruct/RealWorldQA, Rank 0/8:  86%|████████▋ | 83/96 [03:46<00:23,  1.82s/it]Infer Qwen2.5-VL-32B-Instruct/RealWorldQA, Rank 1/8:  77%|███████▋  | 74/96 [03:47<00:36,  1.65s/it]Infer Qwen2.5-VL-32B-Instruct/RealWorldQA, Rank 7/8:  94%|█████████▎| 89/95 [03:47<00:08,  1.50s/it]Infer Qwen2.5-VL-32B-Instruct/RealWorldQA, Rank 4/8:  99%|█████████▉| 95/96 [03:47<00:01,  1.21s/it]Infer Qwen2.5-VL-32B-Instruct/RealWorldQA, Rank 0/8:  88%|████████▊ | 84/96 [03:47<00:19,  1.62s/it]Infer Qwen2.5-VL-32B-Instruct/RealWorldQA, Rank 1/8:  78%|███████▊  | 75/96 [03:48<00:30,  1.47s/it]Infer Qwen2.5-VL-32B-Instruct/RealWorldQA, Rank 0/8:  89%|████████▊ | 85/96 [03:49<00:16,  1.49s/it]Infer Qwen2.5-VL-32B-Instruct/RealWorldQA, Rank 1/8:  79%|███████▉  | 76/96 [03:49<00:28,  1.41s/it]Infer Qwen2.5-VL-32B-Instruct/RealWorldQA, Rank 1/8:  80%|████████  | 77/96 [03:50<00:24,  1.31s/it]Infer Qwen2.5-VL-32B-Instruct/RealWorldQA, Rank 1/8:  81%|████████▏ | 78/96 [03:51<00:23,  1.31s/it]Infer Qwen2.5-VL-32B-Instruct/RealWorldQA, Rank 4/8: 100%|██████████| 96/96 [03:52<00:00,  2.24s/it]Infer Qwen2.5-VL-32B-Instruct/RealWorldQA, Rank 4/8: 100%|██████████| 96/96 [03:52<00:00,  2.42s/it]
Infer Qwen2.5-VL-32B-Instruct/RealWorldQA, Rank 1/8:  82%|████████▏ | 79/96 [03:53<00:21,  1.28s/it]Infer Qwen2.5-VL-32B-Instruct/RealWorldQA, Rank 1/8:  83%|████████▎ | 80/96 [03:54<00:19,  1.21s/it]Infer Qwen2.5-VL-32B-Instruct/RealWorldQA, Rank 1/8:  84%|████████▍ | 81/96 [03:55<00:18,  1.22s/it]Infer Qwen2.5-VL-32B-Instruct/RealWorldQA, Rank 7/8:  95%|█████████▍| 90/95 [03:56<00:18,  3.63s/it]Infer Qwen2.5-VL-32B-Instruct/RealWorldQA, Rank 1/8:  85%|████████▌ | 82/96 [03:56<00:16,  1.21s/it]Infer Qwen2.5-VL-32B-Instruct/RealWorldQA, Rank 1/8:  86%|████████▋ | 83/96 [03:57<00:15,  1.20s/it]Infer Qwen2.5-VL-32B-Instruct/RealWorldQA, Rank 1/8:  88%|████████▊ | 84/96 [03:58<00:14,  1.21s/it]Infer Qwen2.5-VL-32B-Instruct/RealWorldQA, Rank 7/8:  96%|█████████▌| 91/95 [04:00<00:14,  3.71s/it]Infer Qwen2.5-VL-32B-Instruct/RealWorldQA, Rank 1/8:  89%|████████▊ | 85/96 [04:00<00:13,  1.21s/it]Infer Qwen2.5-VL-32B-Instruct/RealWorldQA, Rank 7/8:  97%|█████████▋| 92/95 [04:01<00:09,  3.11s/it]Infer Qwen2.5-VL-32B-Instruct/RealWorldQA, Rank 7/8:  98%|█████████▊| 93/95 [04:02<00:05,  2.51s/it]Infer Qwen2.5-VL-32B-Instruct/RealWorldQA, Rank 7/8:  99%|█████████▉| 94/95 [04:03<00:02,  2.07s/it]Infer Qwen2.5-VL-32B-Instruct/RealWorldQA, Rank 0/8:  90%|████████▉ | 86/96 [04:04<00:57,  5.79s/it]Infer Qwen2.5-VL-32B-Instruct/RealWorldQA, Rank 7/8: 100%|██████████| 95/95 [04:04<00:00,  1.78s/it]Infer Qwen2.5-VL-32B-Instruct/RealWorldQA, Rank 7/8: 100%|██████████| 95/95 [04:04<00:00,  2.58s/it]
Infer Qwen2.5-VL-32B-Instruct/RealWorldQA, Rank 0/8:  91%|█████████ | 87/96 [04:05<00:39,  4.38s/it]Infer Qwen2.5-VL-32B-Instruct/RealWorldQA, Rank 0/8:  92%|█████████▏| 88/96 [04:07<00:27,  3.40s/it]Infer Qwen2.5-VL-32B-Instruct/RealWorldQA, Rank 1/8:  90%|████████▉ | 86/96 [04:12<00:46,  4.65s/it]Infer Qwen2.5-VL-32B-Instruct/RealWorldQA, Rank 1/8:  91%|█████████ | 87/96 [04:13<00:32,  3.56s/it]Infer Qwen2.5-VL-32B-Instruct/RealWorldQA, Rank 1/8:  92%|█████████▏| 88/96 [04:14<00:22,  2.78s/it]Infer Qwen2.5-VL-32B-Instruct/RealWorldQA, Rank 0/8:  93%|█████████▎| 89/96 [04:14<00:33,  4.75s/it]Infer Qwen2.5-VL-32B-Instruct/RealWorldQA, Rank 1/8:  93%|█████████▎| 89/96 [04:15<00:15,  2.27s/it]Infer Qwen2.5-VL-32B-Instruct/RealWorldQA, Rank 0/8:  94%|█████████▍| 90/96 [04:15<00:21,  3.62s/it]Infer Qwen2.5-VL-32B-Instruct/RealWorldQA, Rank 0/8:  95%|█████████▍| 91/96 [04:16<00:13,  2.80s/it]Infer Qwen2.5-VL-32B-Instruct/RealWorldQA, Rank 0/8:  96%|█████████▌| 92/96 [04:17<00:08,  2.25s/it]Infer Qwen2.5-VL-32B-Instruct/RealWorldQA, Rank 0/8:  97%|█████████▋| 93/96 [04:18<00:05,  1.89s/it]Infer Qwen2.5-VL-32B-Instruct/RealWorldQA, Rank 0/8:  98%|█████████▊| 94/96 [04:19<00:03,  1.60s/it]Infer Qwen2.5-VL-32B-Instruct/RealWorldQA, Rank 1/8:  94%|█████████▍| 90/96 [04:22<00:20,  3.44s/it]Infer Qwen2.5-VL-32B-Instruct/RealWorldQA, Rank 0/8:  99%|█████████▉| 95/96 [04:22<00:01,  1.82s/it]Infer Qwen2.5-VL-32B-Instruct/RealWorldQA, Rank 0/8: 100%|██████████| 96/96 [04:23<00:00,  1.62s/it]Infer Qwen2.5-VL-32B-Instruct/RealWorldQA, Rank 0/8: 100%|██████████| 96/96 [04:23<00:00,  2.74s/it]
Infer Qwen2.5-VL-32B-Instruct/RealWorldQA, Rank 1/8:  95%|█████████▍| 91/96 [04:25<00:16,  3.34s/it]Infer Qwen2.5-VL-32B-Instruct/RealWorldQA, Rank 1/8:  96%|█████████▌| 92/96 [04:26<00:10,  2.70s/it]Infer Qwen2.5-VL-32B-Instruct/RealWorldQA, Rank 1/8:  97%|█████████▋| 93/96 [04:27<00:06,  2.16s/it]Infer Qwen2.5-VL-32B-Instruct/RealWorldQA, Rank 1/8:  98%|█████████▊| 94/96 [04:28<00:03,  1.83s/it]Infer Qwen2.5-VL-32B-Instruct/RealWorldQA, Rank 1/8:  99%|█████████▉| 95/96 [04:30<00:01,  1.87s/it]Infer Qwen2.5-VL-32B-Instruct/RealWorldQA, Rank 1/8: 100%|██████████| 96/96 [04:44<00:00,  5.68s/it]Infer Qwen2.5-VL-32B-Instruct/RealWorldQA, Rank 1/8: 100%|██████████| 96/96 [04:44<00:00,  2.97s/it]
/root/storage/miniconda3/envs/vlmevalkit/lib/python3.10/site-packages/torch/distributed/c10d_logger.py:83: UserWarning: barrier(): using the device under current context. You can specify `device_id` in `init_process_group` to mute this warning.
  return func(*args, **kwargs)
[2026-06-12 09:08:09] INFO - vlmeval.__main__: ----------- SEEDBench2_Plus -----------
[2026-06-12 09:08:09] INFO - vlmeval.__main__: ----------- SEEDBench2_Plus -----------
[2026-06-12 09:08:09] INFO - vlmeval.__main__: ----------- SEEDBench2_Plus -----------
[2026-06-12 09:08:09] INFO - vlmeval.__main__: ----------- SEEDBench2_Plus -----------
[2026-06-12 09:08:09] INFO - vlmeval.__main__: ----------- SEEDBench2_Plus -----------
[2026-06-12 09:08:09] INFO - vlmeval.__main__: ----------- SEEDBench2_Plus -----------
[2026-06-12 09:08:09] INFO - vlmeval.__main__: ----------- SEEDBench2_Plus -----------
[2026-06-12 09:08:09] ERROR - misc.py: load_env - 220: Did not detect the .env file at /root/storage/mahaoxuan.mhx/code/MMR-Bench/third_party/VLMEvalKit/.env, failed to load. 
[2026-06-12 09:08:09] INFO - vlmeval.api.base: BaseAPI received the following kwargs: {'chat_template_kwargs': {'enable_thinking': False}}
[2026-06-12 09:08:09] INFO - vlmeval.api.base: Will try to use them as kwargs for `generate`. 
[2026-06-12 09:08:09] INFO - vlmeval.api.gpt: Using API Base: http://33.3.183.91:8000/v1/chat/completions; API Key: EMPTY
  0%|          | 0/765 [00:00<?, ?it/s]  5%|▌         | 42/765 [00:00<00:02, 316.46it/s] 10%|▉         | 74/765 [00:00<00:06, 100.42it/s] 12%|█▏        | 91/765 [00:00<00:06, 110.06it/s] 14%|█▍        | 107/765 [00:00<00:05, 110.12it/s] 16%|█▌        | 121/765 [00:01<00:06, 95.08it/s]  18%|█▊        | 137/765 [00:01<00:05, 106.73it/s] 20%|██        | 154/765 [00:01<00:05, 119.65it/s] 22%|██▏       | 170/765 [00:01<00:04, 127.48it/s] 24%|██▍       | 187/765 [00:01<00:04, 136.27it/s] 26%|██▋       | 202/765 [00:01<00:05, 103.90it/s] 28%|██▊       | 215/765 [00:01<00:05, 98.27it/s]  30%|███       | 231/765 [00:02<00:04, 110.49it/s] 32%|███▏      | 245/765 [00:02<00:04, 115.95it/s] 34%|███▎      | 258/765 [00:02<00:04, 106.18it/s] 35%|███▌      | 270/765 [00:02<00:04, 103.05it/s] 37%|███▋      | 286/765 [00:02<00:04, 116.35it/s] 39%|███▉      | 301/765 [00:02<00:03, 123.53it/s] 41%|████▏     | 317/765 [00:02<00:03, 132.73it/s] 43%|████▎     | 331/765 [00:02<00:03, 120.61it/s] 45%|████▌     | 345/765 [00:02<00:03, 124.76it/s] 47%|████▋     | 358/765 [00:03<00:03, 112.25it/s] 48%|████▊     | 370/765 [00:03<00:03, 101.92it/s] 50%|█████     | 386/765 [00:03<00:03, 115.40it/s] 53%|█████▎    | 402/765 [00:03<00:02, 126.39it/s] 55%|█████▍    | 418/765 [00:03<00:02, 133.39it/s] 56%|█████▋    | 432/765 [00:03<00:02, 128.35it/s] 58%|█████▊    | 446/765 [00:03<00:02, 130.30it/s] 60%|██████    | 461/765 [00:03<00:02, 133.78it/s] 62%|██████▏   | 475/765 [00:04<00:02, 134.31it/s] 64%|██████▍   | 490/765 [00:04<00:01, 138.07it/s] 66%|██████▌   | 505/765 [00:04<00:01, 139.47it/s] 68%|██████▊   | 521/765 [00:04<00:01, 143.57it/s] 70%|███████   | 536/765 [00:04<00:02, 113.32it/s] 72%|███████▏  | 549/765 [00:04<00:01, 117.11it/s] 74%|███████▎  | 563/765 [00:04<00:01, 122.59it/s] 75%|███████▌  | 577/765 [00:04<00:01, 125.03it/s] 77%|███████▋  | 590/765 [00:05<00:02, 84.39it/s]  79%|███████▊  | 601/765 [00:05<00:01, 85.54it/s] 80%|████████  | 614/765 [00:05<00:01, 94.02it/s] 82%|████████▏ | 630/765 [00:05<00:01, 107.99it/s] 84%|████████▍ | 642/765 [00:05<00:01, 83.15it/s]  86%|████████▌ | 657/765 [00:05<00:01, 96.99it/s] 87%|████████▋ | 669/765 [00:05<00:01, 85.61it/s] 89%|████████▉ | 684/765 [00:06<00:00, 96.63it/s] 91%|█████████ | 697/765 [00:06<00:00, 102.81it/s] 93%|█████████▎| 709/765 [00:06<00:00, 86.14it/s]  94%|█████████▍| 719/765 [00:06<00:00, 88.68it/s] 96%|█████████▌| 734/765 [00:06<00:00, 102.21it/s] 98%|█████████▊| 748/765 [00:06<00:00, 110.36it/s] 99%|█████████▉| 760/765 [00:06<00:00, 89.78it/s] 100%|██████████| 765/765 [00:07<00:00, 107.78it/s]
[2026-06-12 09:08:17] INFO - vlmeval.__main__: The evaluation of model Qwen2.5-VL-32B-Instruct x dataset RealWorldQA has finished! 
[2026-06-12 09:08:17] INFO - vlmeval.__main__: Evaluation Results:
[2026-06-12 09:08:17] INFO - vlmeval.__main__: 
-------  ------------------
split    none
Overall  0.7124183006535948
-------  ------------------
[2026-06-12 09:08:17] INFO - vlmeval.__main__: ----------- SEEDBench2_Plus -----------
/root/storage/miniconda3/envs/vlmevalkit/lib/python3.10/site-packages/torch/distributed/c10d_logger.py:83: UserWarning: barrier(): using the device under current context. You can specify `device_id` in `init_process_group` to mute this warning.
  return func(*args, **kwargs)
SEEDBench2_Plus.tsv: 0.00B [00:00, ?B/s]SEEDBench2_Plus.tsv:   0%|          | 8.19k/258M [00:00<1:29:08, 48.2kB/s]SEEDBench2_Plus.tsv:   3%|▎         | 6.64M/258M [00:00<00:08, 30.3MB/s]  SEEDBench2_Plus.tsv:  19%|█▉        | 50.2M/258M [00:00<00:01, 190MB/s] SEEDBench2_Plus.tsv:  27%|██▋       | 69.6M/258M [00:00<00:00, 192MB/s]SEEDBench2_Plus.tsv:  38%|███▊      | 96.8M/258M [00:00<00:00, 219MB/s]SEEDBench2_Plus.tsv:  50%|█████     | 129M/258M [00:00<00:00, 253MB/s] SEEDBench2_Plus.tsv:  61%|██████▏   | 158M/258M [00:00<00:00, 260MB/s]SEEDBench2_Plus.tsv:  72%|███████▏  | 187M/258M [00:00<00:00, 266MB/s]SEEDBench2_Plus.tsv:  88%|████████▊ | 227M/258M [00:00<00:00, 306MB/s]SEEDBench2_Plus.tsv: 258MB [00:01, 243MB/s]                           
/root/storage/miniconda3/envs/vlmevalkit/lib/python3.10/site-packages/torch/distributed/c10d_logger.py:83: UserWarning: barrier(): using the device under current context. You can specify `device_id` in `init_process_group` to mute this warning.
  return func(*args, **kwargs)
[2026-06-12 09:08:22] INFO - vlmeval.__main__: {'nproc': 8, 'verbose': False, 'retry': 2, 'timeout': 900, 'temperature': 0, 'chat_template_kwargs': {'enable_thinking': False}, 'api_base': 'http://33.3.183.91:8000/v1/chat/completions', 'key': 'EMPTY', 'model': 'Qwen3.5-122B-A10B'}
/root/storage/miniconda3/envs/vlmevalkit/lib/python3.10/site-packages/torch/distributed/c10d_logger.py:83: UserWarning: barrier(): using the device under current context. You can specify `device_id` in `init_process_group` to mute this warning.
  return func(*args, **kwargs)
Infer Qwen2.5-VL-32B-Instruct/SEEDBench2_Plus, Rank 3/8:   0%|          | 0/285 [00:00<?, ?it/s]Infer Qwen2.5-VL-32B-Instruct/SEEDBench2_Plus, Rank 4/8:   0%|          | 0/285 [00:00<?, ?it/s]Infer Qwen2.5-VL-32B-Instruct/SEEDBench2_Plus, Rank 2/8:   0%|          | 0/285 [00:00<?, ?it/s]Infer Qwen2.5-VL-32B-Instruct/SEEDBench2_Plus, Rank 7/8:   0%|          | 0/284 [00:00<?, ?it/s]Infer Qwen2.5-VL-32B-Instruct/SEEDBench2_Plus, Rank 6/8:   0%|          | 0/284 [00:00<?, ?it/s]Infer Qwen2.5-VL-32B-Instruct/SEEDBench2_Plus, Rank 1/8:   0%|          | 0/285 [00:00<?, ?it/s]Infer Qwen2.5-VL-32B-Instruct/SEEDBench2_Plus, Rank 5/8:   0%|          | 0/284 [00:00<?, ?it/s]Infer Qwen2.5-VL-32B-Instruct/SEEDBench2_Plus, Rank 0/8:   0%|          | 0/285 [00:00<?, ?it/s]Infer Qwen2.5-VL-32B-Instruct/SEEDBench2_Plus, Rank 5/8:   0%|          | 1/284 [00:03<16:00,  3.40s/it]Infer Qwen2.5-VL-32B-Instruct/SEEDBench2_Plus, Rank 6/8:   0%|          | 1/284 [00:06<28:31,  6.05s/it]Infer Qwen2.5-VL-32B-Instruct/SEEDBench2_Plus, Rank 5/8:   1%|          | 2/284 [00:06<15:32,  3.31s/it]Infer Qwen2.5-VL-32B-Instruct/SEEDBench2_Plus, Rank 0/8:   0%|          | 1/285 [00:07<37:29,  7.92s/it]Infer Qwen2.5-VL-32B-Instruct/SEEDBench2_Plus, Rank 3/8:   0%|          | 1/285 [00:08<38:45,  8.19s/it]Infer Qwen2.5-VL-32B-Instruct/SEEDBench2_Plus, Rank 2/8:   0%|          | 1/285 [00:08<39:07,  8.27s/it]Infer Qwen2.5-VL-32B-Instruct/SEEDBench2_Plus, Rank 7/8:   0%|          | 1/284 [00:09<45:10,  9.58s/it]Infer Qwen2.5-VL-32B-Instruct/SEEDBench2_Plus, Rank 3/8:   1%|          | 2/285 [00:13<31:24,  6.66s/it]Infer Qwen2.5-VL-32B-Instruct/SEEDBench2_Plus, Rank 0/8:   1%|          | 2/285 [00:16<37:52,  8.03s/it]Infer Qwen2.5-VL-32B-Instruct/SEEDBench2_Plus, Rank 2/8:   1%|          | 2/285 [00:16<39:41,  8.42s/it]Infer Qwen2.5-VL-32B-Instruct/SEEDBench2_Plus, Rank 5/8:   1%|          | 3/284 [00:18<33:07,  7.07s/it]Infer Qwen2.5-VL-32B-Instruct/SEEDBench2_Plus, Rank 6/8:   1%|          | 2/284 [00:18<46:47,  9.96s/it]Infer Qwen2.5-VL-32B-Instruct/SEEDBench2_Plus, Rank 1/8:   0%|          | 1/285 [00:22<1:47:01, 22.61s/it]Infer Qwen2.5-VL-32B-Instruct/SEEDBench2_Plus, Rank 4/8:   0%|          | 1/285 [00:23<1:50:26, 23.33s/it]Infer Qwen2.5-VL-32B-Instruct/SEEDBench2_Plus, Rank 7/8:   1%|          | 2/284 [00:24<59:01, 12.56s/it]Infer Qwen2.5-VL-32B-Instruct/SEEDBench2_Plus, Rank 5/8:   1%|▏         | 4/284 [00:27<37:40,  8.07s/it]Infer Qwen2.5-VL-32B-Instruct/SEEDBench2_Plus, Rank 0/8:   1%|          | 3/285 [00:29<48:21, 10.29s/it]Infer Qwen2.5-VL-32B-Instruct/SEEDBench2_Plus, Rank 3/8:   1%|          | 3/285 [00:29<51:35, 10.98s/it]Infer Qwen2.5-VL-32B-Instruct/SEEDBench2_Plus, Rank 1/8:   1%|          | 2/285 [00:29<1:04:20, 13.64s/it]Infer Qwen2.5-VL-32B-Instruct/SEEDBench2_Plus, Rank 2/8:   1%|          | 3/285 [00:30<50:48, 10.81s/it]Infer Qwen2.5-VL-32B-Instruct/SEEDBench2_Plus, Rank 5/8:   2%|▏         | 5/284 [00:30<28:59,  6.24s/it]Infer Qwen2.5-VL-32B-Instruct/SEEDBench2_Plus, Rank 4/8:   1%|          | 2/285 [00:36<1:21:51, 17.36s/it]Infer Qwen2.5-VL-32B-Instruct/SEEDBench2_Plus, Rank 6/8:   1%|          | 3/284 [00:38<1:08:26, 14.61s/it]Infer Qwen2.5-VL-32B-Instruct/SEEDBench2_Plus, Rank 3/8:   1%|▏         | 4/285 [00:39<48:30, 10.36s/it]Infer Qwen2.5-VL-32B-Instruct/SEEDBench2_Plus, Rank 3/8:   2%|▏         | 5/285 [00:42<37:04,  7.94s/it]Infer Qwen2.5-VL-32B-Instruct/SEEDBench2_Plus, Rank 5/8:   2%|▏         | 6/284 [00:44<41:06,  8.87s/it]Infer Qwen2.5-VL-32B-Instruct/SEEDBench2_Plus, Rank 5/8:   2%|▏         | 7/284 [00:45<28:43,  6.22s/it]Infer Qwen2.5-VL-32B-Instruct/SEEDBench2_Plus, Rank 5/8:   3%|▎         | 8/284 [00:47<21:41,  4.71s/it]Infer Qwen2.5-VL-32B-Instruct/SEEDBench2_Plus, Rank 0/8:   1%|▏         | 4/285 [00:46<1:02:18, 13.30s/it]Infer Qwen2.5-VL-32B-Instruct/SEEDBench2_Plus, Rank 5/8:   3%|▎         | 9/284 [00:47<15:55,  3.48s/it]Infer Qwen2.5-VL-32B-Instruct/SEEDBench2_Plus, Rank 6/8:   1%|▏         | 4/284 [00:51<1:04:46, 13.88s/it]Infer Qwen2.5-VL-32B-Instruct/SEEDBench2_Plus, Rank 3/8:   2%|▏         | 6/285 [00:52<38:42,  8.32s/it]Infer Qwen2.5-VL-32B-Instruct/SEEDBench2_Plus, Rank 3/8:   2%|▏         | 7/285 [00:52<26:47,  5.78s/it]Infer Qwen2.5-VL-32B-Instruct/SEEDBench2_Plus, Rank 6/8:   2%|▏         | 5/284 [00:52<43:11,  9.29s/it]  Infer Qwen2.5-VL-32B-Instruct/SEEDBench2_Plus, Rank 0/8:   2%|▏         | 5/285 [00:52<49:46, 10.67s/it]  Infer Qwen2.5-VL-32B-Instruct/SEEDBench2_Plus, Rank 6/8:   2%|▏         | 6/284 [00:54<30:37,  6.61s/it]Infer Qwen2.5-VL-32B-Instruct/SEEDBench2_Plus, Rank 5/8:   4%|▎         | 10/284 [00:56<22:37,  4.95s/it]Infer Qwen2.5-VL-32B-Instruct/SEEDBench2_Plus, Rank 6/8:   2%|▏         | 7/284 [01:00<29:27,  6.38s/it]Infer Qwen2.5-VL-32B-Instruct/SEEDBench2_Plus, Rank 0/8:   2%|▏         | 6/285 [01:00<44:11,  9.50s/it]Infer Qwen2.5-VL-32B-Instruct/SEEDBench2_Plus, Rank 6/8:   3%|▎         | 8/284 [01:01<22:14,  4.83s/it]Infer Qwen2.5-VL-32B-Instruct/SEEDBench2_Plus, Rank 6/8:   3%|▎         | 9/284 [01:02<16:19,  3.56s/it]Infer Qwen2.5-VL-32B-Instruct/SEEDBench2_Plus, Rank 3/8:   3%|▎         | 8/285 [01:02<33:03,  7.16s/it]Infer Qwen2.5-VL-32B-Instruct/SEEDBench2_Plus, Rank 0/8:   2%|▏         | 7/285 [01:03<34:04,  7.35s/it]Infer Qwen2.5-VL-32B-Instruct/SEEDBench2_Plus, Rank 3/8:   3%|▎         | 9/285 [01:03<24:21,  5.29s/it]Infer Qwen2.5-VL-32B-Instruct/SEEDBench2_Plus, Rank 1/8:   1%|          | 3/285 [01:06<1:53:08, 24.07s/it]Infer Qwen2.5-VL-32B-Instruct/SEEDBench2_Plus, Rank 4/8:   1%|          | 3/285 [01:07<1:50:30, 23.51s/it]Infer Qwen2.5-VL-32B-Instruct/SEEDBench2_Plus, Rank 3/8:   4%|▎         | 10/285 [01:09<24:27,  5.34s/it]Infer Qwen2.5-VL-32B-Instruct/SEEDBench2_Plus, Rank 7/8:   1%|          | 3/284 [01:14<2:19:13, 29.73s/it]Infer Qwen2.5-VL-32B-Instruct/SEEDBench2_Plus, Rank 6/8:   4%|▎         | 10/284 [01:16<30:47,  6.74s/it]Infer Qwen2.5-VL-32B-Instruct/SEEDBench2_Plus, Rank 0/8:   3%|▎         | 8/285 [01:17<43:52,  9.50s/it]Infer Qwen2.5-VL-32B-Instruct/SEEDBench2_Plus, Rank 6/8:   4%|▍         | 11/284 [01:17<23:32,  5.17s/it]Infer Qwen2.5-VL-32B-Instruct/SEEDBench2_Plus, Rank 0/8:   3%|▎         | 9/285 [01:18<32:11,  7.00s/it]Infer Qwen2.5-VL-32B-Instruct/SEEDBench2_Plus, Rank 4/8:   1%|▏         | 4/285 [01:20<1:31:40, 19.57s/it]Infer Qwen2.5-VL-32B-Instruct/SEEDBench2_Plus, Rank 4/8:   2%|▏         | 5/285 [01:21<1:00:16, 12.91s/it]Infer Qwen2.5-VL-32B-Instruct/SEEDBench2_Plus, Rank 5/8:   4%|▍         | 11/284 [01:22<51:50, 11.39s/it]Infer Qwen2.5-VL-32B-Instruct/SEEDBench2_Plus, Rank 3/8:   4%|▍         | 11/285 [01:22<35:26,  7.76s/it]Infer Qwen2.5-VL-32B-Instruct/SEEDBench2_Plus, Rank 6/8:   4%|▍         | 12/284 [01:23<23:33,  5.20s/it]Infer Qwen2.5-VL-32B-Instruct/SEEDBench2_Plus, Rank 3/8:   4%|▍         | 12/285 [01:23<26:15,  5.77s/it]Infer Qwen2.5-VL-32B-Instruct/SEEDBench2_Plus, Rank 4/8:   2%|▏         | 6/285 [01:23<42:32,  9.15s/it]  Infer Qwen2.5-VL-32B-Instruct/SEEDBench2_Plus, Rank 4/8:   2%|▏         | 7/285 [01:24<30:06,  6.50s/it]Infer Qwen2.5-VL-32B-Instruct/SEEDBench2_Plus, Rank 5/8:   4%|▍         | 12/284 [01:26<42:28,  9.37s/it]Infer Qwen2.5-VL-32B-Instruct/SEEDBench2_Plus, Rank 7/8:   1%|▏         | 4/284 [01:26<1:47:06, 22.95s/it]Infer Qwen2.5-VL-32B-Instruct/SEEDBench2_Plus, Rank 7/8:   2%|▏         | 5/284 [01:28<1:10:25, 15.14s/it]Infer Qwen2.5-VL-32B-Instruct/SEEDBench2_Plus, Rank 3/8:   5%|▍         | 13/285 [01:28<24:45,  5.46s/it]Infer Qwen2.5-VL-32B-Instruct/SEEDBench2_Plus, Rank 4/8:   3%|▎         | 8/285 [01:28<26:02,  5.64s/it]Infer Qwen2.5-VL-32B-Instruct/SEEDBench2_Plus, Rank 4/8:   3%|▎         | 9/285 [01:29<19:05,  4.15s/it]Infer Qwen2.5-VL-32B-Instruct/SEEDBench2_Plus, Rank 7/8:   2%|▏         | 6/284 [01:29<48:53, 10.55s/it]  Infer Qwen2.5-VL-32B-Instruct/SEEDBench2_Plus, Rank 0/8:   4%|▎         | 10/285 [01:30<38:14,  8.34s/it]Infer Qwen2.5-VL-32B-Instruct/SEEDBench2_Plus, Rank 6/8:   5%|▍         | 13/284 [01:30<26:10,  5.80s/it]Infer Qwen2.5-VL-32B-Instruct/SEEDBench2_Plus, Rank 7/8:   2%|▏         | 7/284 [01:30<33:57,  7.36s/it]Infer Qwen2.5-VL-32B-Instruct/SEEDBench2_Plus, Rank 7/8:   3%|▎         | 8/284 [01:31<24:49,  5.40s/it]Infer Qwen2.5-VL-32B-Instruct/SEEDBench2_Plus, Rank 5/8:   5%|▍         | 13/284 [01:32<36:59,  8.19s/it]Infer Qwen2.5-VL-32B-Instruct/SEEDBench2_Plus, Rank 3/8:   5%|▍         | 14/285 [01:33<24:16,  5.38s/it]Infer Qwen2.5-VL-32B-Instruct/SEEDBench2_Plus, Rank 6/8:   5%|▍         | 14/284 [01:37<28:31,  6.34s/it]Infer Qwen2.5-VL-32B-Instruct/SEEDBench2_Plus, Rank 4/8:   4%|▎         | 10/285 [01:38<26:15,  5.73s/it]Infer Qwen2.5-VL-32B-Instruct/SEEDBench2_Plus, Rank 7/8:   3%|▎         | 9/284 [01:44<34:35,  7.55s/it]Infer Qwen2.5-VL-32B-Instruct/SEEDBench2_Plus, Rank 5/8:   5%|▍         | 14/284 [01:45<44:03,  9.79s/it]Infer Qwen2.5-VL-32B-Instruct/SEEDBench2_Plus, Rank 1/8:   1%|▏         | 4/285 [01:48<2:25:05, 30.98s/it]Infer Qwen2.5-VL-32B-Instruct/SEEDBench2_Plus, Rank 6/8:   5%|▌         | 15/284 [01:48<34:30,  7.70s/it]Infer Qwen2.5-VL-32B-Instruct/SEEDBench2_Plus, Rank 4/8:   4%|▍         | 11/285 [01:50<34:43,  7.60s/it]Infer Qwen2.5-VL-32B-Instruct/SEEDBench2_Plus, Rank 5/8:   5%|▌         | 15/284 [01:52<39:56,  8.91s/it]Infer Qwen2.5-VL-32B-Instruct/SEEDBench2_Plus, Rank 3/8:   5%|▌         | 15/285 [01:54<44:47,  9.95s/it]Infer Qwen2.5-VL-32B-Instruct/SEEDBench2_Plus, Rank 0/8:   4%|▍         | 11/285 [01:55<1:01:36, 13.49s/it]Infer Qwen2.5-VL-32B-Instruct/SEEDBench2_Plus, Rank 7/8:   4%|▎         | 10/284 [01:55<40:12,  8.81s/it]Infer Qwen2.5-VL-32B-Instruct/SEEDBench2_Plus, Rank 0/8:   4%|▍         | 12/285 [01:56<44:20,  9.74s/it]  Infer Qwen2.5-VL-32B-Instruct/SEEDBench2_Plus, Rank 6/8:   6%|▌         | 16/284 [01:58<37:42,  8.44s/it]Infer Qwen2.5-VL-32B-Instruct/SEEDBench2_Plus, Rank 4/8:   4%|▍         | 12/285 [02:00<37:33,  8.25s/it]Infer Qwen2.5-VL-32B-Instruct/SEEDBench2_Plus, Rank 4/8:   5%|▍         | 13/285 [02:01<27:41,  6.11s/it]Infer Qwen2.5-VL-32B-Instruct/SEEDBench2_Plus, Rank 7/8:   4%|▍         | 11/284 [02:02<37:05,  8.15s/it]Infer Qwen2.5-VL-32B-Instruct/SEEDBench2_Plus, Rank 4/8:   5%|▍         | 14/285 [02:02<20:43,  4.59s/it]Infer Qwen2.5-VL-32B-Instruct/SEEDBench2_Plus, Rank 0/8:   5%|▍         | 13/285 [02:03<40:26,  8.92s/it]Infer Qwen2.5-VL-32B-Instruct/SEEDBench2_Plus, Rank 4/8:   5%|▌         | 15/285 [02:04<17:00,  3.78s/it]Infer Qwen2.5-VL-32B-Instruct/SEEDBench2_Plus, Rank 1/8:   2%|▏         | 5/285 [02:05<2:02:37, 26.28s/it]Infer Qwen2.5-VL-32B-Instruct/SEEDBench2_Plus, Rank 1/8:   2%|▏         | 6/285 [02:06<1:21:40, 17.56s/it]Infer Qwen2.5-VL-32B-Instruct/SEEDBench2_Plus, Rank 5/8:   6%|▌         | 16/284 [02:06<47:08, 10.55s/it]Infer Qwen2.5-VL-32B-Instruct/SEEDBench2_Plus, Rank 4/8:   6%|▌         | 16/285 [02:07<15:51,  3.54s/it]Infer Qwen2.5-VL-32B-Instruct/SEEDBench2_Plus, Rank 0/8:   5%|▍         | 14/285 [02:08<35:30,  7.86s/it]Infer Qwen2.5-VL-32B-Instruct/SEEDBench2_Plus, Rank 1/8:   2%|▏         | 7/285 [02:09<58:40, 12.66s/it]  Infer Qwen2.5-VL-32B-Instruct/SEEDBench2_Plus, Rank 1/8:   3%|▎         | 8/285 [02:10<42:13,  9.15s/it]Infer Qwen2.5-VL-32B-Instruct/SEEDBench2_Plus, Rank 7/8:   4%|▍         | 12/284 [02:11<37:44,  8.33s/it]Infer Qwen2.5-VL-32B-Instruct/SEEDBench2_Plus, Rank 3/8:   6%|▌         | 16/285 [02:11<54:57, 12.26s/it]Infer Qwen2.5-VL-32B-Instruct/SEEDBench2_Plus, Rank 7/8:   5%|▍         | 13/284 [02:12<27:49,  6.16s/it]Infer Qwen2.5-VL-32B-Instruct/SEEDBench2_Plus, Rank 5/8:   6%|▌         | 17/284 [02:14<42:31,  9.55s/it]Infer Qwen2.5-VL-32B-Instruct/SEEDBench2_Plus, Rank 3/8:   6%|▌         | 17/285 [02:15<42:44,  9.57s/it]Infer Qwen2.5-VL-32B-Instruct/SEEDBench2_Plus, Rank 3/8:   6%|▋         | 18/285 [02:16<31:49,  7.15s/it]Infer Qwen2.5-VL-32B-Instruct/SEEDBench2_Plus, Rank 0/8:   5%|▌         | 15/285 [02:17<36:22,  8.08s/it]Infer Qwen2.5-VL-32B-Instruct/SEEDBench2_Plus, Rank 1/8:   3%|▎         | 9/285 [02:18<39:25,  8.57s/it]Infer Qwen2.5-VL-32B-Instruct/SEEDBench2_Plus, Rank 4/8:   6%|▌         | 17/285 [02:18<25:57,  5.81s/it]Infer Qwen2.5-VL-32B-Instruct/SEEDBench2_Plus, Rank 0/8:   6%|▌         | 16/285 [02:19<27:52,  6.22s/it]Infer Qwen2.5-VL-32B-Instruct/SEEDBench2_Plus, Rank 6/8:   6%|▌         | 17/284 [02:22<58:17, 13.10s/it]Infer Qwen2.5-VL-32B-Instruct/SEEDBench2_Plus, Rank 5/8:   6%|▋         | 18/284 [02:25<44:44, 10.09s/it]Infer Qwen2.5-VL-32B-Instruct/SEEDBench2_Plus, Rank 6/8:   6%|▋         | 18/284 [02:26<45:02, 10.16s/it]Infer Qwen2.5-VL-32B-Instruct/SEEDBench2_Plus, Rank 4/8:   6%|▋         | 18/285 [02:26<28:34,  6.42s/it]Infer Qwen2.5-VL-32B-Instruct/SEEDBench2_Plus, Rank 0/8:   6%|▌         | 17/285 [02:26<29:05,  6.51s/it]Infer Qwen2.5-VL-32B-Instruct/SEEDBench2_Plus, Rank 0/8:   6%|▋         | 18/285 [02:27<21:05,  4.74s/it]Infer Qwen2.5-VL-32B-Instruct/SEEDBench2_Plus, Rank 7/8:   5%|▍         | 14/284 [02:28<41:55,  9.32s/it]Infer Qwen2.5-VL-32B-Instruct/SEEDBench2_Plus, Rank 4/8:   7%|▋         | 19/285 [02:29<23:20,  5.26s/it]Infer Qwen2.5-VL-32B-Instruct/SEEDBench2_Plus, Rank 5/8:   7%|▋         | 19/284 [02:29<36:12,  8.20s/it]Infer Qwen2.5-VL-32B-Instruct/SEEDBench2_Plus, Rank 5/8:   7%|▋         | 20/284 [02:29<26:01,  5.91s/it]Infer Qwen2.5-VL-32B-Instruct/SEEDBench2_Plus, Rank 3/8:   7%|▋         | 19/285 [02:30<40:05,  9.04s/it]Infer Qwen2.5-VL-32B-Instruct/SEEDBench2_Plus, Rank 5/8:   7%|▋         | 21/284 [02:30<19:30,  4.45s/it]Infer Qwen2.5-VL-32B-Instruct/SEEDBench2_Plus, Rank 5/8:   8%|▊         | 22/284 [02:32<15:32,  3.56s/it]Infer Qwen2.5-VL-32B-Instruct/SEEDBench2_Plus, Rank 4/8:   7%|▋         | 20/285 [02:32<20:55,  4.74s/it]Infer Qwen2.5-VL-32B-Instruct/SEEDBench2_Plus, Rank 6/8:   7%|▋         | 19/284 [02:32<40:13,  9.11s/it]Infer Qwen2.5-VL-32B-Instruct/SEEDBench2_Plus, Rank 5/8:   8%|▊         | 23/284 [02:33<11:52,  2.73s/it]Infer Qwen2.5-VL-32B-Instruct/SEEDBench2_Plus, Rank 1/8:   4%|▎         | 10/285 [02:33<49:33, 10.81s/it]Infer Qwen2.5-VL-32B-Instruct/SEEDBench2_Plus, Rank 5/8:   8%|▊         | 24/284 [02:35<10:54,  2.52s/it]Infer Qwen2.5-VL-32B-Instruct/SEEDBench2_Plus, Rank 6/8:   7%|▋         | 20/284 [02:36<32:51,  7.47s/it]Infer Qwen2.5-VL-32B-Instruct/SEEDBench2_Plus, Rank 5/8:   9%|▉         | 25/284 [02:37<10:20,  2.40s/it]Infer Qwen2.5-VL-32B-Instruct/SEEDBench2_Plus, Rank 6/8:   7%|▋         | 21/284 [02:37<24:07,  5.50s/it]Infer Qwen2.5-VL-32B-Instruct/SEEDBench2_Plus, Rank 5/8:   9%|▉         | 26/284 [02:38<08:24,  1.96s/it]Infer Qwen2.5-VL-32B-Instruct/SEEDBench2_Plus, Rank 5/8:  10%|▉         | 27/284 [02:39<07:06,  1.66s/it]Infer Qwen2.5-VL-32B-Instruct/SEEDBench2_Plus, Rank 3/8:   7%|▋         | 20/285 [02:40<41:59,  9.51s/it]Infer Qwen2.5-VL-32B-Instruct/SEEDBench2_Plus, Rank 3/8:   7%|▋         | 21/285 [02:41<30:28,  6.92s/it]Infer Qwen2.5-VL-32B-Instruct/SEEDBench2_Plus, Rank 0/8:   7%|▋         | 19/285 [02:42<35:07,  7.92s/it]Infer Qwen2.5-VL-32B-Instruct/SEEDBench2_Plus, Rank 6/8:   8%|▊         | 22/284 [02:44<26:08,  5.99s/it]Infer Qwen2.5-VL-32B-Instruct/SEEDBench2_Plus, Rank 4/8:   7%|▋         | 21/285 [02:44<30:47,  7.00s/it]Infer Qwen2.5-VL-32B-Instruct/SEEDBench2_Plus, Rank 4/8:   8%|▊         | 22/285 [02:45<22:25,  5.12s/it]Infer Qwen2.5-VL-32B-Instruct/SEEDBench2_Plus, Rank 0/8:   7%|▋         | 20/285 [02:45<28:38,  6.49s/it]Infer Qwen2.5-VL-32B-Instruct/SEEDBench2_Plus, Rank 6/8:   8%|▊         | 23/284 [02:46<21:09,  4.86s/it]Infer Qwen2.5-VL-32B-Instruct/SEEDBench2_Plus, Rank 0/8:   7%|▋         | 21/285 [02:46<21:24,  4.87s/it]Infer Qwen2.5-VL-32B-Instruct/SEEDBench2_Plus, Rank 4/8:   8%|▊         | 23/285 [02:47<18:12,  4.17s/it]Infer Qwen2.5-VL-32B-Instruct/SEEDBench2_Plus, Rank 6/8:   8%|▊         | 24/284 [02:47<15:58,  3.69s/it]Infer Qwen2.5-VL-32B-Instruct/SEEDBench2_Plus, Rank 7/8:   5%|▌         | 15/284 [02:47<54:53, 12.25s/it]Infer Qwen2.5-VL-32B-Instruct/SEEDBench2_Plus, Rank 0/8:   8%|▊         | 22/285 [02:48<17:55,  4.09s/it]Infer Qwen2.5-VL-32B-Instruct/SEEDBench2_Plus, Rank 1/8:   4%|▍         | 11/285 [02:49<55:27, 12.14s/it]Infer Qwen2.5-VL-32B-Instruct/SEEDBench2_Plus, Rank 4/8:   8%|▊         | 24/285 [02:49<15:02,  3.46s/it]Infer Qwen2.5-VL-32B-Instruct/SEEDBench2_Plus, Rank 3/8:   8%|▊         | 22/285 [02:50<32:24,  7.39s/it]Infer Qwen2.5-VL-32B-Instruct/SEEDBench2_Plus, Rank 4/8:   9%|▉         | 25/285 [02:50<11:42,  2.70s/it]Infer Qwen2.5-VL-32B-Instruct/SEEDBench2_Plus, Rank 4/8:   9%|▉         | 26/285 [02:51<09:37,  2.23s/it]Infer Qwen2.5-VL-32B-Instruct/SEEDBench2_Plus, Rank 5/8:  10%|▉         | 28/284 [02:51<20:43,  4.86s/it]Infer Qwen2.5-VL-32B-Instruct/SEEDBench2_Plus, Rank 1/8:   4%|▍         | 12/285 [02:53<43:54,  9.65s/it]Infer Qwen2.5-VL-32B-Instruct/SEEDBench2_Plus, Rank 6/8:   9%|▉         | 25/284 [02:54<20:24,  4.73s/it]Infer Qwen2.5-VL-32B-Instruct/SEEDBench2_Plus, Rank 3/8:   8%|▊         | 23/285 [02:56<31:19,  7.17s/it]Infer Qwen2.5-VL-32B-Instruct/SEEDBench2_Plus, Rank 0/8:   8%|▊         | 23/285 [02:56<22:56,  5.25s/it]Infer Qwen2.5-VL-32B-Instruct/SEEDBench2_Plus, Rank 3/8:   8%|▊         | 24/285 [02:57<22:46,  5.24s/it]Infer Qwen2.5-VL-32B-Instruct/SEEDBench2_Plus, Rank 6/8:   9%|▉         | 26/284 [02:58<18:20,  4.26s/it]Infer Qwen2.5-VL-32B-Instruct/SEEDBench2_Plus, Rank 3/8:   9%|▉         | 25/285 [02:58<17:09,  3.96s/it]Infer Qwen2.5-VL-32B-Instruct/SEEDBench2_Plus, Rank 1/8:   5%|▍         | 13/285 [02:59<39:06,  8.63s/it]Infer Qwen2.5-VL-32B-Instruct/SEEDBench2_Plus, Rank 4/8:   9%|▉         | 27/285 [02:59<17:18,  4.02s/it]Infer Qwen2.5-VL-32B-Instruct/SEEDBench2_Plus, Rank 0/8:   8%|▊         | 24/285 [02:59<19:46,  4.55s/it]Infer Qwen2.5-VL-32B-Instruct/SEEDBench2_Plus, Rank 7/8:   6%|▌         | 16/284 [02:59<54:17, 12.15s/it]Infer Qwen2.5-VL-32B-Instruct/SEEDBench2_Plus, Rank 3/8:   9%|▉         | 26/285 [03:00<14:26,  3.34s/it]Infer Qwen2.5-VL-32B-Instruct/SEEDBench2_Plus, Rank 3/8:   9%|▉         | 27/285 [03:01<10:56,  2.54s/it]Infer Qwen2.5-VL-32B-Instruct/SEEDBench2_Plus, Rank 5/8:  10%|█         | 29/284 [03:02<28:51,  6.79s/it]Infer Qwen2.5-VL-32B-Instruct/SEEDBench2_Plus, Rank 5/8:  11%|█         | 30/284 [03:03<20:59,  4.96s/it]Infer Qwen2.5-VL-32B-Instruct/SEEDBench2_Plus, Rank 4/8:  10%|▉         | 28/285 [03:04<18:56,  4.42s/it]Infer Qwen2.5-VL-32B-Instruct/SEEDBench2_Plus, Rank 0/8:   9%|▉         | 25/285 [03:08<24:43,  5.70s/it]Infer Qwen2.5-VL-32B-Instruct/SEEDBench2_Plus, Rank 6/8:  10%|▉         | 27/284 [03:08<26:28,  6.18s/it]Infer Qwen2.5-VL-32B-Instruct/SEEDBench2_Plus, Rank 0/8:   9%|▉         | 26/285 [03:08<18:04,  4.19s/it]Infer Qwen2.5-VL-32B-Instruct/SEEDBench2_Plus, Rank 1/8:   5%|▍         | 14/285 [03:09<40:34,  8.98s/it]Infer Qwen2.5-VL-32B-Instruct/SEEDBench2_Plus, Rank 6/8:  10%|▉         | 28/284 [03:09<19:31,  4.57s/it]Infer Qwen2.5-VL-32B-Instruct/SEEDBench2_Plus, Rank 0/8:   9%|▉         | 27/285 [03:10<14:34,  3.39s/it]Infer Qwen2.5-VL-32B-Instruct/SEEDBench2_Plus, Rank 0/8:  10%|▉         | 28/285 [03:11<11:38,  2.72s/it]Infer Qwen2.5-VL-32B-Instruct/SEEDBench2_Plus, Rank 3/8:  10%|▉         | 28/285 [03:11<21:22,  4.99s/it]Infer Qwen2.5-VL-32B-Instruct/SEEDBench2_Plus, Rank 4/8:  10%|█         | 29/285 [03:11<22:01,  5.16s/it]Infer Qwen2.5-VL-32B-Instruct/SEEDBench2_Plus, Rank 1/8:   5%|▌         | 15/285 [03:12<32:08,  7.14s/it]Infer Qwen2.5-VL-32B-Instruct/SEEDBench2_Plus, Rank 7/8:   6%|▌         | 17/284 [03:12<54:42, 12.30s/it]Infer Qwen2.5-VL-32B-Instruct/SEEDBench2_Plus, Rank 0/8:  10%|█         | 29/285 [03:12<09:15,  2.17s/it]Infer Qwen2.5-VL-32B-Instruct/SEEDBench2_Plus, Rank 4/8:  11%|█         | 30/285 [03:12<16:20,  3.84s/it]Infer Qwen2.5-VL-32B-Instruct/SEEDBench2_Plus, Rank 5/8:  11%|█         | 31/284 [03:13<27:15,  6.46s/it]Infer Qwen2.5-VL-32B-Instruct/SEEDBench2_Plus, Rank 4/8:  11%|█         | 31/285 [03:13<12:39,  2.99s/it]Infer Qwen2.5-VL-32B-Instruct/SEEDBench2_Plus, Rank 7/8:   6%|▋         | 18/284 [03:13<39:49,  8.98s/it]Infer Qwen2.5-VL-32B-Instruct/SEEDBench2_Plus, Rank 1/8:   6%|▌         | 16/285 [03:17<29:59,  6.69s/it]Infer Qwen2.5-VL-32B-Instruct/SEEDBench2_Plus, Rank 3/8:  10%|█         | 29/285 [03:18<23:19,  5.47s/it]Infer Qwen2.5-VL-32B-Instruct/SEEDBench2_Plus, Rank 4/8:  11%|█         | 32/285 [03:20<17:02,  4.04s/it]Infer Qwen2.5-VL-32B-Instruct/SEEDBench2_Plus, Rank 5/8:  11%|█▏        | 32/284 [03:24<32:53,  7.83s/it]Infer Qwen2.5-VL-32B-Instruct/SEEDBench2_Plus, Rank 0/8:  11%|█         | 30/285 [03:26<24:06,  5.67s/it]Infer Qwen2.5-VL-32B-Instruct/SEEDBench2_Plus, Rank 5/8:  12%|█▏        | 33/284 [03:26<25:36,  6.12s/it]Infer Qwen2.5-VL-32B-Instruct/SEEDBench2_Plus, Rank 4/8:  12%|█▏        | 33/285 [03:28<22:51,  5.44s/it]Infer Qwen2.5-VL-32B-Instruct/SEEDBench2_Plus, Rank 6/8:  10%|█         | 29/284 [03:29<39:02,  9.18s/it]Infer Qwen2.5-VL-32B-Instruct/SEEDBench2_Plus, Rank 7/8:   7%|▋         | 19/284 [03:29<48:53, 11.07s/it]Infer Qwen2.5-VL-32B-Instruct/SEEDBench2_Plus, Rank 7/8:   7%|▋         | 20/284 [03:30<35:19,  8.03s/it]Infer Qwen2.5-VL-32B-Instruct/SEEDBench2_Plus, Rank 3/8:  11%|█         | 30/285 [03:31<32:45,  7.71s/it]Infer Qwen2.5-VL-32B-Instruct/SEEDBench2_Plus, Rank 1/8:   6%|▌         | 17/285 [03:31<40:03,  8.97s/it]Infer Qwen2.5-VL-32B-Instruct/SEEDBench2_Plus, Rank 3/8:  11%|█         | 31/285 [03:31<23:37,  5.58s/it]Infer Qwen2.5-VL-32B-Instruct/SEEDBench2_Plus, Rank 6/8:  11%|█         | 30/284 [03:32<30:31,  7.21s/it]Infer Qwen2.5-VL-32B-Instruct/SEEDBench2_Plus, Rank 6/8:  11%|█         | 31/284 [03:32<22:16,  5.28s/it]Infer Qwen2.5-VL-32B-Instruct/SEEDBench2_Plus, Rank 3/8:  11%|█         | 32/285 [03:33<18:16,  4.33s/it]Infer Qwen2.5-VL-32B-Instruct/SEEDBench2_Plus, Rank 6/8:  11%|█▏        | 32/284 [03:33<16:38,  3.96s/it]Infer Qwen2.5-VL-32B-Instruct/SEEDBench2_Plus, Rank 6/8:  12%|█▏        | 33/284 [03:36<14:47,  3.54s/it]Infer Qwen2.5-VL-32B-Instruct/SEEDBench2_Plus, Rank 7/8:   7%|▋         | 21/284 [03:37<33:01,  7.54s/it]Infer Qwen2.5-VL-32B-Instruct/SEEDBench2_Plus, Rank 1/8:   6%|▋         | 18/285 [03:38<36:50,  8.28s/it]Infer Qwen2.5-VL-32B-Instruct/SEEDBench2_Plus, Rank 7/8:   8%|▊         | 22/284 [03:38<25:04,  5.74s/it]Infer Qwen2.5-VL-32B-Instruct/SEEDBench2_Plus, Rank 1/8:   7%|▋         | 19/285 [03:40<27:58,  6.31s/it]Infer Qwen2.5-VL-32B-Instruct/SEEDBench2_Plus, Rank 7/8:   8%|▊         | 23/284 [03:41<21:42,  4.99s/it]Infer Qwen2.5-VL-32B-Instruct/SEEDBench2_Plus, Rank 4/8:  12%|█▏        | 34/285 [03:41<32:21,  7.73s/it]Infer Qwen2.5-VL-32B-Instruct/SEEDBench2_Plus, Rank 7/8:   8%|▊         | 24/284 [03:42<16:24,  3.79s/it]Infer Qwen2.5-VL-32B-Instruct/SEEDBench2_Plus, Rank 1/8:   7%|▋         | 20/285 [03:44<24:33,  5.56s/it]Infer Qwen2.5-VL-32B-Instruct/SEEDBench2_Plus, Rank 7/8:   9%|▉         | 25/284 [03:44<13:19,  3.09s/it]Infer Qwen2.5-VL-32B-Instruct/SEEDBench2_Plus, Rank 6/8:  12%|█▏        | 34/284 [03:44<20:22,  4.89s/it]Infer Qwen2.5-VL-32B-Instruct/SEEDBench2_Plus, Rank 0/8:  11%|█         | 31/285 [03:44<39:52,  9.42s/it]Infer Qwen2.5-VL-32B-Instruct/SEEDBench2_Plus, Rank 7/8:   9%|▉         | 26/284 [03:45<10:23,  2.42s/it]Infer Qwen2.5-VL-32B-Instruct/SEEDBench2_Plus, Rank 0/8:  11%|█         | 32/285 [03:45<29:05,  6.90s/it]Infer Qwen2.5-VL-32B-Instruct/SEEDBench2_Plus, Rank 5/8:  12%|█▏        | 34/284 [03:47<43:46, 10.51s/it]Infer Qwen2.5-VL-32B-Instruct/SEEDBench2_Plus, Rank 1/8:   7%|▋         | 21/285 [03:49<23:38,  5.37s/it]Infer Qwen2.5-VL-32B-Instruct/SEEDBench2_Plus, Rank 3/8:  12%|█▏        | 33/285 [03:49<32:52,  7.83s/it]Infer Qwen2.5-VL-32B-Instruct/SEEDBench2_Plus, Rank 3/8:  12%|█▏        | 34/285 [03:49<23:43,  5.67s/it]Infer Qwen2.5-VL-32B-Instruct/SEEDBench2_Plus, Rank 1/8:   8%|▊         | 22/285 [03:50<18:01,  4.11s/it]Infer Qwen2.5-VL-32B-Instruct/SEEDBench2_Plus, Rank 7/8:  10%|▉         | 27/284 [03:50<14:15,  3.33s/it]Infer Qwen2.5-VL-32B-Instruct/SEEDBench2_Plus, Rank 4/8:  12%|█▏        | 35/285 [03:51<34:39,  8.32s/it]Infer Qwen2.5-VL-32B-Instruct/SEEDBench2_Plus, Rank 7/8:  10%|▉         | 28/284 [03:53<14:08,  3.32s/it]Infer Qwen2.5-VL-32B-Instruct/SEEDBench2_Plus, Rank 6/8:  12%|█▏        | 35/284 [03:54<26:42,  6.44s/it]Infer Qwen2.5-VL-32B-Instruct/SEEDBench2_Plus, Rank 7/8:  10%|█         | 29/284 [03:54<10:52,  2.56s/it]Infer Qwen2.5-VL-32B-Instruct/SEEDBench2_Plus, Rank 6/8:  13%|█▎        | 36/284 [03:55<19:26,  4.70s/it]Infer Qwen2.5-VL-32B-Instruct/SEEDBench2_Plus, Rank 0/8:  12%|█▏        | 33/285 [03:55<32:49,  7.81s/it]Infer Qwen2.5-VL-32B-Instruct/SEEDBench2_Plus, Rank 5/8:  12%|█▏        | 35/284 [03:55<41:09,  9.92s/it]Infer Qwen2.5-VL-32B-Instruct/SEEDBench2_Plus, Rank 0/8:  12%|█▏        | 34/285 [03:57<25:37,  6.12s/it]Infer Qwen2.5-VL-32B-Instruct/SEEDBench2_Plus, Rank 3/8:  12%|█▏        | 35/285 [03:58<27:18,  6.55s/it]Infer Qwen2.5-VL-32B-Instruct/SEEDBench2_Plus, Rank 3/8:  13%|█▎        | 36/285 [03:59<19:55,  4.80s/it]Infer Qwen2.5-VL-32B-Instruct/SEEDBench2_Plus, Rank 3/8:  13%|█▎        | 37/285 [04:00<15:18,  3.70s/it]Infer Qwen2.5-VL-32B-Instruct/SEEDBench2_Plus, Rank 4/8:  13%|█▎        | 36/285 [04:01<36:51,  8.88s/it]Infer Qwen2.5-VL-32B-Instruct/SEEDBench2_Plus, Rank 4/8:  13%|█▎        | 37/285 [04:02<26:35,  6.43s/it]Infer Qwen2.5-VL-32B-Instruct/SEEDBench2_Plus, Rank 4/8:  13%|█▎        | 38/285 [04:03<19:19,  4.70s/it]Infer Qwen2.5-VL-32B-Instruct/SEEDBench2_Plus, Rank 5/8:  13%|█▎        | 36/284 [04:03<37:59,  9.19s/it]Infer Qwen2.5-VL-32B-Instruct/SEEDBench2_Plus, Rank 3/8:  13%|█▎        | 38/285 [04:03<14:31,  3.53s/it]Infer Qwen2.5-VL-32B-Instruct/SEEDBench2_Plus, Rank 4/8:  14%|█▎        | 39/285 [04:04<14:35,  3.56s/it]Infer Qwen2.5-VL-32B-Instruct/SEEDBench2_Plus, Rank 5/8:  13%|█▎        | 37/284 [04:04<27:09,  6.60s/it]Infer Qwen2.5-VL-32B-Instruct/SEEDBench2_Plus, Rank 3/8:  14%|█▎        | 39/285 [04:04<10:49,  2.64s/it]Infer Qwen2.5-VL-32B-Instruct/SEEDBench2_Plus, Rank 1/8:   8%|▊         | 23/285 [04:04<30:47,  7.05s/it]Infer Qwen2.5-VL-32B-Instruct/SEEDBench2_Plus, Rank 6/8:  13%|█▎        | 37/284 [04:04<25:00,  6.07s/it]Infer Qwen2.5-VL-32B-Instruct/SEEDBench2_Plus, Rank 3/8:  14%|█▍        | 40/285 [04:04<08:26,  2.07s/it]Infer Qwen2.5-VL-32B-Instruct/SEEDBench2_Plus, Rank 5/8:  13%|█▎        | 38/284 [04:05<20:22,  4.97s/it]Infer Qwen2.5-VL-32B-Instruct/SEEDBench2_Plus, Rank 5/8:  14%|█▎        | 39/284 [04:05<14:55,  3.65s/it]Infer Qwen2.5-VL-32B-Instruct/SEEDBench2_Plus, Rank 1/8:   8%|▊         | 24/285 [04:06<24:55,  5.73s/it]Infer Qwen2.5-VL-32B-Instruct/SEEDBench2_Plus, Rank 0/8:  12%|█▏        | 35/285 [04:06<29:16,  7.02s/it]Infer Qwen2.5-VL-32B-Instruct/SEEDBench2_Plus, Rank 1/8:   9%|▉         | 25/285 [04:09<20:26,  4.72s/it]Infer Qwen2.5-VL-32B-Instruct/SEEDBench2_Plus, Rank 2/8:   1%|▏         | 4/285 [04:10<7:17:46, 93.47s/it]Infer Qwen2.5-VL-32B-Instruct/SEEDBench2_Plus, Rank 0/8:  13%|█▎        | 36/285 [04:10<25:17,  6.09s/it]Infer Qwen2.5-VL-32B-Instruct/SEEDBench2_Plus, Rank 1/8:   9%|▉         | 26/285 [04:11<16:57,  3.93s/it]Infer Qwen2.5-VL-32B-Instruct/SEEDBench2_Plus, Rank 1/8:   9%|▉         | 27/285 [04:12<13:37,  3.17s/it]Infer Qwen2.5-VL-32B-Instruct/SEEDBench2_Plus, Rank 5/8:  14%|█▍        | 40/284 [04:12<18:52,  4.64s/it]Infer Qwen2.5-VL-32B-Instruct/SEEDBench2_Plus, Rank 7/8:  11%|█         | 30/284 [04:12<30:29,  7.20s/it]Infer Qwen2.5-VL-32B-Instruct/SEEDBench2_Plus, Rank 3/8:  14%|█▍        | 41/285 [04:13<15:56,  3.92s/it]Infer Qwen2.5-VL-32B-Instruct/SEEDBench2_Plus, Rank 6/8:  13%|█▎        | 38/284 [04:13<28:41,  7.00s/it]Infer Qwen2.5-VL-32B-Instruct/SEEDBench2_Plus, Rank 6/8:  14%|█▎        | 39/284 [04:14<20:44,  5.08s/it]Infer Qwen2.5-VL-32B-Instruct/SEEDBench2_Plus, Rank 3/8:  15%|█▍        | 42/285 [04:14<12:49,  3.17s/it]Infer Qwen2.5-VL-32B-Instruct/SEEDBench2_Plus, Rank 2/8:   2%|▏         | 5/285 [04:15<4:47:43, 61.66s/it]Infer Qwen2.5-VL-32B-Instruct/SEEDBench2_Plus, Rank 4/8:  14%|█▍        | 40/285 [04:16<25:22,  6.22s/it]Infer Qwen2.5-VL-32B-Instruct/SEEDBench2_Plus, Rank 7/8:  11%|█         | 31/284 [04:17<26:58,  6.40s/it]Infer Qwen2.5-VL-32B-Instruct/SEEDBench2_Plus, Rank 2/8:   2%|▏         | 6/285 [04:17<3:11:26, 41.17s/it]Infer Qwen2.5-VL-32B-Instruct/SEEDBench2_Plus, Rank 0/8:  13%|█▎        | 37/285 [04:18<26:49,  6.49s/it]Infer Qwen2.5-VL-32B-Instruct/SEEDBench2_Plus, Rank 2/8:   2%|▏         | 7/285 [04:18<2:09:50, 28.02s/it]Infer Qwen2.5-VL-32B-Instruct/SEEDBench2_Plus, Rank 2/8:   3%|▎         | 8/285 [04:19<1:29:22, 19.36s/it]Infer Qwen2.5-VL-32B-Instruct/SEEDBench2_Plus, Rank 4/8:  14%|█▍        | 41/285 [04:19<21:39,  5.33s/it]Infer Qwen2.5-VL-32B-Instruct/SEEDBench2_Plus, Rank 2/8:   3%|▎         | 9/285 [04:20<1:03:08, 13.72s/it]Infer Qwen2.5-VL-32B-Instruct/SEEDBench2_Plus, Rank 1/8:  10%|▉         | 28/285 [04:22<21:59,  5.13s/it]Infer Qwen2.5-VL-32B-Instruct/SEEDBench2_Plus, Rank 6/8:  14%|█▍        | 40/284 [04:23<25:27,  6.26s/it]Infer Qwen2.5-VL-32B-Instruct/SEEDBench2_Plus, Rank 4/8:  15%|█▍        | 42/285 [04:24<20:50,  5.15s/it]Infer Qwen2.5-VL-32B-Instruct/SEEDBench2_Plus, Rank 4/8:  15%|█▌        | 43/285 [04:25<15:53,  3.94s/it]Infer Qwen2.5-VL-32B-Instruct/SEEDBench2_Plus, Rank 5/8:  14%|█▍        | 41/284 [04:26<30:08,  7.44s/it]Infer Qwen2.5-VL-32B-Instruct/SEEDBench2_Plus, Rank 0/8:  13%|█▎        | 38/285 [04:27<29:59,  7.28s/it]Infer Qwen2.5-VL-32B-Instruct/SEEDBench2_Plus, Rank 5/8:  15%|█▍        | 42/284 [04:27<22:04,  5.47s/it]Infer Qwen2.5-VL-32B-Instruct/SEEDBench2_Plus, Rank 0/8:  14%|█▎        | 39/285 [04:28<21:59,  5.37s/it]Infer Qwen2.5-VL-32B-Instruct/SEEDBench2_Plus, Rank 7/8:  11%|█▏        | 32/284 [04:28<32:58,  7.85s/it]Infer Qwen2.5-VL-32B-Instruct/SEEDBench2_Plus, Rank 5/8:  15%|█▌        | 43/284 [04:28<16:37,  4.14s/it]Infer Qwen2.5-VL-32B-Instruct/SEEDBench2_Plus, Rank 0/8:  14%|█▍        | 40/285 [04:28<16:15,  3.98s/it]Infer Qwen2.5-VL-32B-Instruct/SEEDBench2_Plus, Rank 2/8:   4%|▎         | 10/285 [04:29<56:43, 12.38s/it] Infer Qwen2.5-VL-32B-Instruct/SEEDBench2_Plus, Rank 4/8:  15%|█▌        | 44/285 [04:30<17:01,  4.24s/it]Infer Qwen2.5-VL-32B-Instruct/SEEDBench2_Plus, Rank 3/8:  15%|█▌        | 43/285 [04:30<28:18,  7.02s/it]Infer Qwen2.5-VL-32B-Instruct/SEEDBench2_Plus, Rank 6/8:  14%|█▍        | 41/284 [04:31<28:02,  6.92s/it]Infer Qwen2.5-VL-32B-Instruct/SEEDBench2_Plus, Rank 5/8:  15%|█▌        | 44/284 [04:32<16:07,  4.03s/it]Infer Qwen2.5-VL-32B-Instruct/SEEDBench2_Plus, Rank 6/8:  15%|█▍        | 42/284 [04:32<21:07,  5.24s/it]Infer Qwen2.5-VL-32B-Instruct/SEEDBench2_Plus, Rank 3/8:  15%|█▌        | 44/285 [04:34<24:51,  6.19s/it]Infer Qwen2.5-VL-32B-Instruct/SEEDBench2_Plus, Rank 3/8:  16%|█▌        | 45/285 [04:36<19:09,  4.79s/it]Infer Qwen2.5-VL-32B-Instruct/SEEDBench2_Plus, Rank 0/8:  14%|█▍        | 41/285 [04:36<20:47,  5.11s/it]Infer Qwen2.5-VL-32B-Instruct/SEEDBench2_Plus, Rank 4/8:  16%|█▌        | 45/285 [04:38<21:29,  5.37s/it]Infer Qwen2.5-VL-32B-Instruct/SEEDBench2_Plus, Rank 1/8:  10%|█         | 29/285 [04:38<36:28,  8.55s/it]Infer Qwen2.5-VL-32B-Instruct/SEEDBench2_Plus, Rank 5/8:  16%|█▌        | 45/284 [04:39<19:11,  4.82s/it]Infer Qwen2.5-VL-32B-Instruct/SEEDBench2_Plus, Rank 4/8:  16%|█▌        | 46/285 [04:39<16:35,  4.16s/it]Infer Qwen2.5-VL-32B-Instruct/SEEDBench2_Plus, Rank 3/8:  16%|█▌        | 46/285 [04:39<17:37,  4.42s/it]Infer Qwen2.5-VL-32B-Instruct/SEEDBench2_Plus, Rank 6/8:  15%|█▌        | 43/284 [04:39<23:13,  5.78s/it]Infer Qwen2.5-VL-32B-Instruct/SEEDBench2_Plus, Rank 5/8:  16%|█▌        | 46/284 [04:40<14:48,  3.73s/it]Infer Qwen2.5-VL-32B-Instruct/SEEDBench2_Plus, Rank 7/8:  12%|█▏        | 33/284 [04:40<37:48,  9.04s/it]Infer Qwen2.5-VL-32B-Instruct/SEEDBench2_Plus, Rank 4/8:  16%|█▋        | 47/285 [04:40<12:40,  3.19s/it]Infer Qwen2.5-VL-32B-Instruct/SEEDBench2_Plus, Rank 4/8:  17%|█▋        | 48/285 [04:41<09:28,  2.40s/it]Infer Qwen2.5-VL-32B-Instruct/SEEDBench2_Plus, Rank 5/8:  17%|█▋        | 47/284 [04:41<11:40,  2.95s/it]Infer Qwen2.5-VL-32B-Instruct/SEEDBench2_Plus, Rank 4/8:  17%|█▋        | 49/285 [04:42<08:28,  2.15s/it]Infer Qwen2.5-VL-32B-Instruct/SEEDBench2_Plus, Rank 4/8:  18%|█▊        | 50/285 [04:43<06:43,  1.72s/it]Infer Qwen2.5-VL-32B-Instruct/SEEDBench2_Plus, Rank 0/8:  15%|█▍        | 42/285 [04:45<24:56,  6.16s/it]Infer Qwen2.5-VL-32B-Instruct/SEEDBench2_Plus, Rank 5/8:  17%|█▋        | 48/284 [04:46<14:04,  3.58s/it]Infer Qwen2.5-VL-32B-Instruct/SEEDBench2_Plus, Rank 3/8:  16%|█▋        | 47/285 [04:46<20:23,  5.14s/it]Infer Qwen2.5-VL-32B-Instruct/SEEDBench2_Plus, Rank 3/8:  17%|█▋        | 48/285 [04:47<15:08,  3.83s/it]Infer Qwen2.5-VL-32B-Instruct/SEEDBench2_Plus, Rank 3/8:  17%|█▋        | 49/285 [04:48<11:18,  2.88s/it]Infer Qwen2.5-VL-32B-Instruct/SEEDBench2_Plus, Rank 5/8:  17%|█▋        | 49/284 [04:48<11:55,  3.05s/it]Infer Qwen2.5-VL-32B-Instruct/SEEDBench2_Plus, Rank 6/8:  15%|█▌        | 44/284 [04:49<27:12,  6.80s/it]Infer Qwen2.5-VL-32B-Instruct/SEEDBench2_Plus, Rank 5/8:  18%|█▊        | 50/284 [04:49<09:20,  2.40s/it]Infer Qwen2.5-VL-32B-Instruct/SEEDBench2_Plus, Rank 5/8:  18%|█▊        | 51/284 [04:50<07:52,  2.03s/it]Infer Qwen2.5-VL-32B-Instruct/SEEDBench2_Plus, Rank 3/8:  18%|█▊        | 50/285 [04:50<10:25,  2.66s/it]Infer Qwen2.5-VL-32B-Instruct/SEEDBench2_Plus, Rank 4/8:  18%|█▊        | 51/285 [04:50<12:35,  3.23s/it]Infer Qwen2.5-VL-32B-Instruct/SEEDBench2_Plus, Rank 6/8:  16%|█▌        | 45/284 [04:50<20:54,  5.25s/it]Infer Qwen2.5-VL-32B-Instruct/SEEDBench2_Plus, Rank 4/8:  18%|█▊        | 52/285 [04:51<09:45,  2.51s/it]Infer Qwen2.5-VL-32B-Instruct/SEEDBench2_Plus, Rank 5/8:  18%|█▊        | 52/284 [04:51<06:49,  1.77s/it]Infer Qwen2.5-VL-32B-Instruct/SEEDBench2_Plus, Rank 2/8:   4%|▍         | 11/285 [04:51<1:09:34, 15.23s/it]Infer Qwen2.5-VL-32B-Instruct/SEEDBench2_Plus, Rank 3/8:  18%|█▊        | 51/285 [04:51<08:48,  2.26s/it]Infer Qwen2.5-VL-32B-Instruct/SEEDBench2_Plus, Rank 7/8:  12%|█▏        | 34/284 [04:51<40:28,  9.71s/it]Infer Qwen2.5-VL-32B-Instruct/SEEDBench2_Plus, Rank 6/8:  16%|█▌        | 46/284 [04:51<15:52,  4.00s/it]Infer Qwen2.5-VL-32B-Instruct/SEEDBench2_Plus, Rank 7/8:  12%|█▏        | 35/284 [04:52<29:32,  7.12s/it]Infer Qwen2.5-VL-32B-Instruct/SEEDBench2_Plus, Rank 3/8:  18%|█▊        | 52/285 [04:52<07:23,  1.90s/it]Infer Qwen2.5-VL-32B-Instruct/SEEDBench2_Plus, Rank 3/8:  19%|█▊        | 53/285 [04:53<06:16,  1.62s/it]Infer Qwen2.5-VL-32B-Instruct/SEEDBench2_Plus, Rank 1/8:  11%|█         | 30/285 [04:55<46:37, 10.97s/it]Infer Qwen2.5-VL-32B-Instruct/SEEDBench2_Plus, Rank 1/8:  11%|█         | 31/285 [04:56<33:19,  7.87s/it]Infer Qwen2.5-VL-32B-Instruct/SEEDBench2_Plus, Rank 4/8:  19%|█▊        | 53/285 [04:56<12:59,  3.36s/it]Infer Qwen2.5-VL-32B-Instruct/SEEDBench2_Plus, Rank 2/8:   4%|▍         | 12/285 [04:56<55:23, 12.17s/it]  Infer Qwen2.5-VL-32B-Instruct/SEEDBench2_Plus, Rank 4/8:  19%|█▉        | 54/285 [04:57<09:44,  2.53s/it]Infer Qwen2.5-VL-32B-Instruct/SEEDBench2_Plus, Rank 3/8:  19%|█▉        | 54/285 [04:59<10:53,  2.83s/it]Infer Qwen2.5-VL-32B-Instruct/SEEDBench2_Plus, Rank 5/8:  19%|█▊        | 53/284 [04:59<13:51,  3.60s/it]Infer Qwen2.5-VL-32B-Instruct/SEEDBench2_Plus, Rank 2/8:   5%|▍         | 13/285 [05:01<45:05,  9.95s/it]Infer Qwen2.5-VL-32B-Instruct/SEEDBench2_Plus, Rank 5/8:  19%|█▉        | 54/284 [05:01<12:08,  3.17s/it]Infer Qwen2.5-VL-32B-Instruct/SEEDBench2_Plus, Rank 7/8:  13%|█▎        | 36/284 [05:02<32:42,  7.91s/it]Infer Qwen2.5-VL-32B-Instruct/SEEDBench2_Plus, Rank 7/8:  13%|█▎        | 37/284 [05:03<24:28,  5.94s/it]Infer Qwen2.5-VL-32B-Instruct/SEEDBench2_Plus, Rank 6/8:  17%|█▋        | 47/284 [05:06<28:20,  7.18s/it]Infer Qwen2.5-VL-32B-Instruct/SEEDBench2_Plus, Rank 6/8:  17%|█▋        | 48/284 [05:07<21:06,  5.37s/it]Infer Qwen2.5-VL-32B-Instruct/SEEDBench2_Plus, Rank 7/8:  13%|█▎        | 38/284 [05:08<23:18,  5.68s/it]Infer Qwen2.5-VL-32B-Instruct/SEEDBench2_Plus, Rank 0/8:  15%|█▌        | 43/285 [05:08<46:08, 11.44s/it]Infer Qwen2.5-VL-32B-Instruct/SEEDBench2_Plus, Rank 7/8:  14%|█▎        | 39/284 [05:09<17:00,  4.17s/it]Infer Qwen2.5-VL-32B-Instruct/SEEDBench2_Plus, Rank 2/8:   5%|▍         | 14/285 [05:09<42:36,  9.43s/it]Infer Qwen2.5-VL-32B-Instruct/SEEDBench2_Plus, Rank 6/8:  17%|█▋        | 49/284 [05:12<20:57,  5.35s/it]Infer Qwen2.5-VL-32B-Instruct/SEEDBench2_Plus, Rank 3/8:  19%|█▉        | 55/285 [05:13<23:42,  6.18s/it]Infer Qwen2.5-VL-32B-Instruct/SEEDBench2_Plus, Rank 7/8:  14%|█▍        | 40/284 [05:13<16:31,  4.06s/it]Infer Qwen2.5-VL-32B-Instruct/SEEDBench2_Plus, Rank 6/8:  18%|█▊        | 50/284 [05:13<15:44,  4.04s/it]Infer Qwen2.5-VL-32B-Instruct/SEEDBench2_Plus, Rank 6/8:  18%|█▊        | 51/284 [05:14<11:49,  3.04s/it]Infer Qwen2.5-VL-32B-Instruct/SEEDBench2_Plus, Rank 7/8:  14%|█▍        | 41/284 [05:15<14:18,  3.53s/it]Infer Qwen2.5-VL-32B-Instruct/SEEDBench2_Plus, Rank 6/8:  18%|█▊        | 52/284 [05:16<10:20,  2.67s/it]Infer Qwen2.5-VL-32B-Instruct/SEEDBench2_Plus, Rank 7/8:  15%|█▍        | 42/284 [05:16<11:04,  2.75s/it]Infer Qwen2.5-VL-32B-Instruct/SEEDBench2_Plus, Rank 6/8:  19%|█▊        | 53/284 [05:16<07:57,  2.07s/it]Infer Qwen2.5-VL-32B-Instruct/SEEDBench2_Plus, Rank 1/8:  11%|█         | 32/285 [05:17<49:50, 11.82s/it]Infer Qwen2.5-VL-32B-Instruct/SEEDBench2_Plus, Rank 7/8:  15%|█▌        | 43/284 [05:17<09:03,  2.26s/it]Infer Qwen2.5-VL-32B-Instruct/SEEDBench2_Plus, Rank 0/8:  15%|█▌        | 44/285 [05:18<43:32, 10.84s/it]Infer Qwen2.5-VL-32B-Instruct/SEEDBench2_Plus, Rank 7/8:  15%|█▌        | 44/284 [05:18<07:30,  1.88s/it]Infer Qwen2.5-VL-32B-Instruct/SEEDBench2_Plus, Rank 4/8:  19%|█▉        | 55/285 [05:18<31:42,  8.27s/it]Infer Qwen2.5-VL-32B-Instruct/SEEDBench2_Plus, Rank 1/8:  12%|█▏        | 33/285 [05:19<37:17,  8.88s/it]Infer Qwen2.5-VL-32B-Instruct/SEEDBench2_Plus, Rank 0/8:  16%|█▌        | 45/285 [05:19<31:39,  7.92s/it]Infer Qwen2.5-VL-32B-Instruct/SEEDBench2_Plus, Rank 0/8:  16%|█▌        | 46/285 [05:20<23:44,  5.96s/it]Infer Qwen2.5-VL-32B-Instruct/SEEDBench2_Plus, Rank 7/8:  16%|█▌        | 45/284 [05:21<09:04,  2.28s/it]Infer Qwen2.5-VL-32B-Instruct/SEEDBench2_Plus, Rank 5/8:  19%|█▉        | 55/284 [05:22<32:23,  8.48s/it]Infer Qwen2.5-VL-32B-Instruct/SEEDBench2_Plus, Rank 7/8:  16%|█▌        | 46/284 [05:22<07:24,  1.87s/it]Infer Qwen2.5-VL-32B-Instruct/SEEDBench2_Plus, Rank 2/8:   5%|▌         | 15/285 [05:25<50:41, 11.27s/it]Infer Qwen2.5-VL-32B-Instruct/SEEDBench2_Plus, Rank 3/8:  20%|█▉        | 56/285 [05:25<30:15,  7.93s/it]Infer Qwen2.5-VL-32B-Instruct/SEEDBench2_Plus, Rank 7/8:  17%|█▋        | 47/284 [05:26<09:09,  2.32s/it]Infer Qwen2.5-VL-32B-Instruct/SEEDBench2_Plus, Rank 3/8:  20%|██        | 57/285 [05:26<22:13,  5.85s/it]Infer Qwen2.5-VL-32B-Instruct/SEEDBench2_Plus, Rank 3/8:  20%|██        | 58/285 [05:27<16:30,  4.36s/it]Infer Qwen2.5-VL-32B-Instruct/SEEDBench2_Plus, Rank 7/8:  17%|█▋        | 48/284 [05:27<07:53,  2.01s/it]Infer Qwen2.5-VL-32B-Instruct/SEEDBench2_Plus, Rank 7/8:  17%|█▋        | 49/284 [05:28<06:51,  1.75s/it]Infer Qwen2.5-VL-32B-Instruct/SEEDBench2_Plus, Rank 4/8:  20%|█▉        | 56/285 [05:29<33:49,  8.86s/it]Infer Qwen2.5-VL-32B-Instruct/SEEDBench2_Plus, Rank 6/8:  19%|█▉        | 54/284 [05:29<19:37,  5.12s/it]Infer Qwen2.5-VL-32B-Instruct/SEEDBench2_Plus, Rank 7/8:  18%|█▊        | 50/284 [05:29<06:05,  1.56s/it]Infer Qwen2.5-VL-32B-Instruct/SEEDBench2_Plus, Rank 1/8:  12%|█▏        | 34/285 [05:30<40:09,  9.60s/it]Infer Qwen2.5-VL-32B-Instruct/SEEDBench2_Plus, Rank 2/8:   6%|▌         | 16/285 [05:30<42:26,  9.47s/it]Infer Qwen2.5-VL-32B-Instruct/SEEDBench2_Plus, Rank 7/8:  18%|█▊        | 51/284 [05:31<06:23,  1.65s/it]Infer Qwen2.5-VL-32B-Instruct/SEEDBench2_Plus, Rank 1/8:  12%|█▏        | 35/285 [05:31<29:55,  7.18s/it]Infer Qwen2.5-VL-32B-Instruct/SEEDBench2_Plus, Rank 1/8:  13%|█▎        | 36/285 [05:32<21:43,  5.23s/it]Infer Qwen2.5-VL-32B-Instruct/SEEDBench2_Plus, Rank 2/8:   6%|▌         | 17/285 [05:32<32:47,  7.34s/it]Infer Qwen2.5-VL-32B-Instruct/SEEDBench2_Plus, Rank 7/8:  18%|█▊        | 52/284 [05:33<06:28,  1.68s/it]Infer Qwen2.5-VL-32B-Instruct/SEEDBench2_Plus, Rank 1/8:  13%|█▎        | 37/285 [05:33<16:24,  3.97s/it]Infer Qwen2.5-VL-32B-Instruct/SEEDBench2_Plus, Rank 7/8:  19%|█▊        | 53/284 [05:33<05:16,  1.37s/it]Infer Qwen2.5-VL-32B-Instruct/SEEDBench2_Plus, Rank 0/8:  16%|█▋        | 47/285 [05:34<32:17,  8.14s/it]Infer Qwen2.5-VL-32B-Instruct/SEEDBench2_Plus, Rank 1/8:  13%|█▎        | 38/285 [05:34<12:11,  2.96s/it]Infer Qwen2.5-VL-32B-Instruct/SEEDBench2_Plus, Rank 1/8:  14%|█▎        | 39/285 [05:34<09:16,  2.26s/it]Infer Qwen2.5-VL-32B-Instruct/SEEDBench2_Plus, Rank 1/8:  14%|█▍        | 40/285 [05:35<07:13,  1.77s/it]Infer Qwen2.5-VL-32B-Instruct/SEEDBench2_Plus, Rank 7/8:  19%|█▉        | 54/284 [05:36<06:06,  1.59s/it]Infer Qwen2.5-VL-32B-Instruct/SEEDBench2_Plus, Rank 0/8:  17%|█▋        | 48/285 [05:36<25:03,  6.34s/it]Infer Qwen2.5-VL-32B-Instruct/SEEDBench2_Plus, Rank 7/8:  19%|█▉        | 55/284 [05:36<05:03,  1.32s/it]Infer Qwen2.5-VL-32B-Instruct/SEEDBench2_Plus, Rank 2/8:   6%|▋         | 18/285 [05:38<30:31,  6.86s/it]Infer Qwen2.5-VL-32B-Instruct/SEEDBench2_Plus, Rank 2/8:   7%|▋         | 19/285 [05:39<22:59,  5.19s/it]Infer Qwen2.5-VL-32B-Instruct/SEEDBench2_Plus, Rank 4/8:  20%|██        | 57/285 [05:41<37:28,  9.86s/it]Infer Qwen2.5-VL-32B-Instruct/SEEDBench2_Plus, Rank 4/8:  20%|██        | 58/285 [05:42<27:00,  7.14s/it]Infer Qwen2.5-VL-32B-Instruct/SEEDBench2_Plus, Rank 1/8:  14%|█▍        | 41/285 [05:42<13:16,  3.27s/it]Infer Qwen2.5-VL-32B-Instruct/SEEDBench2_Plus, Rank 3/8:  21%|██        | 59/285 [05:43<29:49,  7.92s/it]Infer Qwen2.5-VL-32B-Instruct/SEEDBench2_Plus, Rank 6/8:  19%|█▉        | 55/284 [05:43<30:20,  7.95s/it]Infer Qwen2.5-VL-32B-Instruct/SEEDBench2_Plus, Rank 6/8:  20%|█▉        | 56/284 [05:44<21:55,  5.77s/it]Infer Qwen2.5-VL-32B-Instruct/SEEDBench2_Plus, Rank 3/8:  21%|██        | 60/285 [05:44<22:03,  5.88s/it]Infer Qwen2.5-VL-32B-Instruct/SEEDBench2_Plus, Rank 6/8:  20%|██        | 57/284 [05:45<16:07,  4.26s/it]Infer Qwen2.5-VL-32B-Instruct/SEEDBench2_Plus, Rank 3/8:  21%|██▏       | 61/285 [05:45<16:23,  4.39s/it]Infer Qwen2.5-VL-32B-Instruct/SEEDBench2_Plus, Rank 7/8:  20%|█▉        | 56/284 [05:45<13:56,  3.67s/it]Infer Qwen2.5-VL-32B-Instruct/SEEDBench2_Plus, Rank 3/8:  22%|██▏       | 62/285 [05:46<12:15,  3.30s/it]Infer Qwen2.5-VL-32B-Instruct/SEEDBench2_Plus, Rank 3/8:  22%|██▏       | 63/285 [05:47<09:49,  2.65s/it]Infer Qwen2.5-VL-32B-Instruct/SEEDBench2_Plus, Rank 7/8:  20%|██        | 57/284 [05:48<12:20,  3.26s/it]Infer Qwen2.5-VL-32B-Instruct/SEEDBench2_Plus, Rank 3/8:  22%|██▏       | 64/285 [05:48<08:05,  2.20s/it]Infer Qwen2.5-VL-32B-Instruct/SEEDBench2_Plus, Rank 0/8:  17%|█▋        | 49/285 [05:51<35:48,  9.10s/it]Infer Qwen2.5-VL-32B-Instruct/SEEDBench2_Plus, Rank 5/8:  20%|█▉        | 56/284 [05:52<56:39, 14.91s/it]Infer Qwen2.5-VL-32B-Instruct/SEEDBench2_Plus, Rank 4/8:  21%|██        | 59/285 [05:52<31:08,  8.27s/it]Infer Qwen2.5-VL-32B-Instruct/SEEDBench2_Plus, Rank 5/8:  20%|██        | 57/284 [05:53<40:33, 10.72s/it]Infer Qwen2.5-VL-32B-Instruct/SEEDBench2_Plus, Rank 4/8:  21%|██        | 60/285 [05:53<22:26,  5.98s/it]Infer Qwen2.5-VL-32B-Instruct/SEEDBench2_Plus, Rank 5/8:  20%|██        | 58/284 [05:53<28:58,  7.69s/it]Infer Qwen2.5-VL-32B-Instruct/SEEDBench2_Plus, Rank 2/8:   7%|▋         | 20/285 [05:56<38:14,  8.66s/it]Infer Qwen2.5-VL-32B-Instruct/SEEDBench2_Plus, Rank 7/8:  20%|██        | 58/284 [05:57<19:42,  5.23s/it]Infer Qwen2.5-VL-32B-Instruct/SEEDBench2_Plus, Rank 2/8:   7%|▋         | 21/285 [05:58<28:26,  6.47s/it]Infer Qwen2.5-VL-32B-Instruct/SEEDBench2_Plus, Rank 2/8:   8%|▊         | 22/285 [05:58<20:40,  4.72s/it]Infer Qwen2.5-VL-32B-Instruct/SEEDBench2_Plus, Rank 7/8:  21%|██        | 59/284 [05:58<14:39,  3.91s/it]Infer Qwen2.5-VL-32B-Instruct/SEEDBench2_Plus, Rank 2/8:   8%|▊         | 23/285 [05:59<15:32,  3.56s/it]Infer Qwen2.5-VL-32B-Instruct/SEEDBench2_Plus, Rank 2/8:   8%|▊         | 24/285 [06:01<13:07,  3.02s/it]Infer Qwen2.5-VL-32B-Instruct/SEEDBench2_Plus, Rank 0/8:  18%|█▊        | 50/285 [06:01<36:20,  9.28s/it]Infer Qwen2.5-VL-32B-Instruct/SEEDBench2_Plus, Rank 6/8:  20%|██        | 58/284 [06:02<30:22,  8.07s/it]Infer Qwen2.5-VL-32B-Instruct/SEEDBench2_Plus, Rank 2/8:   9%|▉         | 25/285 [06:02<10:19,  2.38s/it]Infer Qwen2.5-VL-32B-Instruct/SEEDBench2_Plus, Rank 4/8:  21%|██▏       | 61/285 [06:02<26:04,  6.98s/it]Infer Qwen2.5-VL-32B-Instruct/SEEDBench2_Plus, Rank 2/8:   9%|▉         | 26/285 [06:03<08:16,  1.92s/it]Infer Qwen2.5-VL-32B-Instruct/SEEDBench2_Plus, Rank 3/8:  23%|██▎       | 65/285 [06:05<24:09,  6.59s/it]Infer Qwen2.5-VL-32B-Instruct/SEEDBench2_Plus, Rank 2/8:   9%|▉         | 27/285 [06:06<10:09,  2.36s/it]Infer Qwen2.5-VL-32B-Instruct/SEEDBench2_Plus, Rank 2/8:  10%|▉         | 28/285 [06:09<11:16,  2.63s/it]Infer Qwen2.5-VL-32B-Instruct/SEEDBench2_Plus, Rank 5/8:  21%|██        | 59/284 [06:11<39:51, 10.63s/it]Infer Qwen2.5-VL-32B-Instruct/SEEDBench2_Plus, Rank 5/8:  21%|██        | 60/284 [06:12<28:43,  7.69s/it]Infer Qwen2.5-VL-32B-Instruct/SEEDBench2_Plus, Rank 5/8:  21%|██▏       | 61/284 [06:13<21:12,  5.71s/it]Infer Qwen2.5-VL-32B-Instruct/SEEDBench2_Plus, Rank 6/8:  21%|██        | 59/284 [06:13<34:01,  9.07s/it]Infer Qwen2.5-VL-32B-Instruct/SEEDBench2_Plus, Rank 0/8:  18%|█▊        | 51/285 [06:13<39:34, 10.15s/it]Infer Qwen2.5-VL-32B-Instruct/SEEDBench2_Plus, Rank 5/8:  22%|██▏       | 62/284 [06:13<15:33,  4.20s/it]Infer Qwen2.5-VL-32B-Instruct/SEEDBench2_Plus, Rank 6/8:  21%|██        | 60/284 [06:14<24:33,  6.58s/it]Infer Qwen2.5-VL-32B-Instruct/SEEDBench2_Plus, Rank 5/8:  22%|██▏       | 63/284 [06:14<11:44,  3.19s/it]Infer Qwen2.5-VL-32B-Instruct/SEEDBench2_Plus, Rank 4/8:  22%|██▏       | 62/285 [06:14<31:29,  8.47s/it]Infer Qwen2.5-VL-32B-Instruct/SEEDBench2_Plus, Rank 0/8:  18%|█▊        | 52/285 [06:14<29:03,  7.48s/it]Infer Qwen2.5-VL-32B-Instruct/SEEDBench2_Plus, Rank 6/8:  21%|██▏       | 61/284 [06:15<18:03,  4.86s/it]Infer Qwen2.5-VL-32B-Instruct/SEEDBench2_Plus, Rank 4/8:  22%|██▏       | 63/285 [06:15<22:41,  6.13s/it]Infer Qwen2.5-VL-32B-Instruct/SEEDBench2_Plus, Rank 0/8:  19%|█▊        | 53/285 [06:15<20:56,  5.42s/it]Infer Qwen2.5-VL-32B-Instruct/SEEDBench2_Plus, Rank 6/8:  22%|██▏       | 62/284 [06:15<13:27,  3.64s/it]Infer Qwen2.5-VL-32B-Instruct/SEEDBench2_Plus, Rank 4/8:  22%|██▏       | 64/285 [06:16<16:49,  4.57s/it]Infer Qwen2.5-VL-32B-Instruct/SEEDBench2_Plus, Rank 3/8:  23%|██▎       | 66/285 [06:17<30:08,  8.26s/it]Infer Qwen2.5-VL-32B-Instruct/SEEDBench2_Plus, Rank 2/8:  10%|█         | 29/285 [06:18<19:08,  4.49s/it]Infer Qwen2.5-VL-32B-Instruct/SEEDBench2_Plus, Rank 4/8:  23%|██▎       | 65/285 [06:19<15:20,  4.19s/it]Infer Qwen2.5-VL-32B-Instruct/SEEDBench2_Plus, Rank 2/8:  11%|█         | 30/285 [06:19<15:03,  3.54s/it]Infer Qwen2.5-VL-32B-Instruct/SEEDBench2_Plus, Rank 4/8:  23%|██▎       | 66/285 [06:20<11:55,  3.27s/it]Infer Qwen2.5-VL-32B-Instruct/SEEDBench2_Plus, Rank 0/8:  19%|█▉        | 54/285 [06:21<21:16,  5.53s/it]Infer Qwen2.5-VL-32B-Instruct/SEEDBench2_Plus, Rank 0/8:  19%|█▉        | 55/285 [06:23<17:34,  4.58s/it]Infer Qwen2.5-VL-32B-Instruct/SEEDBench2_Plus, Rank 5/8:  23%|██▎       | 64/284 [06:23<18:19,  5.00s/it]Infer Qwen2.5-VL-32B-Instruct/SEEDBench2_Plus, Rank 2/8:  11%|█         | 31/285 [06:24<15:50,  3.74s/it]Infer Qwen2.5-VL-32B-Instruct/SEEDBench2_Plus, Rank 4/8:  24%|██▎       | 67/285 [06:24<12:08,  3.34s/it]Infer Qwen2.5-VL-32B-Instruct/SEEDBench2_Plus, Rank 0/8:  20%|█▉        | 56/285 [06:24<13:43,  3.60s/it]Infer Qwen2.5-VL-32B-Instruct/SEEDBench2_Plus, Rank 6/8:  22%|██▏       | 63/284 [06:25<19:44,  5.36s/it]Infer Qwen2.5-VL-32B-Instruct/SEEDBench2_Plus, Rank 6/8:  23%|██▎       | 64/284 [06:25<14:27,  3.95s/it]Infer Qwen2.5-VL-32B-Instruct/SEEDBench2_Plus, Rank 4/8:  24%|██▍       | 68/285 [06:26<10:47,  2.99s/it]Infer Qwen2.5-VL-32B-Instruct/SEEDBench2_Plus, Rank 4/8:  24%|██▍       | 69/285 [06:27<08:42,  2.42s/it]Infer Qwen2.5-VL-32B-Instruct/SEEDBench2_Plus, Rank 2/8:  11%|█         | 32/285 [06:27<15:41,  3.72s/it]Infer Qwen2.5-VL-32B-Instruct/SEEDBench2_Plus, Rank 4/8:  25%|██▍       | 70/285 [06:28<06:59,  1.95s/it]Infer Qwen2.5-VL-32B-Instruct/SEEDBench2_Plus, Rank 2/8:  12%|█▏        | 33/285 [06:31<15:11,  3.62s/it]Infer Qwen2.5-VL-32B-Instruct/SEEDBench2_Plus, Rank 0/8:  20%|██        | 57/285 [06:31<17:01,  4.48s/it]Infer Qwen2.5-VL-32B-Instruct/SEEDBench2_Plus, Rank 3/8:  24%|██▎       | 67/285 [06:32<37:15, 10.26s/it]Infer Qwen2.5-VL-32B-Instruct/SEEDBench2_Plus, Rank 5/8:  23%|██▎       | 65/284 [06:35<25:50,  7.08s/it]Infer Qwen2.5-VL-32B-Instruct/SEEDBench2_Plus, Rank 3/8:  24%|██▍       | 68/285 [06:36<30:03,  8.31s/it]Infer Qwen2.5-VL-32B-Instruct/SEEDBench2_Plus, Rank 4/8:  25%|██▍       | 71/285 [06:37<14:09,  3.97s/it]Infer Qwen2.5-VL-32B-Instruct/SEEDBench2_Plus, Rank 2/8:  12%|█▏        | 34/285 [06:37<19:06,  4.57s/it]Infer Qwen2.5-VL-32B-Instruct/SEEDBench2_Plus, Rank 6/8:  23%|██▎       | 65/284 [06:38<23:47,  6.52s/it]Infer Qwen2.5-VL-32B-Instruct/SEEDBench2_Plus, Rank 0/8:  20%|██        | 58/285 [06:38<20:20,  5.38s/it]Infer Qwen2.5-VL-32B-Instruct/SEEDBench2_Plus, Rank 0/8:  21%|██        | 59/285 [06:40<15:44,  4.18s/it]Infer Qwen2.5-VL-32B-Instruct/SEEDBench2_Plus, Rank 0/8:  21%|██        | 60/285 [06:41<12:06,  3.23s/it]Infer Qwen2.5-VL-32B-Instruct/SEEDBench2_Plus, Rank 5/8:  23%|██▎       | 66/284 [06:41<24:20,  6.70s/it]Infer Qwen2.5-VL-32B-Instruct/SEEDBench2_Plus, Rank 0/8:  21%|██▏       | 61/285 [06:42<09:49,  2.63s/it]Infer Qwen2.5-VL-32B-Instruct/SEEDBench2_Plus, Rank 3/8:  24%|██▍       | 69/285 [06:43<28:54,  8.03s/it]Infer Qwen2.5-VL-32B-Instruct/SEEDBench2_Plus, Rank 5/8:  24%|██▎       | 67/284 [06:44<20:17,  5.61s/it]Infer Qwen2.5-VL-32B-Instruct/SEEDBench2_Plus, Rank 5/8:  24%|██▍       | 68/284 [06:47<17:36,  4.89s/it]Infer Qwen2.5-VL-32B-Instruct/SEEDBench2_Plus, Rank 3/8:  25%|██▍       | 70/285 [06:48<25:43,  7.18s/it]Infer Qwen2.5-VL-32B-Instruct/SEEDBench2_Plus, Rank 4/8:  25%|██▌       | 72/285 [06:50<24:18,  6.85s/it]Infer Qwen2.5-VL-32B-Instruct/SEEDBench2_Plus, Rank 2/8:  12%|█▏        | 35/285 [06:50<29:32,  7.09s/it]Infer Qwen2.5-VL-32B-Instruct/SEEDBench2_Plus, Rank 4/8:  26%|██▌       | 73/285 [06:52<18:45,  5.31s/it]Infer Qwen2.5-VL-32B-Instruct/SEEDBench2_Plus, Rank 6/8:  23%|██▎       | 66/284 [06:54<34:19,  9.45s/it]Infer Qwen2.5-VL-32B-Instruct/SEEDBench2_Plus, Rank 4/8:  26%|██▌       | 74/285 [06:57<18:00,  5.12s/it]Infer Qwen2.5-VL-32B-Instruct/SEEDBench2_Plus, Rank 2/8:  13%|█▎        | 36/285 [06:57<29:11,  7.04s/it]Infer Qwen2.5-VL-32B-Instruct/SEEDBench2_Plus, Rank 5/8:  24%|██▍       | 69/284 [06:57<22:50,  6.37s/it]Infer Qwen2.5-VL-32B-Instruct/SEEDBench2_Plus, Rank 4/8:  26%|██▋       | 75/285 [06:58<13:44,  3.93s/it]Infer Qwen2.5-VL-32B-Instruct/SEEDBench2_Plus, Rank 6/8:  24%|██▎       | 67/284 [06:58<27:53,  7.71s/it]Infer Qwen2.5-VL-32B-Instruct/SEEDBench2_Plus, Rank 4/8:  27%|██▋       | 76/285 [06:59<11:14,  3.23s/it]Infer Qwen2.5-VL-32B-Instruct/SEEDBench2_Plus, Rank 6/8:  24%|██▍       | 68/284 [07:01<22:30,  6.25s/it]Infer Qwen2.5-VL-32B-Instruct/SEEDBench2_Plus, Rank 4/8:  27%|██▋       | 77/285 [07:01<09:28,  2.73s/it]Infer Qwen2.5-VL-32B-Instruct/SEEDBench2_Plus, Rank 4/8:  27%|██▋       | 78/285 [07:02<07:29,  2.17s/it]Infer Qwen2.5-VL-32B-Instruct/SEEDBench2_Plus, Rank 5/8:  25%|██▍       | 70/284 [07:05<24:06,  6.76s/it]Infer Qwen2.5-VL-32B-Instruct/SEEDBench2_Plus, Rank 3/8:  25%|██▍       | 71/285 [07:06<36:31, 10.24s/it]Infer Qwen2.5-VL-32B-Instruct/SEEDBench2_Plus, Rank 3/8:  25%|██▌       | 72/285 [07:09<28:44,  8.10s/it]Infer Qwen2.5-VL-32B-Instruct/SEEDBench2_Plus, Rank 0/8:  22%|██▏       | 62/285 [07:09<36:45,  9.89s/it]Infer Qwen2.5-VL-32B-Instruct/SEEDBench2_Plus, Rank 2/8:  13%|█▎        | 37/285 [07:09<35:02,  8.48s/it]Infer Qwen2.5-VL-32B-Instruct/SEEDBench2_Plus, Rank 6/8:  24%|██▍       | 69/284 [07:09<24:47,  6.92s/it]Infer Qwen2.5-VL-32B-Instruct/SEEDBench2_Plus, Rank 3/8:  26%|██▌       | 73/285 [07:09<20:50,  5.90s/it]Infer Qwen2.5-VL-32B-Instruct/SEEDBench2_Plus, Rank 0/8:  22%|██▏       | 63/285 [07:10<26:25,  7.14s/it]Infer Qwen2.5-VL-32B-Instruct/SEEDBench2_Plus, Rank 3/8:  26%|██▌       | 74/285 [07:11<16:26,  4.68s/it]Infer Qwen2.5-VL-32B-Instruct/SEEDBench2_Plus, Rank 3/8:  26%|██▋       | 75/285 [07:12<12:08,  3.47s/it]Infer Qwen2.5-VL-32B-Instruct/SEEDBench2_Plus, Rank 3/8:  27%|██▋       | 76/285 [07:13<09:15,  2.66s/it]Infer Qwen2.5-VL-32B-Instruct/SEEDBench2_Plus, Rank 4/8:  28%|██▊       | 79/285 [07:13<16:44,  4.88s/it]Infer Qwen2.5-VL-32B-Instruct/SEEDBench2_Plus, Rank 3/8:  27%|██▋       | 77/285 [07:13<07:07,  2.06s/it]Infer Qwen2.5-VL-32B-Instruct/SEEDBench2_Plus, Rank 3/8:  27%|██▋       | 78/285 [07:14<05:40,  1.64s/it]Infer Qwen2.5-VL-32B-Instruct/SEEDBench2_Plus, Rank 0/8:  22%|██▏       | 64/285 [07:16<25:04,  6.81s/it]Infer Qwen2.5-VL-32B-Instruct/SEEDBench2_Plus, Rank 4/8:  28%|██▊       | 80/285 [07:17<16:07,  4.72s/it]Infer Qwen2.5-VL-32B-Instruct/SEEDBench2_Plus, Rank 2/8:  13%|█▎        | 38/285 [07:17<34:43,  8.44s/it]Infer Qwen2.5-VL-32B-Instruct/SEEDBench2_Plus, Rank 2/8:  14%|█▎        | 39/285 [07:18<24:55,  6.08s/it]Infer Qwen2.5-VL-32B-Instruct/SEEDBench2_Plus, Rank 2/8:  14%|█▍        | 40/285 [07:19<19:02,  4.66s/it]Infer Qwen2.5-VL-32B-Instruct/SEEDBench2_Plus, Rank 0/8:  23%|██▎       | 65/285 [07:20<22:25,  6.11s/it]Infer Qwen2.5-VL-32B-Instruct/SEEDBench2_Plus, Rank 5/8:  25%|██▌       | 71/284 [07:20<33:18,  9.38s/it]Infer Qwen2.5-VL-32B-Instruct/SEEDBench2_Plus, Rank 3/8:  28%|██▊       | 79/285 [07:22<12:06,  3.53s/it]Infer Qwen2.5-VL-32B-Instruct/SEEDBench2_Plus, Rank 6/8:  25%|██▍       | 70/284 [07:23<31:56,  8.96s/it]Infer Qwen2.5-VL-32B-Instruct/SEEDBench2_Plus, Rank 6/8:  25%|██▌       | 71/284 [07:24<23:08,  6.52s/it]Infer Qwen2.5-VL-32B-Instruct/SEEDBench2_Plus, Rank 5/8:  25%|██▌       | 72/284 [07:24<26:54,  7.62s/it]Infer Qwen2.5-VL-32B-Instruct/SEEDBench2_Plus, Rank 0/8:  23%|██▎       | 66/285 [07:25<20:23,  5.59s/it]Infer Qwen2.5-VL-32B-Instruct/SEEDBench2_Plus, Rank 6/8:  25%|██▌       | 72/284 [07:25<17:05,  4.84s/it]Infer Qwen2.5-VL-32B-Instruct/SEEDBench2_Plus, Rank 3/8:  28%|██▊       | 80/285 [07:25<11:39,  3.41s/it]Infer Qwen2.5-VL-32B-Instruct/SEEDBench2_Plus, Rank 2/8:  14%|█▍        | 41/285 [07:26<21:55,  5.39s/it]Infer Qwen2.5-VL-32B-Instruct/SEEDBench2_Plus, Rank 2/8:  15%|█▍        | 42/285 [07:27<16:22,  4.04s/it]Infer Qwen2.5-VL-32B-Instruct/SEEDBench2_Plus, Rank 2/8:  15%|█▌        | 43/285 [07:29<12:55,  3.20s/it]Infer Qwen2.5-VL-32B-Instruct/SEEDBench2_Plus, Rank 5/8:  26%|██▌       | 73/284 [07:29<23:41,  6.74s/it]Infer Qwen2.5-VL-32B-Instruct/SEEDBench2_Plus, Rank 5/8:  26%|██▌       | 74/284 [07:30<18:21,  5.25s/it]Infer Qwen2.5-VL-32B-Instruct/SEEDBench2_Plus, Rank 3/8:  28%|██▊       | 81/285 [07:34<17:28,  5.14s/it]Infer Qwen2.5-VL-32B-Instruct/SEEDBench2_Plus, Rank 4/8:  28%|██▊       | 81/285 [07:36<29:56,  8.81s/it]Infer Qwen2.5-VL-32B-Instruct/SEEDBench2_Plus, Rank 0/8:  24%|██▎       | 67/285 [07:36<26:56,  7.42s/it]Infer Qwen2.5-VL-32B-Instruct/SEEDBench2_Plus, Rank 6/8:  26%|██▌       | 73/284 [07:37<24:37,  7.00s/it]Infer Qwen2.5-VL-32B-Instruct/SEEDBench2_Plus, Rank 0/8:  24%|██▍       | 68/285 [07:37<19:24,  5.37s/it]Infer Qwen2.5-VL-32B-Instruct/SEEDBench2_Plus, Rank 4/8:  29%|██▉       | 82/285 [07:37<22:25,  6.63s/it]Infer Qwen2.5-VL-32B-Instruct/SEEDBench2_Plus, Rank 6/8:  26%|██▌       | 74/284 [07:38<18:31,  5.29s/it]Infer Qwen2.5-VL-32B-Instruct/SEEDBench2_Plus, Rank 4/8:  29%|██▉       | 83/285 [07:38<16:43,  4.97s/it]Infer Qwen2.5-VL-32B-Instruct/SEEDBench2_Plus, Rank 6/8:  26%|██▋       | 75/284 [07:39<14:14,  4.09s/it]Infer Qwen2.5-VL-32B-Instruct/SEEDBench2_Plus, Rank 6/8:  27%|██▋       | 76/284 [07:40<10:41,  3.09s/it]Infer Qwen2.5-VL-32B-Instruct/SEEDBench2_Plus, Rank 3/8:  29%|██▉       | 82/285 [07:40<18:11,  5.38s/it]Infer Qwen2.5-VL-32B-Instruct/SEEDBench2_Plus, Rank 2/8:  15%|█▌        | 44/285 [07:41<23:25,  5.83s/it]Infer Qwen2.5-VL-32B-Instruct/SEEDBench2_Plus, Rank 6/8:  27%|██▋       | 77/284 [07:41<08:25,  2.44s/it]Infer Qwen2.5-VL-32B-Instruct/SEEDBench2_Plus, Rank 3/8:  29%|██▉       | 83/285 [07:41<13:45,  4.09s/it]Infer Qwen2.5-VL-32B-Instruct/SEEDBench2_Plus, Rank 4/8:  29%|██▉       | 84/285 [07:42<15:43,  4.70s/it]Infer Qwen2.5-VL-32B-Instruct/SEEDBench2_Plus, Rank 2/8:  16%|█▌        | 45/285 [07:46<22:37,  5.66s/it]Infer Qwen2.5-VL-32B-Instruct/SEEDBench2_Plus, Rank 5/8:  26%|██▋       | 75/284 [07:49<32:20,  9.29s/it]Infer Qwen2.5-VL-32B-Instruct/SEEDBench2_Plus, Rank 3/8:  29%|██▉       | 84/285 [07:57<25:51,  7.72s/it]Infer Qwen2.5-VL-32B-Instruct/SEEDBench2_Plus, Rank 2/8:  16%|█▌        | 46/285 [07:58<30:05,  7.55s/it]Infer Qwen2.5-VL-32B-Instruct/SEEDBench2_Plus, Rank 0/8:  24%|██▍       | 69/285 [07:59<37:31, 10.42s/it]Infer Qwen2.5-VL-32B-Instruct/SEEDBench2_Plus, Rank 5/8:  27%|██▋       | 76/284 [07:59<33:06,  9.55s/it]Infer Qwen2.5-VL-32B-Instruct/SEEDBench2_Plus, Rank 6/8:  27%|██▋       | 78/284 [08:00<25:11,  7.34s/it]Infer Qwen2.5-VL-32B-Instruct/SEEDBench2_Plus, Rank 4/8:  30%|██▉       | 85/285 [08:01<29:44,  8.92s/it]Infer Qwen2.5-VL-32B-Instruct/SEEDBench2_Plus, Rank 5/8:  27%|██▋       | 77/284 [08:03<26:31,  7.69s/it]Infer Qwen2.5-VL-32B-Instruct/SEEDBench2_Plus, Rank 0/8:  25%|██▍       | 70/285 [08:03<30:02,  8.38s/it]Infer Qwen2.5-VL-32B-Instruct/SEEDBench2_Plus, Rank 0/8:  25%|██▍       | 71/285 [08:03<21:37,  6.06s/it]Infer Qwen2.5-VL-32B-Instruct/SEEDBench2_Plus, Rank 5/8:  27%|██▋       | 78/284 [08:04<20:11,  5.88s/it]Infer Qwen2.5-VL-32B-Instruct/SEEDBench2_Plus, Rank 6/8:  28%|██▊       | 79/284 [08:05<23:19,  6.83s/it]Infer Qwen2.5-VL-32B-Instruct/SEEDBench2_Plus, Rank 2/8:  16%|█▋        | 47/285 [08:07<31:39,  7.98s/it]Infer Qwen2.5-VL-32B-Instruct/SEEDBench2_Plus, Rank 0/8:  25%|██▌       | 72/285 [08:10<21:45,  6.13s/it]Infer Qwen2.5-VL-32B-Instruct/SEEDBench2_Plus, Rank 5/8:  28%|██▊       | 79/284 [08:10<20:09,  5.90s/it]Infer Qwen2.5-VL-32B-Instruct/SEEDBench2_Plus, Rank 0/8:  26%|██▌       | 73/285 [08:11<16:08,  4.57s/it]Infer Qwen2.5-VL-32B-Instruct/SEEDBench2_Plus, Rank 4/8:  30%|███       | 86/285 [08:11<30:31,  9.20s/it]Infer Qwen2.5-VL-32B-Instruct/SEEDBench2_Plus, Rank 3/8:  30%|██▉       | 85/285 [08:11<31:48,  9.54s/it]Infer Qwen2.5-VL-32B-Instruct/SEEDBench2_Plus, Rank 0/8:  26%|██▌       | 74/285 [08:12<12:41,  3.61s/it]Infer Qwen2.5-VL-32B-Instruct/SEEDBench2_Plus, Rank 3/8:  30%|███       | 86/285 [08:12<23:16,  7.02s/it]Infer Qwen2.5-VL-32B-Instruct/SEEDBench2_Plus, Rank 6/8:  28%|██▊       | 80/284 [08:13<24:16,  7.14s/it]Infer Qwen2.5-VL-32B-Instruct/SEEDBench2_Plus, Rank 2/8:  17%|█▋        | 48/285 [08:14<30:41,  7.77s/it]Infer Qwen2.5-VL-32B-Instruct/SEEDBench2_Plus, Rank 2/8:  17%|█▋        | 49/285 [08:16<23:35,  6.00s/it]Infer Qwen2.5-VL-32B-Instruct/SEEDBench2_Plus, Rank 5/8:  28%|██▊       | 80/284 [08:18<21:37,  6.36s/it]Infer Qwen2.5-VL-32B-Instruct/SEEDBench2_Plus, Rank 0/8:  26%|██▋       | 75/285 [08:20<17:23,  4.97s/it]Infer Qwen2.5-VL-32B-Instruct/SEEDBench2_Plus, Rank 2/8:  18%|█▊        | 50/285 [08:22<23:05,  5.90s/it]Infer Qwen2.5-VL-32B-Instruct/SEEDBench2_Plus, Rank 5/8:  29%|██▊       | 81/284 [08:22<19:53,  5.88s/it]Infer Qwen2.5-VL-32B-Instruct/SEEDBench2_Plus, Rank 3/8:  31%|███       | 87/285 [08:24<27:49,  8.43s/it]Infer Qwen2.5-VL-32B-Instruct/SEEDBench2_Plus, Rank 6/8:  29%|██▊       | 81/284 [08:29<32:39,  9.65s/it]Infer Qwen2.5-VL-32B-Instruct/SEEDBench2_Plus, Rank 4/8:  31%|███       | 87/285 [08:30<39:35, 12.00s/it]Infer Qwen2.5-VL-32B-Instruct/SEEDBench2_Plus, Rank 0/8:  27%|██▋       | 76/285 [08:31<23:16,  6.68s/it]Infer Qwen2.5-VL-32B-Instruct/SEEDBench2_Plus, Rank 2/8:  18%|█▊        | 51/285 [08:31<27:09,  6.96s/it]Infer Qwen2.5-VL-32B-Instruct/SEEDBench2_Plus, Rank 3/8:  31%|███       | 88/285 [08:32<26:43,  8.14s/it]Infer Qwen2.5-VL-32B-Instruct/SEEDBench2_Plus, Rank 0/8:  27%|██▋       | 77/285 [08:32<17:18,  4.99s/it]Infer Qwen2.5-VL-32B-Instruct/SEEDBench2_Plus, Rank 0/8:  27%|██▋       | 78/285 [08:33<12:50,  3.72s/it]Infer Qwen2.5-VL-32B-Instruct/SEEDBench2_Plus, Rank 3/8:  31%|███       | 89/285 [08:33<19:58,  6.11s/it]Infer Qwen2.5-VL-32B-Instruct/SEEDBench2_Plus, Rank 5/8:  29%|██▉       | 82/284 [08:35<26:20,  7.82s/it]Infer Qwen2.5-VL-32B-Instruct/SEEDBench2_Plus, Rank 2/8:  18%|█▊        | 52/285 [08:36<24:55,  6.42s/it]Infer Qwen2.5-VL-32B-Instruct/SEEDBench2_Plus, Rank 2/8:  19%|█▊        | 53/285 [08:37<18:48,  4.86s/it]Infer Qwen2.5-VL-32B-Instruct/SEEDBench2_Plus, Rank 5/8:  29%|██▉       | 83/284 [08:39<22:40,  6.77s/it]Infer Qwen2.5-VL-32B-Instruct/SEEDBench2_Plus, Rank 0/8:  28%|██▊       | 79/285 [08:40<16:21,  4.77s/it]Infer Qwen2.5-VL-32B-Instruct/SEEDBench2_Plus, Rank 4/8:  31%|███       | 88/285 [08:41<39:04, 11.90s/it]Infer Qwen2.5-VL-32B-Instruct/SEEDBench2_Plus, Rank 6/8:  29%|██▉       | 82/284 [08:44<37:58, 11.28s/it]Infer Qwen2.5-VL-32B-Instruct/SEEDBench2_Plus, Rank 6/8:  29%|██▉       | 83/284 [08:45<27:18,  8.15s/it]Infer Qwen2.5-VL-32B-Instruct/SEEDBench2_Plus, Rank 5/8:  30%|██▉       | 84/284 [08:48<24:15,  7.28s/it]Infer Qwen2.5-VL-32B-Instruct/SEEDBench2_Plus, Rank 3/8:  32%|███▏      | 90/285 [08:53<33:02, 10.17s/it]Infer Qwen2.5-VL-32B-Instruct/SEEDBench2_Plus, Rank 4/8:  31%|███       | 89/285 [08:53<38:34, 11.81s/it]Infer Qwen2.5-VL-32B-Instruct/SEEDBench2_Plus, Rank 2/8:  19%|█▉        | 54/285 [08:53<31:06,  8.08s/it]Infer Qwen2.5-VL-32B-Instruct/SEEDBench2_Plus, Rank 3/8:  32%|███▏      | 91/285 [08:53<23:39,  7.32s/it]Infer Qwen2.5-VL-32B-Instruct/SEEDBench2_Plus, Rank 3/8:  32%|███▏      | 92/285 [08:54<17:25,  5.42s/it]Infer Qwen2.5-VL-32B-Instruct/SEEDBench2_Plus, Rank 5/8:  30%|██▉       | 85/284 [08:58<26:52,  8.10s/it]Infer Qwen2.5-VL-32B-Instruct/SEEDBench2_Plus, Rank 0/8:  28%|██▊       | 80/285 [08:59<30:43,  8.99s/it]Infer Qwen2.5-VL-32B-Instruct/SEEDBench2_Plus, Rank 3/8:  33%|███▎      | 93/285 [08:59<16:52,  5.27s/it]Infer Qwen2.5-VL-32B-Instruct/SEEDBench2_Plus, Rank 4/8:  32%|███▏      | 90/285 [09:01<34:54, 10.74s/it]Infer Qwen2.5-VL-32B-Instruct/SEEDBench2_Plus, Rank 2/8:  19%|█▉        | 55/285 [09:02<31:41,  8.27s/it]Infer Qwen2.5-VL-32B-Instruct/SEEDBench2_Plus, Rank 4/8:  32%|███▏      | 91/285 [09:02<24:59,  7.73s/it]Infer Qwen2.5-VL-32B-Instruct/SEEDBench2_Plus, Rank 4/8:  32%|███▏      | 92/285 [09:03<18:32,  5.76s/it]Infer Qwen2.5-VL-32B-Instruct/SEEDBench2_Plus, Rank 2/8:  20%|█▉        | 56/285 [09:04<25:05,  6.57s/it]Infer Qwen2.5-VL-32B-Instruct/SEEDBench2_Plus, Rank 6/8:  30%|██▉       | 84/284 [09:10<43:50, 13.15s/it]Infer Qwen2.5-VL-32B-Instruct/SEEDBench2_Plus, Rank 6/8:  30%|██▉       | 85/284 [09:10<31:14,  9.42s/it]Infer Qwen2.5-VL-32B-Instruct/SEEDBench2_Plus, Rank 5/8:  30%|███       | 86/284 [09:11<31:48,  9.64s/it]Infer Qwen2.5-VL-32B-Instruct/SEEDBench2_Plus, Rank 3/8:  33%|███▎      | 94/285 [09:12<24:00,  7.54s/it]Infer Qwen2.5-VL-32B-Instruct/SEEDBench2_Plus, Rank 2/8:  20%|██        | 57/285 [09:13<27:37,  7.27s/it]Infer Qwen2.5-VL-32B-Instruct/SEEDBench2_Plus, Rank 0/8:  28%|██▊       | 81/285 [09:14<37:26, 11.01s/it]Infer Qwen2.5-VL-32B-Instruct/SEEDBench2_Plus, Rank 3/8:  33%|███▎      | 95/285 [09:15<19:58,  6.31s/it]Infer Qwen2.5-VL-32B-Instruct/SEEDBench2_Plus, Rank 3/8:  34%|███▎      | 96/285 [09:17<15:12,  4.83s/it]Infer Qwen2.5-VL-32B-Instruct/SEEDBench2_Plus, Rank 4/8:  33%|███▎      | 93/285 [09:17<26:32,  8.29s/it]Infer Qwen2.5-VL-32B-Instruct/SEEDBench2_Plus, Rank 3/8:  34%|███▍      | 97/285 [09:18<12:00,  3.83s/it]Infer Qwen2.5-VL-32B-Instruct/SEEDBench2_Plus, Rank 3/8:  34%|███▍      | 98/285 [09:20<09:27,  3.04s/it]Infer Qwen2.5-VL-32B-Instruct/SEEDBench2_Plus, Rank 4/8:  33%|███▎      | 94/285 [09:21<22:05,  6.94s/it]Infer Qwen2.5-VL-32B-Instruct/SEEDBench2_Plus, Rank 4/8:  33%|███▎      | 95/285 [09:22<16:00,  5.06s/it]Infer Qwen2.5-VL-32B-Instruct/SEEDBench2_Plus, Rank 5/8:  31%|███       | 87/284 [09:22<33:01, 10.06s/it]Infer Qwen2.5-VL-32B-Instruct/SEEDBench2_Plus, Rank 2/8:  20%|██        | 58/285 [09:24<31:55,  8.44s/it]Infer Qwen2.5-VL-32B-Instruct/SEEDBench2_Plus, Rank 3/8:  35%|███▍      | 99/285 [09:27<13:06,  4.23s/it]Infer Qwen2.5-VL-32B-Instruct/SEEDBench2_Plus, Rank 6/8:  30%|███       | 86/284 [09:28<39:04, 11.84s/it]Infer Qwen2.5-VL-32B-Instruct/SEEDBench2_Plus, Rank 4/8:  34%|███▎      | 96/285 [09:28<17:19,  5.50s/it]Infer Qwen2.5-VL-32B-Instruct/SEEDBench2_Plus, Rank 3/8:  35%|███▌      | 100/285 [09:28<10:39,  3.46s/it]Infer Qwen2.5-VL-32B-Instruct/SEEDBench2_Plus, Rank 0/8:  29%|██▉       | 82/285 [09:30<41:31, 12.27s/it]Infer Qwen2.5-VL-32B-Instruct/SEEDBench2_Plus, Rank 4/8:  34%|███▍      | 97/285 [09:30<13:34,  4.33s/it]Infer Qwen2.5-VL-32B-Instruct/SEEDBench2_Plus, Rank 4/8:  34%|███▍      | 98/285 [09:31<10:33,  3.39s/it]Infer Qwen2.5-VL-32B-Instruct/SEEDBench2_Plus, Rank 4/8:  35%|███▍      | 99/285 [09:32<08:27,  2.73s/it]Infer Qwen2.5-VL-32B-Instruct/SEEDBench2_Plus, Rank 1/8:  15%|█▍        | 42/285 [09:35<4:53:10, 72.39s/it]Infer Qwen2.5-VL-32B-Instruct/SEEDBench2_Plus, Rank 1/8:  15%|█▌        | 43/285 [09:40<3:29:41, 51.99s/it]Infer Qwen2.5-VL-32B-Instruct/SEEDBench2_Plus, Rank 5/8:  31%|███       | 88/284 [09:41<41:53, 12.82s/it]Infer Qwen2.5-VL-32B-Instruct/SEEDBench2_Plus, Rank 6/8:  31%|███       | 87/284 [09:43<42:26, 12.93s/it]Infer Qwen2.5-VL-32B-Instruct/SEEDBench2_Plus, Rank 0/8:  29%|██▉       | 83/285 [09:43<42:45, 12.70s/it]Infer Qwen2.5-VL-32B-Instruct/SEEDBench2_Plus, Rank 0/8:  29%|██▉       | 84/285 [09:44<30:32,  9.12s/it]Infer Qwen2.5-VL-32B-Instruct/SEEDBench2_Plus, Rank 3/8:  35%|███▌      | 101/285 [09:44<22:08,  7.22s/it]Infer Qwen2.5-VL-32B-Instruct/SEEDBench2_Plus, Rank 4/8:  35%|███▌      | 100/285 [09:46<18:54,  6.13s/it]Infer Qwen2.5-VL-32B-Instruct/SEEDBench2_Plus, Rank 1/8:  15%|█▌        | 44/285 [09:48<2:35:21, 38.68s/it]Infer Qwen2.5-VL-32B-Instruct/SEEDBench2_Plus, Rank 7/8:  21%|██        | 60/284 [09:49<4:28:13, 71.85s/it]Infer Qwen2.5-VL-32B-Instruct/SEEDBench2_Plus, Rank 7/8:  21%|██▏       | 61/284 [09:50<3:07:58, 50.58s/it]Infer Qwen2.5-VL-32B-Instruct/SEEDBench2_Plus, Rank 7/8:  22%|██▏       | 62/284 [09:51<2:12:14, 35.74s/it]Infer Qwen2.5-VL-32B-Instruct/SEEDBench2_Plus, Rank 3/8:  36%|███▌      | 102/285 [09:51<21:41,  7.11s/it]Infer Qwen2.5-VL-32B-Instruct/SEEDBench2_Plus, Rank 4/8:  35%|███▌      | 101/285 [09:52<18:30,  6.04s/it]Infer Qwen2.5-VL-32B-Instruct/SEEDBench2_Plus, Rank 5/8:  31%|███▏      | 89/284 [09:53<40:43, 12.53s/it]Infer Qwen2.5-VL-32B-Instruct/SEEDBench2_Plus, Rank 1/8:  16%|█▌        | 45/285 [09:53<1:55:07, 28.78s/it]Infer Qwen2.5-VL-32B-Instruct/SEEDBench2_Plus, Rank 6/8:  31%|███       | 88/284 [09:55<40:36, 12.43s/it]Infer Qwen2.5-VL-32B-Instruct/SEEDBench2_Plus, Rank 1/8:  16%|█▌        | 46/285 [09:56<1:23:02, 20.85s/it]Infer Qwen2.5-VL-32B-Instruct/SEEDBench2_Plus, Rank 6/8:  31%|███▏      | 89/284 [09:56<29:18,  9.02s/it]Infer Qwen2.5-VL-32B-Instruct/SEEDBench2_Plus, Rank 6/8:  32%|███▏      | 90/284 [09:57<21:24,  6.62s/it]Infer Qwen2.5-VL-32B-Instruct/SEEDBench2_Plus, Rank 3/8:  36%|███▌      | 103/285 [09:58<21:44,  7.17s/it]Infer Qwen2.5-VL-32B-Instruct/SEEDBench2_Plus, Rank 0/8:  30%|██▉       | 85/285 [09:58<35:45, 10.73s/it]Infer Qwen2.5-VL-32B-Instruct/SEEDBench2_Plus, Rank 0/8:  30%|███       | 86/285 [09:59<25:55,  7.82s/it]Infer Qwen2.5-VL-32B-Instruct/SEEDBench2_Plus, Rank 4/8:  36%|███▌      | 102/285 [10:02<22:18,  7.32s/it]Infer Qwen2.5-VL-32B-Instruct/SEEDBench2_Plus, Rank 5/8:  32%|███▏      | 90/284 [10:03<37:36, 11.63s/it]Infer Qwen2.5-VL-32B-Instruct/SEEDBench2_Plus, Rank 7/8:  22%|██▏       | 63/284 [10:03<1:45:26, 28.63s/it]Infer Qwen2.5-VL-32B-Instruct/SEEDBench2_Plus, Rank 5/8:  32%|███▏      | 91/284 [10:04<27:07,  8.43s/it]Infer Qwen2.5-VL-32B-Instruct/SEEDBench2_Plus, Rank 6/8:  32%|███▏      | 91/284 [10:04<22:17,  6.93s/it]Infer Qwen2.5-VL-32B-Instruct/SEEDBench2_Plus, Rank 6/8:  32%|███▏      | 92/284 [10:05<16:32,  5.17s/it]Infer Qwen2.5-VL-32B-Instruct/SEEDBench2_Plus, Rank 6/8:  33%|███▎      | 93/284 [10:07<12:49,  4.03s/it]Infer Qwen2.5-VL-32B-Instruct/SEEDBench2_Plus, Rank 1/8:  16%|█▋        | 47/285 [10:08<1:13:13, 18.46s/it]Infer Qwen2.5-VL-32B-Instruct/SEEDBench2_Plus, Rank 1/8:  17%|█▋        | 48/285 [10:09<52:14, 13.23s/it]  Infer Qwen2.5-VL-32B-Instruct/SEEDBench2_Plus, Rank 1/8:  17%|█▋        | 49/285 [10:11<38:12,  9.71s/it]Infer Qwen2.5-VL-32B-Instruct/SEEDBench2_Plus, Rank 6/8:  33%|███▎      | 94/284 [10:11<13:02,  4.12s/it]Infer Qwen2.5-VL-32B-Instruct/SEEDBench2_Plus, Rank 5/8:  32%|███▏      | 92/284 [10:11<26:18,  8.22s/it]Infer Qwen2.5-VL-32B-Instruct/SEEDBench2_Plus, Rank 6/8:  33%|███▎      | 95/284 [10:12<09:48,  3.12s/it]Infer Qwen2.5-VL-32B-Instruct/SEEDBench2_Plus, Rank 1/8:  18%|█▊        | 50/285 [10:12<27:49,  7.10s/it]Infer Qwen2.5-VL-32B-Instruct/SEEDBench2_Plus, Rank 5/8:  33%|███▎      | 93/284 [10:13<19:36,  6.16s/it]Infer Qwen2.5-VL-32B-Instruct/SEEDBench2_Plus, Rank 1/8:  18%|█▊        | 51/285 [10:13<20:10,  5.17s/it]Infer Qwen2.5-VL-32B-Instruct/SEEDBench2_Plus, Rank 7/8:  23%|██▎       | 64/284 [10:13<1:24:29, 23.04s/it]Infer Qwen2.5-VL-32B-Instruct/SEEDBench2_Plus, Rank 6/8:  34%|███▍      | 96/284 [10:13<08:03,  2.57s/it]Infer Qwen2.5-VL-32B-Instruct/SEEDBench2_Plus, Rank 1/8:  18%|█▊        | 52/285 [10:13<14:57,  3.85s/it]Infer Qwen2.5-VL-32B-Instruct/SEEDBench2_Plus, Rank 7/8:  23%|██▎       | 65/284 [10:13<59:38, 16.34s/it]  Infer Qwen2.5-VL-32B-Instruct/SEEDBench2_Plus, Rank 5/8:  33%|███▎      | 94/284 [10:14<14:52,  4.70s/it]Infer Qwen2.5-VL-32B-Instruct/SEEDBench2_Plus, Rank 6/8:  34%|███▍      | 97/284 [10:14<06:44,  2.16s/it]Infer Qwen2.5-VL-32B-Instruct/SEEDBench2_Plus, Rank 3/8:  36%|███▋      | 104/285 [10:15<30:04,  9.97s/it]Infer Qwen2.5-VL-32B-Instruct/SEEDBench2_Plus, Rank 5/8:  33%|███▎      | 95/284 [10:15<11:20,  3.60s/it]Infer Qwen2.5-VL-32B-Instruct/SEEDBench2_Plus, Rank 5/8:  34%|███▍      | 96/284 [10:16<08:55,  2.85s/it]Infer Qwen2.5-VL-32B-Instruct/SEEDBench2_Plus, Rank 4/8:  36%|███▌      | 103/285 [10:19<30:22, 10.01s/it]Infer Qwen2.5-VL-32B-Instruct/SEEDBench2_Plus, Rank 7/8:  23%|██▎       | 66/284 [10:19<47:17, 13.01s/it]Infer Qwen2.5-VL-32B-Instruct/SEEDBench2_Plus, Rank 5/8:  34%|███▍      | 97/284 [10:20<10:19,  3.31s/it]Infer Qwen2.5-VL-32B-Instruct/SEEDBench2_Plus, Rank 1/8:  19%|█▊        | 53/285 [10:20<18:37,  4.82s/it]Infer Qwen2.5-VL-32B-Instruct/SEEDBench2_Plus, Rank 6/8:  35%|███▍      | 98/284 [10:21<11:20,  3.66s/it]Infer Qwen2.5-VL-32B-Instruct/SEEDBench2_Plus, Rank 5/8:  35%|███▍      | 98/284 [10:21<08:12,  2.65s/it]Infer Qwen2.5-VL-32B-Instruct/SEEDBench2_Plus, Rank 6/8:  35%|███▍      | 99/284 [10:23<09:05,  2.95s/it]Infer Qwen2.5-VL-32B-Instruct/SEEDBench2_Plus, Rank 1/8:  19%|█▉        | 54/285 [10:24<17:10,  4.46s/it]Infer Qwen2.5-VL-32B-Instruct/SEEDBench2_Plus, Rank 5/8:  35%|███▍      | 99/284 [10:26<10:15,  3.33s/it]Infer Qwen2.5-VL-32B-Instruct/SEEDBench2_Plus, Rank 4/8:  36%|███▋      | 104/285 [10:31<32:02, 10.62s/it]Infer Qwen2.5-VL-32B-Instruct/SEEDBench2_Plus, Rank 0/8:  31%|███       | 87/285 [10:31<48:59, 14.85s/it]Infer Qwen2.5-VL-32B-Instruct/SEEDBench2_Plus, Rank 3/8:  37%|███▋      | 105/285 [10:32<36:34, 12.19s/it]Infer Qwen2.5-VL-32B-Instruct/SEEDBench2_Plus, Rank 6/8:  35%|███▌      | 100/284 [10:32<15:17,  4.99s/it]Infer Qwen2.5-VL-32B-Instruct/SEEDBench2_Plus, Rank 7/8:  24%|██▎       | 67/284 [10:34<49:35, 13.71s/it]Infer Qwen2.5-VL-32B-Instruct/SEEDBench2_Plus, Rank 1/8:  19%|█▉        | 55/285 [10:36<25:19,  6.61s/it]Infer Qwen2.5-VL-32B-Instruct/SEEDBench2_Plus, Rank 3/8:  37%|███▋      | 106/285 [10:38<30:12, 10.13s/it]Infer Qwen2.5-VL-32B-Instruct/SEEDBench2_Plus, Rank 5/8:  35%|███▌      | 100/284 [10:38<17:24,  5.68s/it]Infer Qwen2.5-VL-32B-Instruct/SEEDBench2_Plus, Rank 5/8:  36%|███▌      | 101/284 [10:38<12:42,  4.17s/it]Infer Qwen2.5-VL-32B-Instruct/SEEDBench2_Plus, Rank 4/8:  37%|███▋      | 105/285 [10:43<33:29, 11.16s/it]Infer Qwen2.5-VL-32B-Instruct/SEEDBench2_Plus, Rank 7/8:  24%|██▍       | 68/284 [10:45<46:43, 12.98s/it]Infer Qwen2.5-VL-32B-Instruct/SEEDBench2_Plus, Rank 0/8:  31%|███       | 88/285 [10:46<49:27, 15.07s/it]Infer Qwen2.5-VL-32B-Instruct/SEEDBench2_Plus, Rank 1/8:  20%|█▉        | 56/285 [10:47<30:38,  8.03s/it]Infer Qwen2.5-VL-32B-Instruct/SEEDBench2_Plus, Rank 5/8:  36%|███▌      | 102/284 [10:47<17:00,  5.60s/it]Infer Qwen2.5-VL-32B-Instruct/SEEDBench2_Plus, Rank 3/8:  38%|███▊      | 107/285 [10:50<32:00, 10.79s/it]Infer Qwen2.5-VL-32B-Instruct/SEEDBench2_Plus, Rank 6/8:  36%|███▌      | 101/284 [10:53<29:30,  9.67s/it]Infer Qwen2.5-VL-32B-Instruct/SEEDBench2_Plus, Rank 7/8:  24%|██▍       | 69/284 [10:55<42:33, 11.88s/it]Infer Qwen2.5-VL-32B-Instruct/SEEDBench2_Plus, Rank 4/8:  37%|███▋      | 106/285 [10:55<33:51, 11.35s/it]Infer Qwen2.5-VL-32B-Instruct/SEEDBench2_Plus, Rank 7/8:  25%|██▍       | 70/284 [10:58<32:52,  9.22s/it]Infer Qwen2.5-VL-32B-Instruct/SEEDBench2_Plus, Rank 5/8:  36%|███▋      | 103/284 [10:59<22:50,  7.57s/it]Infer Qwen2.5-VL-32B-Instruct/SEEDBench2_Plus, Rank 0/8:  31%|███       | 89/285 [11:00<47:29, 14.54s/it]Infer Qwen2.5-VL-32B-Instruct/SEEDBench2_Plus, Rank 3/8:  38%|███▊      | 108/285 [11:01<32:24, 10.99s/it]Infer Qwen2.5-VL-32B-Instruct/SEEDBench2_Plus, Rank 1/8:  20%|██        | 57/285 [11:01<37:36,  9.90s/it]Infer Qwen2.5-VL-32B-Instruct/SEEDBench2_Plus, Rank 7/8:  25%|██▌       | 71/284 [11:04<29:08,  8.21s/it]Infer Qwen2.5-VL-32B-Instruct/SEEDBench2_Plus, Rank 7/8:  25%|██▌       | 72/284 [11:05<21:20,  6.04s/it]Infer Qwen2.5-VL-32B-Instruct/SEEDBench2_Plus, Rank 4/8:  38%|███▊      | 107/285 [11:05<32:23, 10.92s/it]Infer Qwen2.5-VL-32B-Instruct/SEEDBench2_Plus, Rank 7/8:  26%|██▌       | 73/284 [11:05<15:34,  4.43s/it]Infer Qwen2.5-VL-32B-Instruct/SEEDBench2_Plus, Rank 7/8:  26%|██▌       | 74/284 [11:07<12:29,  3.57s/it]Infer Qwen2.5-VL-32B-Instruct/SEEDBench2_Plus, Rank 7/8:  26%|██▋       | 75/284 [11:08<09:51,  2.83s/it]Infer Qwen2.5-VL-32B-Instruct/SEEDBench2_Plus, Rank 7/8:  27%|██▋       | 76/284 [11:09<07:39,  2.21s/it]Infer Qwen2.5-VL-32B-Instruct/SEEDBench2_Plus, Rank 7/8:  27%|██▋       | 77/284 [11:10<06:17,  1.82s/it]Infer Qwen2.5-VL-32B-Instruct/SEEDBench2_Plus, Rank 6/8:  36%|███▌      | 102/284 [11:10<35:33, 11.72s/it]Infer Qwen2.5-VL-32B-Instruct/SEEDBench2_Plus, Rank 0/8:  32%|███▏      | 90/285 [11:11<43:48, 13.48s/it]Infer Qwen2.5-VL-32B-Instruct/SEEDBench2_Plus, Rank 5/8:  37%|███▋      | 104/284 [11:13<28:12,  9.40s/it]Infer Qwen2.5-VL-32B-Instruct/SEEDBench2_Plus, Rank 7/8:  27%|██▋       | 78/284 [11:13<08:05,  2.36s/it]Infer Qwen2.5-VL-32B-Instruct/SEEDBench2_Plus, Rank 1/8:  20%|██        | 58/285 [11:13<39:49, 10.52s/it]Infer Qwen2.5-VL-32B-Instruct/SEEDBench2_Plus, Rank 4/8:  38%|███▊      | 108/285 [11:14<31:01, 10.52s/it]Infer Qwen2.5-VL-32B-Instruct/SEEDBench2_Plus, Rank 1/8:  21%|██        | 59/285 [11:14<29:01,  7.70s/it]Infer Qwen2.5-VL-32B-Instruct/SEEDBench2_Plus, Rank 1/8:  21%|██        | 60/285 [11:18<24:06,  6.43s/it]Infer Qwen2.5-VL-32B-Instruct/SEEDBench2_Plus, Rank 7/8:  28%|██▊       | 79/284 [11:19<11:30,  3.37s/it]Infer Qwen2.5-VL-32B-Instruct/SEEDBench2_Plus, Rank 3/8:  38%|███▊      | 109/285 [11:21<39:39, 13.52s/it]Infer Qwen2.5-VL-32B-Instruct/SEEDBench2_Plus, Rank 3/8:  39%|███▊      | 110/285 [11:21<28:12,  9.67s/it]Infer Qwen2.5-VL-32B-Instruct/SEEDBench2_Plus, Rank 6/8:  36%|███▋      | 103/284 [11:22<35:33, 11.79s/it]Infer Qwen2.5-VL-32B-Instruct/SEEDBench2_Plus, Rank 4/8:  38%|███▊      | 109/285 [11:22<27:59,  9.55s/it]Infer Qwen2.5-VL-32B-Instruct/SEEDBench2_Plus, Rank 6/8:  37%|███▋      | 104/284 [11:22<25:21,  8.45s/it]Infer Qwen2.5-VL-32B-Instruct/SEEDBench2_Plus, Rank 5/8:  37%|███▋      | 105/284 [11:22<27:55,  9.36s/it]Infer Qwen2.5-VL-32B-Instruct/SEEDBench2_Plus, Rank 1/8:  21%|██▏       | 61/285 [11:23<22:59,  6.16s/it]Infer Qwen2.5-VL-32B-Instruct/SEEDBench2_Plus, Rank 1/8:  22%|██▏       | 62/285 [11:25<17:29,  4.71s/it]Infer Qwen2.5-VL-32B-Instruct/SEEDBench2_Plus, Rank 1/8:  22%|██▏       | 63/285 [11:25<13:02,  3.52s/it]Infer Qwen2.5-VL-32B-Instruct/SEEDBench2_Plus, Rank 7/8:  28%|██▊       | 80/284 [11:26<15:17,  4.50s/it]Infer Qwen2.5-VL-32B-Instruct/SEEDBench2_Plus, Rank 1/8:  22%|██▏       | 64/285 [11:28<11:58,  3.25s/it]Infer Qwen2.5-VL-32B-Instruct/SEEDBench2_Plus, Rank 1/8:  23%|██▎       | 65/285 [11:29<09:16,  2.53s/it]Infer Qwen2.5-VL-32B-Instruct/SEEDBench2_Plus, Rank 0/8:  32%|███▏      | 91/285 [11:29<48:39, 15.05s/it]Infer Qwen2.5-VL-32B-Instruct/SEEDBench2_Plus, Rank 4/8:  39%|███▊      | 110/285 [11:30<26:32,  9.10s/it]Infer Qwen2.5-VL-32B-Instruct/SEEDBench2_Plus, Rank 3/8:  39%|███▉      | 111/285 [11:32<28:41,  9.90s/it]Infer Qwen2.5-VL-32B-Instruct/SEEDBench2_Plus, Rank 3/8:  39%|███▉      | 112/285 [11:33<20:33,  7.13s/it]Infer Qwen2.5-VL-32B-Instruct/SEEDBench2_Plus, Rank 4/8:  39%|███▉      | 111/285 [11:36<23:39,  8.16s/it]Infer Qwen2.5-VL-32B-Instruct/SEEDBench2_Plus, Rank 1/8:  23%|██▎       | 66/285 [11:37<15:13,  4.17s/it]Infer Qwen2.5-VL-32B-Instruct/SEEDBench2_Plus, Rank 6/8:  37%|███▋      | 105/284 [11:39<32:59, 11.06s/it]Infer Qwen2.5-VL-32B-Instruct/SEEDBench2_Plus, Rank 4/8:  39%|███▉      | 112/285 [11:41<21:27,  7.44s/it]Infer Qwen2.5-VL-32B-Instruct/SEEDBench2_Plus, Rank 1/8:  24%|██▎       | 67/285 [11:42<15:58,  4.40s/it]Infer Qwen2.5-VL-32B-Instruct/SEEDBench2_Plus, Rank 1/8:  24%|██▍       | 68/285 [11:43<12:11,  3.37s/it]Infer Qwen2.5-VL-32B-Instruct/SEEDBench2_Plus, Rank 7/8:  29%|██▊       | 81/284 [11:43<28:17,  8.36s/it]Infer Qwen2.5-VL-32B-Instruct/SEEDBench2_Plus, Rank 0/8:  32%|███▏      | 92/285 [11:44<48:10, 14.98s/it]Infer Qwen2.5-VL-32B-Instruct/SEEDBench2_Plus, Rank 3/8:  40%|███▉      | 113/285 [11:45<25:00,  8.73s/it]Infer Qwen2.5-VL-32B-Instruct/SEEDBench2_Plus, Rank 0/8:  33%|███▎      | 93/285 [11:45<34:25, 10.76s/it]Infer Qwen2.5-VL-32B-Instruct/SEEDBench2_Plus, Rank 1/8:  24%|██▍       | 69/285 [11:46<11:35,  3.22s/it]Infer Qwen2.5-VL-32B-Instruct/SEEDBench2_Plus, Rank 0/8:  33%|███▎      | 94/285 [11:46<25:18,  7.95s/it]Infer Qwen2.5-VL-32B-Instruct/SEEDBench2_Plus, Rank 6/8:  37%|███▋      | 106/284 [11:48<31:07, 10.49s/it]Infer Qwen2.5-VL-32B-Instruct/SEEDBench2_Plus, Rank 1/8:  25%|██▍       | 70/285 [11:50<12:22,  3.45s/it]Infer Qwen2.5-VL-32B-Instruct/SEEDBench2_Plus, Rank 1/8:  25%|██▍       | 71/285 [11:53<11:59,  3.36s/it]Infer Qwen2.5-VL-32B-Instruct/SEEDBench2_Plus, Rank 1/8:  25%|██▌       | 72/285 [11:54<09:10,  2.59s/it]Infer Qwen2.5-VL-32B-Instruct/SEEDBench2_Plus, Rank 3/8:  40%|████      | 114/285 [11:54<25:21,  8.90s/it]Infer Qwen2.5-VL-32B-Instruct/SEEDBench2_Plus, Rank 1/8:  26%|██▌       | 73/285 [11:55<07:24,  2.10s/it]Infer Qwen2.5-VL-32B-Instruct/SEEDBench2_Plus, Rank 4/8:  40%|███▉      | 113/285 [11:55<26:23,  9.21s/it]Infer Qwen2.5-VL-32B-Instruct/SEEDBench2_Plus, Rank 7/8:  29%|██▉       | 82/284 [11:55<31:14,  9.28s/it]Infer Qwen2.5-VL-32B-Instruct/SEEDBench2_Plus, Rank 1/8:  26%|██▌       | 74/285 [11:55<06:06,  1.74s/it]Infer Qwen2.5-VL-32B-Instruct/SEEDBench2_Plus, Rank 7/8:  29%|██▉       | 83/284 [11:55<22:28,  6.71s/it]Infer Qwen2.5-VL-32B-Instruct/SEEDBench2_Plus, Rank 1/8:  26%|██▋       | 75/285 [11:56<04:58,  1.42s/it]Infer Qwen2.5-VL-32B-Instruct/SEEDBench2_Plus, Rank 0/8:  33%|███▎      | 95/285 [11:57<27:33,  8.70s/it]Infer Qwen2.5-VL-32B-Instruct/SEEDBench2_Plus, Rank 1/8:  27%|██▋       | 76/285 [11:58<05:41,  1.64s/it]Infer Qwen2.5-VL-32B-Instruct/SEEDBench2_Plus, Rank 1/8:  27%|██▋       | 77/285 [11:59<04:49,  1.39s/it]Infer Qwen2.5-VL-32B-Instruct/SEEDBench2_Plus, Rank 1/8:  27%|██▋       | 78/285 [12:01<05:34,  1.62s/it]Infer Qwen2.5-VL-32B-Instruct/SEEDBench2_Plus, Rank 0/8:  34%|███▎      | 96/285 [12:02<23:31,  7.47s/it]Infer Qwen2.5-VL-32B-Instruct/SEEDBench2_Plus, Rank 0/8:  34%|███▍      | 97/285 [12:03<17:30,  5.59s/it]Infer Qwen2.5-VL-32B-Instruct/SEEDBench2_Plus, Rank 0/8:  34%|███▍      | 98/285 [12:04<13:31,  4.34s/it]Infer Qwen2.5-VL-32B-Instruct/SEEDBench2_Plus, Rank 3/8:  40%|████      | 115/285 [12:04<26:06,  9.22s/it]Infer Qwen2.5-VL-32B-Instruct/SEEDBench2_Plus, Rank 0/8:  35%|███▍      | 99/285 [12:05<10:31,  3.40s/it]Infer Qwen2.5-VL-32B-Instruct/SEEDBench2_Plus, Rank 4/8:  40%|████      | 114/285 [12:07<28:27,  9.98s/it]Infer Qwen2.5-VL-32B-Instruct/SEEDBench2_Plus, Rank 0/8:  35%|███▌      | 100/285 [12:07<08:27,  2.74s/it]Infer Qwen2.5-VL-32B-Instruct/SEEDBench2_Plus, Rank 1/8:  28%|██▊       | 79/285 [12:08<10:21,  3.02s/it]Infer Qwen2.5-VL-32B-Instruct/SEEDBench2_Plus, Rank 7/8:  30%|██▉       | 84/284 [12:09<29:10,  8.75s/it]Infer Qwen2.5-VL-32B-Instruct/SEEDBench2_Plus, Rank 0/8:  35%|███▌      | 101/285 [12:11<09:41,  3.16s/it]Infer Qwen2.5-VL-32B-Instruct/SEEDBench2_Plus, Rank 7/8:  30%|██▉       | 85/284 [12:12<23:10,  6.99s/it]Infer Qwen2.5-VL-32B-Instruct/SEEDBench2_Plus, Rank 4/8:  40%|████      | 115/285 [12:13<25:28,  8.99s/it]Infer Qwen2.5-VL-32B-Instruct/SEEDBench2_Plus, Rank 3/8:  41%|████      | 116/285 [12:15<26:59,  9.58s/it]Infer Qwen2.5-VL-32B-Instruct/SEEDBench2_Plus, Rank 6/8:  38%|███▊      | 107/284 [12:15<45:07, 15.30s/it]Infer Qwen2.5-VL-32B-Instruct/SEEDBench2_Plus, Rank 0/8:  36%|███▌      | 102/285 [12:19<13:54,  4.56s/it]Infer Qwen2.5-VL-32B-Instruct/SEEDBench2_Plus, Rank 3/8:  41%|████      | 117/285 [12:23<25:29,  9.10s/it]Infer Qwen2.5-VL-32B-Instruct/SEEDBench2_Plus, Rank 3/8:  41%|████▏     | 118/285 [12:24<18:29,  6.64s/it]Infer Qwen2.5-VL-32B-Instruct/SEEDBench2_Plus, Rank 7/8:  30%|███       | 86/284 [12:25<28:43,  8.70s/it]Infer Qwen2.5-VL-32B-Instruct/SEEDBench2_Plus, Rank 3/8:  42%|████▏     | 119/285 [12:25<13:55,  5.03s/it]Infer Qwen2.5-VL-32B-Instruct/SEEDBench2_Plus, Rank 0/8:  36%|███▌      | 103/285 [12:25<15:50,  5.22s/it]Infer Qwen2.5-VL-32B-Instruct/SEEDBench2_Plus, Rank 1/8:  28%|██▊       | 80/285 [12:27<26:43,  7.82s/it]Infer Qwen2.5-VL-32B-Instruct/SEEDBench2_Plus, Rank 3/8:  42%|████▏     | 120/285 [12:28<12:12,  4.44s/it]Infer Qwen2.5-VL-32B-Instruct/SEEDBench2_Plus, Rank 1/8:  28%|██▊       | 81/285 [12:28<19:57,  5.87s/it]Infer Qwen2.5-VL-32B-Instruct/SEEDBench2_Plus, Rank 3/8:  42%|████▏     | 121/285 [12:31<11:01,  4.03s/it]Infer Qwen2.5-VL-32B-Instruct/SEEDBench2_Plus, Rank 0/8:  36%|███▋      | 104/285 [12:37<21:28,  7.12s/it]Infer Qwen2.5-VL-32B-Instruct/SEEDBench2_Plus, Rank 7/8:  31%|███       | 87/284 [12:37<32:33,  9.92s/it]Infer Qwen2.5-VL-32B-Instruct/SEEDBench2_Plus, Rank 7/8:  31%|███       | 88/284 [12:40<25:14,  7.73s/it]Infer Qwen2.5-VL-32B-Instruct/SEEDBench2_Plus, Rank 4/8:  41%|████      | 116/285 [12:41<40:52, 14.51s/it]Infer Qwen2.5-VL-32B-Instruct/SEEDBench2_Plus, Rank 0/8:  37%|███▋      | 105/285 [12:41<18:30,  6.17s/it]Infer Qwen2.5-VL-32B-Instruct/SEEDBench2_Plus, Rank 3/8:  43%|████▎     | 122/285 [12:47<20:56,  7.71s/it]Infer Qwen2.5-VL-32B-Instruct/SEEDBench2_Plus, Rank 4/8:  41%|████      | 117/285 [12:48<34:16, 12.24s/it]Infer Qwen2.5-VL-32B-Instruct/SEEDBench2_Plus, Rank 6/8:  38%|███▊      | 108/284 [12:48<1:00:30, 20.63s/it]Infer Qwen2.5-VL-32B-Instruct/SEEDBench2_Plus, Rank 4/8:  41%|████▏     | 118/285 [12:48<24:24,  8.77s/it]Infer Qwen2.5-VL-32B-Instruct/SEEDBench2_Plus, Rank 6/8:  38%|███▊      | 109/284 [12:49<42:35, 14.60s/it]  Infer Qwen2.5-VL-32B-Instruct/SEEDBench2_Plus, Rank 7/8:  31%|███▏      | 89/284 [12:49<26:23,  8.12s/it]Infer Qwen2.5-VL-32B-Instruct/SEEDBench2_Plus, Rank 6/8:  39%|███▊      | 110/284 [12:50<30:36, 10.56s/it]Infer Qwen2.5-VL-32B-Instruct/SEEDBench2_Plus, Rank 0/8:  37%|███▋      | 106/285 [12:50<20:50,  6.99s/it]Infer Qwen2.5-VL-32B-Instruct/SEEDBench2_Plus, Rank 4/8:  42%|████▏     | 119/285 [12:50<18:17,  6.61s/it]Infer Qwen2.5-VL-32B-Instruct/SEEDBench2_Plus, Rank 4/8:  42%|████▏     | 120/285 [12:51<13:23,  4.87s/it]Infer Qwen2.5-VL-32B-Instruct/SEEDBench2_Plus, Rank 3/8:  43%|████▎     | 123/285 [12:51<17:38,  6.53s/it]Infer Qwen2.5-VL-32B-Instruct/SEEDBench2_Plus, Rank 3/8:  44%|████▎     | 124/285 [12:55<15:48,  5.89s/it]Infer Qwen2.5-VL-32B-Instruct/SEEDBench2_Plus, Rank 3/8:  44%|████▍     | 125/285 [12:56<11:46,  4.42s/it]Infer Qwen2.5-VL-32B-Instruct/SEEDBench2_Plus, Rank 4/8:  42%|████▏     | 121/285 [12:57<14:55,  5.46s/it]Infer Qwen2.5-VL-32B-Instruct/SEEDBench2_Plus, Rank 0/8:  38%|███▊      | 107/285 [13:01<24:40,  8.32s/it]Infer Qwen2.5-VL-32B-Instruct/SEEDBench2_Plus, Rank 6/8:  39%|███▉      | 111/284 [13:02<31:30, 10.93s/it]Infer Qwen2.5-VL-32B-Instruct/SEEDBench2_Plus, Rank 1/8:  29%|██▉       | 82/285 [13:03<49:11, 14.54s/it]Infer Qwen2.5-VL-32B-Instruct/SEEDBench2_Plus, Rank 3/8:  44%|████▍     | 126/285 [13:04<13:59,  5.28s/it]Infer Qwen2.5-VL-32B-Instruct/SEEDBench2_Plus, Rank 2/8:  21%|██        | 59/285 [13:04<4:30:48, 71.90s/it]Infer Qwen2.5-VL-32B-Instruct/SEEDBench2_Plus, Rank 2/8:  21%|██        | 60/285 [13:05<3:09:40, 50.58s/it]Infer Qwen2.5-VL-32B-Instruct/SEEDBench2_Plus, Rank 7/8:  32%|███▏      | 90/284 [13:06<34:52, 10.79s/it]Infer Qwen2.5-VL-32B-Instruct/SEEDBench2_Plus, Rank 1/8:  29%|██▉       | 83/285 [13:06<37:37, 11.18s/it]Infer Qwen2.5-VL-32B-Instruct/SEEDBench2_Plus, Rank 2/8:  21%|██▏       | 61/285 [13:06<2:13:35, 35.78s/it]Infer Qwen2.5-VL-32B-Instruct/SEEDBench2_Plus, Rank 4/8:  43%|████▎     | 122/285 [13:08<18:50,  6.94s/it]Infer Qwen2.5-VL-32B-Instruct/SEEDBench2_Plus, Rank 6/8:  39%|███▉      | 112/284 [13:09<28:18,  9.88s/it]Infer Qwen2.5-VL-32B-Instruct/SEEDBench2_Plus, Rank 3/8:  45%|████▍     | 127/285 [13:12<15:57,  6.06s/it]Infer Qwen2.5-VL-32B-Instruct/SEEDBench2_Plus, Rank 4/8:  43%|████▎     | 123/285 [13:13<17:39,  6.54s/it]Infer Qwen2.5-VL-32B-Instruct/SEEDBench2_Plus, Rank 1/8:  29%|██▉       | 84/285 [13:14<33:47, 10.09s/it]Infer Qwen2.5-VL-32B-Instruct/SEEDBench2_Plus, Rank 0/8:  38%|███▊      | 108/285 [13:15<29:06,  9.86s/it]Infer Qwen2.5-VL-32B-Instruct/SEEDBench2_Plus, Rank 6/8:  40%|███▉      | 113/284 [13:18<27:11,  9.54s/it]Infer Qwen2.5-VL-32B-Instruct/SEEDBench2_Plus, Rank 6/8:  40%|████      | 114/284 [13:20<20:59,  7.41s/it]Infer Qwen2.5-VL-32B-Instruct/SEEDBench2_Plus, Rank 4/8:  44%|████▎     | 124/285 [13:21<18:46,  6.99s/it]Infer Qwen2.5-VL-32B-Instruct/SEEDBench2_Plus, Rank 7/8:  32%|███▏      | 91/284 [13:22<39:51, 12.39s/it]Infer Qwen2.5-VL-32B-Instruct/SEEDBench2_Plus, Rank 2/8:  22%|██▏       | 62/285 [13:22<1:50:47, 29.81s/it]Infer Qwen2.5-VL-32B-Instruct/SEEDBench2_Plus, Rank 3/8:  45%|████▍     | 128/285 [13:23<19:47,  7.56s/it]Infer Qwen2.5-VL-32B-Instruct/SEEDBench2_Plus, Rank 1/8:  30%|██▉       | 85/285 [13:25<34:34, 10.37s/it]Infer Qwen2.5-VL-32B-Instruct/SEEDBench2_Plus, Rank 1/8:  30%|███       | 86/285 [13:26<25:11,  7.60s/it]Infer Qwen2.5-VL-32B-Instruct/SEEDBench2_Plus, Rank 3/8:  45%|████▌     | 129/285 [13:29<18:39,  7.18s/it]Infer Qwen2.5-VL-32B-Instruct/SEEDBench2_Plus, Rank 0/8:  38%|███▊      | 109/285 [13:30<33:34, 11.45s/it]Infer Qwen2.5-VL-32B-Instruct/SEEDBench2_Plus, Rank 3/8:  46%|████▌     | 130/285 [13:30<13:47,  5.34s/it]Infer Qwen2.5-VL-32B-Instruct/SEEDBench2_Plus, Rank 0/8:  39%|███▊      | 110/285 [13:30<23:52,  8.19s/it]Infer Qwen2.5-VL-32B-Instruct/SEEDBench2_Plus, Rank 4/8:  44%|████▍     | 125/285 [13:33<22:34,  8.47s/it]Infer Qwen2.5-VL-32B-Instruct/SEEDBench2_Plus, Rank 4/8:  44%|████▍     | 126/285 [13:34<16:19,  6.16s/it]Infer Qwen2.5-VL-32B-Instruct/SEEDBench2_Plus, Rank 6/8:  40%|████      | 115/284 [13:35<27:19,  9.70s/it]Infer Qwen2.5-VL-32B-Instruct/SEEDBench2_Plus, Rank 3/8:  46%|████▌     | 131/285 [13:37<15:19,  5.97s/it]Infer Qwen2.5-VL-32B-Instruct/SEEDBench2_Plus, Rank 0/8:  39%|███▉      | 111/285 [13:38<23:44,  8.19s/it]Infer Qwen2.5-VL-32B-Instruct/SEEDBench2_Plus, Rank 7/8:  32%|███▏      | 92/284 [13:39<43:34, 13.62s/it]Infer Qwen2.5-VL-32B-Instruct/SEEDBench2_Plus, Rank 2/8:  22%|██▏       | 63/285 [13:39<1:35:48, 25.89s/it]Infer Qwen2.5-VL-32B-Instruct/SEEDBench2_Plus, Rank 0/8:  39%|███▉      | 112/285 [13:39<17:01,  5.90s/it]Infer Qwen2.5-VL-32B-Instruct/SEEDBench2_Plus, Rank 3/8:  46%|████▋     | 132/285 [13:40<12:32,  4.92s/it]Infer Qwen2.5-VL-32B-Instruct/SEEDBench2_Plus, Rank 7/8:  33%|███▎      | 93/284 [13:40<31:42,  9.96s/it]Infer Qwen2.5-VL-32B-Instruct/SEEDBench2_Plus, Rank 2/8:  22%|██▏       | 64/285 [13:40<1:07:57, 18.45s/it]Infer Qwen2.5-VL-32B-Instruct/SEEDBench2_Plus, Rank 3/8:  47%|████▋     | 133/285 [13:41<09:31,  3.76s/it]Infer Qwen2.5-VL-32B-Instruct/SEEDBench2_Plus, Rank 3/8:  47%|████▋     | 134/285 [13:42<07:08,  2.84s/it]Infer Qwen2.5-VL-32B-Instruct/SEEDBench2_Plus, Rank 3/8:  47%|████▋     | 135/285 [13:42<05:31,  2.21s/it]Infer Qwen2.5-VL-32B-Instruct/SEEDBench2_Plus, Rank 1/8:  31%|███       | 87/285 [13:46<37:22, 11.33s/it]Infer Qwen2.5-VL-32B-Instruct/SEEDBench2_Plus, Rank 4/8:  45%|████▍     | 127/285 [13:48<22:05,  8.39s/it]Infer Qwen2.5-VL-32B-Instruct/SEEDBench2_Plus, Rank 0/8:  40%|███▉      | 113/285 [13:48<19:31,  6.81s/it]Infer Qwen2.5-VL-32B-Instruct/SEEDBench2_Plus, Rank 6/8:  41%|████      | 116/284 [13:52<32:48, 11.72s/it]Infer Qwen2.5-VL-32B-Instruct/SEEDBench2_Plus, Rank 2/8:  23%|██▎       | 65/285 [13:54<1:02:25, 17.02s/it]Infer Qwen2.5-VL-32B-Instruct/SEEDBench2_Plus, Rank 2/8:  23%|██▎       | 66/285 [13:55<44:12, 12.11s/it]  Infer Qwen2.5-VL-32B-Instruct/SEEDBench2_Plus, Rank 4/8:  45%|████▍     | 128/285 [13:56<21:36,  8.26s/it]Infer Qwen2.5-VL-32B-Instruct/SEEDBench2_Plus, Rank 7/8:  33%|███▎      | 94/284 [13:56<37:37, 11.88s/it]Infer Qwen2.5-VL-32B-Instruct/SEEDBench2_Plus, Rank 4/8:  45%|████▌     | 129/285 [13:57<15:42,  6.04s/it]Infer Qwen2.5-VL-32B-Instruct/SEEDBench2_Plus, Rank 4/8:  46%|████▌     | 130/285 [13:57<11:36,  4.50s/it]Infer Qwen2.5-VL-32B-Instruct/SEEDBench2_Plus, Rank 7/8:  33%|███▎      | 95/284 [13:58<27:25,  8.71s/it]Infer Qwen2.5-VL-32B-Instruct/SEEDBench2_Plus, Rank 1/8:  31%|███       | 88/285 [13:58<38:05, 11.60s/it]Infer Qwen2.5-VL-32B-Instruct/SEEDBench2_Plus, Rank 7/8:  34%|███▍      | 96/284 [13:59<20:18,  6.48s/it]Infer Qwen2.5-VL-32B-Instruct/SEEDBench2_Plus, Rank 1/8:  31%|███       | 89/285 [14:00<28:51,  8.83s/it]Infer Qwen2.5-VL-32B-Instruct/SEEDBench2_Plus, Rank 2/8:  24%|██▎       | 67/285 [14:02<38:42, 10.65s/it]Infer Qwen2.5-VL-32B-Instruct/SEEDBench2_Plus, Rank 6/8:  41%|████      | 117/284 [14:04<32:54, 11.82s/it]Infer Qwen2.5-VL-32B-Instruct/SEEDBench2_Plus, Rank 3/8:  48%|████▊     | 136/285 [14:07<22:08,  8.91s/it]Infer Qwen2.5-VL-32B-Instruct/SEEDBench2_Plus, Rank 4/8:  46%|████▌     | 131/285 [14:08<16:21,  6.37s/it]Infer Qwen2.5-VL-32B-Instruct/SEEDBench2_Plus, Rank 6/8:  42%|████▏     | 118/284 [14:09<27:01,  9.77s/it]Infer Qwen2.5-VL-32B-Instruct/SEEDBench2_Plus, Rank 7/8:  34%|███▍      | 97/284 [14:10<24:41,  7.92s/it]Infer Qwen2.5-VL-32B-Instruct/SEEDBench2_Plus, Rank 7/8:  35%|███▍      | 98/284 [14:12<18:59,  6.13s/it]Infer Qwen2.5-VL-32B-Instruct/SEEDBench2_Plus, Rank 0/8:  40%|████      | 114/285 [14:13<34:42, 12.18s/it]Infer Qwen2.5-VL-32B-Instruct/SEEDBench2_Plus, Rank 1/8:  32%|███▏      | 90/285 [14:13<32:35, 10.03s/it]Infer Qwen2.5-VL-32B-Instruct/SEEDBench2_Plus, Rank 1/8:  32%|███▏      | 91/285 [14:14<23:32,  7.28s/it]Infer Qwen2.5-VL-32B-Instruct/SEEDBench2_Plus, Rank 4/8:  46%|████▋     | 132/285 [14:16<17:20,  6.80s/it]Infer Qwen2.5-VL-32B-Instruct/SEEDBench2_Plus, Rank 6/8:  42%|████▏     | 119/284 [14:16<24:53,  9.05s/it]Infer Qwen2.5-VL-32B-Instruct/SEEDBench2_Plus, Rank 4/8:  47%|████▋     | 133/285 [14:17<12:32,  4.95s/it]Infer Qwen2.5-VL-32B-Instruct/SEEDBench2_Plus, Rank 6/8:  42%|████▏     | 120/284 [14:17<17:58,  6.57s/it]Infer Qwen2.5-VL-32B-Instruct/SEEDBench2_Plus, Rank 4/8:  47%|████▋     | 134/285 [14:18<09:34,  3.81s/it]Infer Qwen2.5-VL-32B-Instruct/SEEDBench2_Plus, Rank 7/8:  35%|███▍      | 99/284 [14:19<19:12,  6.23s/it]Infer Qwen2.5-VL-32B-Instruct/SEEDBench2_Plus, Rank 2/8:  24%|██▍       | 68/285 [14:19<45:51, 12.68s/it]Infer Qwen2.5-VL-32B-Instruct/SEEDBench2_Plus, Rank 4/8:  47%|████▋     | 135/285 [14:19<07:43,  3.09s/it]Infer Qwen2.5-VL-32B-Instruct/SEEDBench2_Plus, Rank 3/8:  48%|████▊     | 137/285 [14:20<25:07, 10.19s/it]Infer Qwen2.5-VL-32B-Instruct/SEEDBench2_Plus, Rank 0/8:  40%|████      | 115/285 [14:21<30:52, 10.90s/it]Infer Qwen2.5-VL-32B-Instruct/SEEDBench2_Plus, Rank 4/8:  48%|████▊     | 136/285 [14:23<07:50,  3.16s/it]Infer Qwen2.5-VL-32B-Instruct/SEEDBench2_Plus, Rank 2/8:  24%|██▍       | 69/285 [14:26<39:15, 10.91s/it]Infer Qwen2.5-VL-32B-Instruct/SEEDBench2_Plus, Rank 7/8:  35%|███▌      | 100/284 [14:28<21:58,  7.16s/it]Infer Qwen2.5-VL-32B-Instruct/SEEDBench2_Plus, Rank 2/8:  25%|██▍       | 70/285 [14:28<29:40,  8.28s/it]Infer Qwen2.5-VL-32B-Instruct/SEEDBench2_Plus, Rank 6/8:  43%|████▎     | 121/284 [14:29<22:16,  8.20s/it]Infer Qwen2.5-VL-32B-Instruct/SEEDBench2_Plus, Rank 6/8:  43%|████▎     | 122/284 [14:30<16:32,  6.13s/it]Infer Qwen2.5-VL-32B-Instruct/SEEDBench2_Plus, Rank 1/8:  32%|███▏      | 92/285 [14:31<32:22, 10.07s/it]Infer Qwen2.5-VL-32B-Instruct/SEEDBench2_Plus, Rank 2/8:  25%|██▍       | 71/285 [14:33<25:41,  7.20s/it]Infer Qwen2.5-VL-32B-Instruct/SEEDBench2_Plus, Rank 0/8:  41%|████      | 116/285 [14:38<36:18, 12.89s/it]Infer Qwen2.5-VL-32B-Instruct/SEEDBench2_Plus, Rank 3/8:  48%|████▊     | 138/285 [14:40<32:11, 13.14s/it]Infer Qwen2.5-VL-32B-Instruct/SEEDBench2_Plus, Rank 4/8:  48%|████▊     | 137/285 [14:41<19:08,  7.76s/it]Infer Qwen2.5-VL-32B-Instruct/SEEDBench2_Plus, Rank 2/8:  25%|██▌       | 72/285 [14:43<28:38,  8.07s/it]Infer Qwen2.5-VL-32B-Instruct/SEEDBench2_Plus, Rank 1/8:  33%|███▎      | 93/285 [14:46<37:10, 11.62s/it]Infer Qwen2.5-VL-32B-Instruct/SEEDBench2_Plus, Rank 6/8:  43%|████▎     | 123/284 [14:46<24:24,  9.09s/it]Infer Qwen2.5-VL-32B-Instruct/SEEDBench2_Plus, Rank 0/8:  41%|████      | 117/285 [14:47<32:32, 11.62s/it]Infer Qwen2.5-VL-32B-Instruct/SEEDBench2_Plus, Rank 1/8:  33%|███▎      | 94/285 [14:47<26:59,  8.48s/it]Infer Qwen2.5-VL-32B-Instruct/SEEDBench2_Plus, Rank 0/8:  41%|████▏     | 118/285 [14:48<23:18,  8.38s/it]Infer Qwen2.5-VL-32B-Instruct/SEEDBench2_Plus, Rank 2/8:  26%|██▌       | 73/285 [14:49<26:08,  7.40s/it]Infer Qwen2.5-VL-32B-Instruct/SEEDBench2_Plus, Rank 2/8:  26%|██▌       | 74/285 [14:50<19:13,  5.47s/it]Infer Qwen2.5-VL-32B-Instruct/SEEDBench2_Plus, Rank 7/8:  36%|███▌      | 101/284 [14:50<35:34, 11.66s/it]Infer Qwen2.5-VL-32B-Instruct/SEEDBench2_Plus, Rank 2/8:  26%|██▋       | 75/285 [14:50<14:11,  4.06s/it]Infer Qwen2.5-VL-32B-Instruct/SEEDBench2_Plus, Rank 7/8:  36%|███▌      | 102/284 [14:51<25:25,  8.38s/it]Infer Qwen2.5-VL-32B-Instruct/SEEDBench2_Plus, Rank 2/8:  27%|██▋       | 76/285 [14:51<10:56,  3.14s/it]Infer Qwen2.5-VL-32B-Instruct/SEEDBench2_Plus, Rank 4/8:  48%|████▊     | 138/285 [14:53<21:49,  8.91s/it]Infer Qwen2.5-VL-32B-Instruct/SEEDBench2_Plus, Rank 0/8:  42%|████▏     | 119/285 [14:53<20:34,  7.44s/it]Infer Qwen2.5-VL-32B-Instruct/SEEDBench2_Plus, Rank 0/8:  42%|████▏     | 120/285 [14:55<15:49,  5.75s/it]Infer Qwen2.5-VL-32B-Instruct/SEEDBench2_Plus, Rank 3/8:  49%|████▉     | 139/285 [14:55<33:33, 13.79s/it]Infer Qwen2.5-VL-32B-Instruct/SEEDBench2_Plus, Rank 1/8:  33%|███▎      | 95/285 [14:56<27:01,  8.54s/it]Infer Qwen2.5-VL-32B-Instruct/SEEDBench2_Plus, Rank 3/8:  49%|████▉     | 140/285 [14:56<23:52,  9.88s/it]Infer Qwen2.5-VL-32B-Instruct/SEEDBench2_Plus, Rank 6/8:  44%|████▎     | 124/284 [14:57<25:51,  9.69s/it]Infer Qwen2.5-VL-32B-Instruct/SEEDBench2_Plus, Rank 0/8:  42%|████▏     | 121/285 [14:58<13:26,  4.92s/it]Infer Qwen2.5-VL-32B-Instruct/SEEDBench2_Plus, Rank 2/8:  27%|██▋       | 77/285 [14:58<14:20,  4.13s/it]Infer Qwen2.5-VL-32B-Instruct/SEEDBench2_Plus, Rank 7/8:  36%|███▋      | 103/284 [15:00<25:34,  8.48s/it]Infer Qwen2.5-VL-32B-Instruct/SEEDBench2_Plus, Rank 6/8:  44%|████▍     | 125/284 [15:00<20:34,  7.77s/it]Infer Qwen2.5-VL-32B-Instruct/SEEDBench2_Plus, Rank 6/8:  44%|████▍     | 126/284 [15:02<15:09,  5.75s/it]Infer Qwen2.5-VL-32B-Instruct/SEEDBench2_Plus, Rank 2/8:  27%|██▋       | 78/285 [15:03<15:01,  4.35s/it]Infer Qwen2.5-VL-32B-Instruct/SEEDBench2_Plus, Rank 2/8:  28%|██▊       | 79/285 [15:04<11:47,  3.44s/it]Infer Qwen2.5-VL-32B-Instruct/SEEDBench2_Plus, Rank 2/8:  28%|██▊       | 80/285 [15:06<09:46,  2.86s/it]Infer Qwen2.5-VL-32B-Instruct/SEEDBench2_Plus, Rank 3/8:  49%|████▉     | 141/285 [15:06<23:23,  9.75s/it]Infer Qwen2.5-VL-32B-Instruct/SEEDBench2_Plus, Rank 3/8:  50%|████▉     | 142/285 [15:07<16:53,  7.09s/it]Infer Qwen2.5-VL-32B-Instruct/SEEDBench2_Plus, Rank 0/8:  43%|████▎     | 122/285 [15:07<17:18,  6.37s/it]Infer Qwen2.5-VL-32B-Instruct/SEEDBench2_Plus, Rank 1/8:  34%|███▎      | 96/285 [15:12<33:57, 10.78s/it]Infer Qwen2.5-VL-32B-Instruct/SEEDBench2_Plus, Rank 0/8:  43%|████▎     | 123/285 [15:12<15:27,  5.72s/it]Infer Qwen2.5-VL-32B-Instruct/SEEDBench2_Plus, Rank 7/8:  37%|███▋      | 104/284 [15:12<29:10,  9.73s/it]Infer Qwen2.5-VL-32B-Instruct/SEEDBench2_Plus, Rank 0/8:  44%|████▎     | 124/285 [15:15<13:41,  5.10s/it]Infer Qwen2.5-VL-32B-Instruct/SEEDBench2_Plus, Rank 6/8:  45%|████▍     | 127/284 [15:16<21:57,  8.39s/it]Infer Qwen2.5-VL-32B-Instruct/SEEDBench2_Plus, Rank 1/8:  34%|███▍      | 97/285 [15:17<28:32,  9.11s/it]Infer Qwen2.5-VL-32B-Instruct/SEEDBench2_Plus, Rank 4/8:  49%|████▉     | 139/285 [15:18<33:31, 13.78s/it]Infer Qwen2.5-VL-32B-Instruct/SEEDBench2_Plus, Rank 0/8:  44%|████▍     | 125/285 [15:18<11:32,  4.33s/it]Infer Qwen2.5-VL-32B-Instruct/SEEDBench2_Plus, Rank 1/8:  34%|███▍      | 98/285 [15:18<20:59,  6.74s/it]Infer Qwen2.5-VL-32B-Instruct/SEEDBench2_Plus, Rank 4/8:  49%|████▉     | 140/285 [15:19<24:08,  9.99s/it]Infer Qwen2.5-VL-32B-Instruct/SEEDBench2_Plus, Rank 1/8:  35%|███▍      | 99/285 [15:19<15:37,  5.04s/it]Infer Qwen2.5-VL-32B-Instruct/SEEDBench2_Plus, Rank 2/8:  28%|██▊       | 81/285 [15:21<22:32,  6.63s/it]Infer Qwen2.5-VL-32B-Instruct/SEEDBench2_Plus, Rank 0/8:  44%|████▍     | 126/285 [15:21<10:30,  3.97s/it]Infer Qwen2.5-VL-32B-Instruct/SEEDBench2_Plus, Rank 2/8:  29%|██▉       | 82/285 [15:22<16:29,  4.87s/it]Infer Qwen2.5-VL-32B-Instruct/SEEDBench2_Plus, Rank 6/8:  45%|████▌     | 128/284 [15:26<22:40,  8.72s/it]Infer Qwen2.5-VL-32B-Instruct/SEEDBench2_Plus, Rank 6/8:  45%|████▌     | 129/284 [15:26<16:21,  6.33s/it]Infer Qwen2.5-VL-32B-Instruct/SEEDBench2_Plus, Rank 7/8:  37%|███▋      | 105/284 [15:26<32:58, 11.05s/it]Infer Qwen2.5-VL-32B-Instruct/SEEDBench2_Plus, Rank 2/8:  29%|██▉       | 83/285 [15:27<17:04,  5.07s/it]Infer Qwen2.5-VL-32B-Instruct/SEEDBench2_Plus, Rank 3/8:  50%|█████     | 143/285 [15:28<27:11, 11.49s/it]Infer Qwen2.5-VL-32B-Instruct/SEEDBench2_Plus, Rank 3/8:  51%|█████     | 144/285 [15:29<19:31,  8.31s/it]Infer Qwen2.5-VL-32B-Instruct/SEEDBench2_Plus, Rank 3/8:  51%|█████     | 145/285 [15:30<13:57,  5.98s/it]Infer Qwen2.5-VL-32B-Instruct/SEEDBench2_Plus, Rank 3/8:  51%|█████     | 146/285 [15:31<10:22,  4.48s/it]Infer Qwen2.5-VL-32B-Instruct/SEEDBench2_Plus, Rank 3/8:  52%|█████▏    | 147/285 [15:31<07:42,  3.35s/it]Infer Qwen2.5-VL-32B-Instruct/SEEDBench2_Plus, Rank 3/8:  52%|█████▏    | 148/285 [15:33<06:42,  2.94s/it]Infer Qwen2.5-VL-32B-Instruct/SEEDBench2_Plus, Rank 3/8:  52%|█████▏    | 149/285 [15:34<05:22,  2.37s/it]Infer Qwen2.5-VL-32B-Instruct/SEEDBench2_Plus, Rank 2/8:  29%|██▉       | 84/285 [15:35<19:09,  5.72s/it]Infer Qwen2.5-VL-32B-Instruct/SEEDBench2_Plus, Rank 2/8:  30%|██▉       | 85/285 [15:36<14:28,  4.34s/it]Infer Qwen2.5-VL-32B-Instruct/SEEDBench2_Plus, Rank 7/8:  37%|███▋      | 106/284 [15:36<31:55, 10.76s/it]Infer Qwen2.5-VL-32B-Instruct/SEEDBench2_Plus, Rank 6/8:  46%|████▌     | 130/284 [15:37<19:53,  7.75s/it]Infer Qwen2.5-VL-32B-Instruct/SEEDBench2_Plus, Rank 4/8:  49%|████▉     | 141/285 [15:38<30:16, 12.62s/it]Infer Qwen2.5-VL-32B-Instruct/SEEDBench2_Plus, Rank 1/8:  35%|███▌      | 100/285 [15:40<30:12,  9.80s/it]Infer Qwen2.5-VL-32B-Instruct/SEEDBench2_Plus, Rank 4/8:  50%|████▉     | 142/285 [15:40<22:51,  9.59s/it]Infer Qwen2.5-VL-32B-Instruct/SEEDBench2_Plus, Rank 2/8:  30%|███       | 86/285 [15:45<19:39,  5.93s/it]Infer Qwen2.5-VL-32B-Instruct/SEEDBench2_Plus, Rank 0/8:  45%|████▍     | 127/285 [15:46<26:47, 10.18s/it]Infer Qwen2.5-VL-32B-Instruct/SEEDBench2_Plus, Rank 6/8:  46%|████▌     | 131/284 [15:51<24:25,  9.58s/it]Infer Qwen2.5-VL-32B-Instruct/SEEDBench2_Plus, Rank 4/8:  50%|█████     | 143/285 [15:53<24:45, 10.46s/it]Infer Qwen2.5-VL-32B-Instruct/SEEDBench2_Plus, Rank 7/8:  38%|███▊      | 107/284 [15:54<38:08, 12.93s/it]Infer Qwen2.5-VL-32B-Instruct/SEEDBench2_Plus, Rank 7/8:  38%|███▊      | 108/284 [15:56<27:49,  9.48s/it]Infer Qwen2.5-VL-32B-Instruct/SEEDBench2_Plus, Rank 4/8:  51%|█████     | 144/285 [15:56<19:53,  8.46s/it]Infer Qwen2.5-VL-32B-Instruct/SEEDBench2_Plus, Rank 7/8:  38%|███▊      | 109/284 [15:56<19:49,  6.80s/it]Infer Qwen2.5-VL-32B-Instruct/SEEDBench2_Plus, Rank 4/8:  51%|█████     | 145/285 [15:57<14:11,  6.08s/it]Infer Qwen2.5-VL-32B-Instruct/SEEDBench2_Plus, Rank 6/8:  46%|████▋     | 132/284 [16:00<23:16,  9.18s/it]Infer Qwen2.5-VL-32B-Instruct/SEEDBench2_Plus, Rank 4/8:  51%|█████     | 146/285 [16:00<11:51,  5.12s/it]Infer Qwen2.5-VL-32B-Instruct/SEEDBench2_Plus, Rank 0/8:  45%|████▍     | 128/285 [16:01<30:46, 11.76s/it]Infer Qwen2.5-VL-32B-Instruct/SEEDBench2_Plus, Rank 4/8:  52%|█████▏    | 147/285 [16:02<09:28,  4.12s/it]Infer Qwen2.5-VL-32B-Instruct/SEEDBench2_Plus, Rank 4/8:  52%|█████▏    | 148/285 [16:03<07:24,  3.24s/it]Infer Qwen2.5-VL-32B-Instruct/SEEDBench2_Plus, Rank 4/8:  52%|█████▏    | 149/285 [16:04<05:51,  2.58s/it]Infer Qwen2.5-VL-32B-Instruct/SEEDBench2_Plus, Rank 1/8:  35%|███▌      | 101/285 [16:04<43:01, 14.03s/it]Infer Qwen2.5-VL-32B-Instruct/SEEDBench2_Plus, Rank 3/8:  53%|█████▎    | 150/285 [16:04<23:42, 10.53s/it]Infer Qwen2.5-VL-32B-Instruct/SEEDBench2_Plus, Rank 4/8:  53%|█████▎    | 150/285 [16:05<04:59,  2.22s/it]Infer Qwen2.5-VL-32B-Instruct/SEEDBench2_Plus, Rank 3/8:  53%|█████▎    | 151/285 [16:05<17:20,  7.76s/it]Infer Qwen2.5-VL-32B-Instruct/SEEDBench2_Plus, Rank 6/8:  47%|████▋     | 133/284 [16:07<21:44,  8.64s/it]Infer Qwen2.5-VL-32B-Instruct/SEEDBench2_Plus, Rank 3/8:  53%|█████▎    | 152/285 [16:07<13:26,  6.06s/it]Infer Qwen2.5-VL-32B-Instruct/SEEDBench2_Plus, Rank 4/8:  53%|█████▎    | 151/285 [16:07<04:57,  2.22s/it]Infer Qwen2.5-VL-32B-Instruct/SEEDBench2_Plus, Rank 4/8:  53%|█████▎    | 152/285 [16:08<04:01,  1.82s/it]Infer Qwen2.5-VL-32B-Instruct/SEEDBench2_Plus, Rank 3/8:  54%|█████▎    | 153/285 [16:10<10:50,  4.93s/it]Infer Qwen2.5-VL-32B-Instruct/SEEDBench2_Plus, Rank 1/8:  36%|███▌      | 102/285 [16:10<35:09, 11.53s/it]Infer Qwen2.5-VL-32B-Instruct/SEEDBench2_Plus, Rank 0/8:  45%|████▌     | 129/285 [16:11<28:56, 11.13s/it]Infer Qwen2.5-VL-32B-Instruct/SEEDBench2_Plus, Rank 7/8:  39%|███▊      | 110/284 [16:13<28:14,  9.74s/it]Infer Qwen2.5-VL-32B-Instruct/SEEDBench2_Plus, Rank 0/8:  46%|████▌     | 130/285 [16:14<22:18,  8.64s/it]Infer Qwen2.5-VL-32B-Instruct/SEEDBench2_Plus, Rank 7/8:  39%|███▉      | 111/284 [16:14<20:19,  7.05s/it]Infer Qwen2.5-VL-32B-Instruct/SEEDBench2_Plus, Rank 4/8:  54%|█████▎    | 153/285 [16:16<08:07,  3.69s/it]Infer Qwen2.5-VL-32B-Instruct/SEEDBench2_Plus, Rank 1/8:  36%|███▌      | 103/285 [16:17<30:42, 10.12s/it]Infer Qwen2.5-VL-32B-Instruct/SEEDBench2_Plus, Rank 0/8:  46%|████▌     | 131/285 [16:17<18:21,  7.15s/it]Infer Qwen2.5-VL-32B-Instruct/SEEDBench2_Plus, Rank 4/8:  54%|█████▍    | 154/285 [16:17<06:21,  2.91s/it]Infer Qwen2.5-VL-32B-Instruct/SEEDBench2_Plus, Rank 7/8:  39%|███▉      | 112/284 [16:18<18:07,  6.32s/it]Infer Qwen2.5-VL-32B-Instruct/SEEDBench2_Plus, Rank 4/8:  54%|█████▍    | 155/285 [16:18<05:03,  2.34s/it]Infer Qwen2.5-VL-32B-Instruct/SEEDBench2_Plus, Rank 6/8:  47%|████▋     | 134/284 [16:20<24:37,  9.85s/it]Infer Qwen2.5-VL-32B-Instruct/SEEDBench2_Plus, Rank 6/8:  48%|████▊     | 135/284 [16:21<17:57,  7.23s/it]Infer Qwen2.5-VL-32B-Instruct/SEEDBench2_Plus, Rank 4/8:  55%|█████▍    | 156/285 [16:21<05:18,  2.47s/it]Infer Qwen2.5-VL-32B-Instruct/SEEDBench2_Plus, Rank 1/8:  36%|███▋      | 104/285 [16:27<30:30, 10.12s/it]Infer Qwen2.5-VL-32B-Instruct/SEEDBench2_Plus, Rank 7/8:  40%|███▉      | 113/284 [16:27<19:54,  6.99s/it]Infer Qwen2.5-VL-32B-Instruct/SEEDBench2_Plus, Rank 0/8:  46%|████▋     | 132/285 [16:28<21:02,  8.25s/it]Infer Qwen2.5-VL-32B-Instruct/SEEDBench2_Plus, Rank 5/8:  37%|███▋      | 106/284 [16:28<4:51:44, 98.34s/it]Infer Qwen2.5-VL-32B-Instruct/SEEDBench2_Plus, Rank 4/8:  55%|█████▌    | 157/285 [16:28<08:13,  3.86s/it]Infer Qwen2.5-VL-32B-Instruct/SEEDBench2_Plus, Rank 7/8:  40%|████      | 114/284 [16:29<15:51,  5.59s/it]Infer Qwen2.5-VL-32B-Instruct/SEEDBench2_Plus, Rank 0/8:  47%|████▋     | 133/285 [16:29<15:38,  6.18s/it]Infer Qwen2.5-VL-32B-Instruct/SEEDBench2_Plus, Rank 3/8:  54%|█████▍    | 154/285 [16:30<20:59,  9.61s/it]Infer Qwen2.5-VL-32B-Instruct/SEEDBench2_Plus, Rank 0/8:  47%|████▋     | 134/285 [16:32<12:30,  4.97s/it]Infer Qwen2.5-VL-32B-Instruct/SEEDBench2_Plus, Rank 0/8:  47%|████▋     | 135/285 [16:33<10:05,  4.03s/it]Infer Qwen2.5-VL-32B-Instruct/SEEDBench2_Plus, Rank 0/8:  48%|████▊     | 136/285 [16:34<07:34,  3.05s/it]Infer Qwen2.5-VL-32B-Instruct/SEEDBench2_Plus, Rank 4/8:  55%|█████▌    | 158/285 [16:36<10:27,  4.94s/it]Infer Qwen2.5-VL-32B-Instruct/SEEDBench2_Plus, Rank 7/8:  40%|████      | 115/284 [16:36<16:59,  6.03s/it]Infer Qwen2.5-VL-32B-Instruct/SEEDBench2_Plus, Rank 6/8:  48%|████▊     | 136/284 [16:38<24:57, 10.12s/it]Infer Qwen2.5-VL-32B-Instruct/SEEDBench2_Plus, Rank 3/8:  54%|█████▍    | 155/285 [16:38<19:57,  9.21s/it]Infer Qwen2.5-VL-32B-Instruct/SEEDBench2_Plus, Rank 3/8:  55%|█████▍    | 156/285 [16:39<14:22,  6.68s/it]Infer Qwen2.5-VL-32B-Instruct/SEEDBench2_Plus, Rank 5/8:  38%|███▊      | 107/284 [16:42<3:35:16, 72.98s/it]Infer Qwen2.5-VL-32B-Instruct/SEEDBench2_Plus, Rank 3/8:  55%|█████▌    | 157/285 [16:47<15:08,  7.09s/it]Infer Qwen2.5-VL-32B-Instruct/SEEDBench2_Plus, Rank 1/8:  37%|███▋      | 105/285 [16:48<40:07, 13.38s/it]Infer Qwen2.5-VL-32B-Instruct/SEEDBench2_Plus, Rank 4/8:  56%|█████▌    | 159/285 [16:51<16:34,  7.89s/it]Infer Qwen2.5-VL-32B-Instruct/SEEDBench2_Plus, Rank 5/8:  38%|███▊      | 108/284 [16:51<2:38:07, 53.90s/it]Infer Qwen2.5-VL-32B-Instruct/SEEDBench2_Plus, Rank 5/8:  38%|███▊      | 109/284 [16:52<1:50:49, 38.00s/it]Infer Qwen2.5-VL-32B-Instruct/SEEDBench2_Plus, Rank 0/8:  48%|████▊     | 137/285 [16:53<19:00,  7.71s/it]Infer Qwen2.5-VL-32B-Instruct/SEEDBench2_Plus, Rank 5/8:  39%|███▊      | 110/284 [16:53<1:17:57, 26.88s/it]Infer Qwen2.5-VL-32B-Instruct/SEEDBench2_Plus, Rank 7/8:  41%|████      | 116/284 [16:55<27:06,  9.68s/it]Infer Qwen2.5-VL-32B-Instruct/SEEDBench2_Plus, Rank 7/8:  41%|████      | 117/284 [16:55<19:21,  6.95s/it]Infer Qwen2.5-VL-32B-Instruct/SEEDBench2_Plus, Rank 0/8:  48%|████▊     | 138/285 [16:55<15:09,  6.18s/it]Infer Qwen2.5-VL-32B-Instruct/SEEDBench2_Plus, Rank 6/8:  48%|████▊     | 137/284 [16:59<33:10, 13.54s/it]Infer Qwen2.5-VL-32B-Instruct/SEEDBench2_Plus, Rank 5/8:  39%|███▉      | 111/284 [17:00<59:47, 20.74s/it]  Infer Qwen2.5-VL-32B-Instruct/SEEDBench2_Plus, Rank 3/8:  55%|█████▌    | 158/285 [17:02<19:52,  9.39s/it]Infer Qwen2.5-VL-32B-Instruct/SEEDBench2_Plus, Rank 4/8:  56%|█████▌    | 160/285 [17:03<19:14,  9.23s/it]Infer Qwen2.5-VL-32B-Instruct/SEEDBench2_Plus, Rank 0/8:  49%|████▉     | 139/285 [17:05<17:17,  7.10s/it]Infer Qwen2.5-VL-32B-Instruct/SEEDBench2_Plus, Rank 5/8:  39%|███▉      | 112/284 [17:05<46:09, 16.10s/it]Infer Qwen2.5-VL-32B-Instruct/SEEDBench2_Plus, Rank 4/8:  56%|█████▋    | 161/285 [17:05<14:39,  7.09s/it]Infer Qwen2.5-VL-32B-Instruct/SEEDBench2_Plus, Rank 1/8:  37%|███▋      | 106/285 [17:07<45:17, 15.18s/it]Infer Qwen2.5-VL-32B-Instruct/SEEDBench2_Plus, Rank 7/8:  42%|████▏     | 118/284 [17:07<23:18,  8.42s/it]Infer Qwen2.5-VL-32B-Instruct/SEEDBench2_Plus, Rank 5/8:  40%|███▉      | 113/284 [17:11<37:21, 13.11s/it]Infer Qwen2.5-VL-32B-Instruct/SEEDBench2_Plus, Rank 7/8:  42%|████▏     | 119/284 [17:11<19:44,  7.18s/it]Infer Qwen2.5-VL-32B-Instruct/SEEDBench2_Plus, Rank 6/8:  49%|████▊     | 138/284 [17:13<33:35, 13.81s/it]Infer Qwen2.5-VL-32B-Instruct/SEEDBench2_Plus, Rank 3/8:  56%|█████▌    | 159/285 [17:14<21:02, 10.02s/it]Infer Qwen2.5-VL-32B-Instruct/SEEDBench2_Plus, Rank 7/8:  42%|████▏     | 120/284 [17:19<19:56,  7.30s/it]Infer Qwen2.5-VL-32B-Instruct/SEEDBench2_Plus, Rank 4/8:  57%|█████▋    | 162/285 [17:19<18:45,  9.15s/it]Infer Qwen2.5-VL-32B-Instruct/SEEDBench2_Plus, Rank 7/8:  43%|████▎     | 121/284 [17:21<15:56,  5.87s/it]Infer Qwen2.5-VL-32B-Instruct/SEEDBench2_Plus, Rank 1/8:  38%|███▊      | 107/285 [17:22<44:34, 15.02s/it]Infer Qwen2.5-VL-32B-Instruct/SEEDBench2_Plus, Rank 3/8:  56%|█████▌    | 160/285 [17:22<20:06,  9.65s/it]Infer Qwen2.5-VL-32B-Instruct/SEEDBench2_Plus, Rank 5/8:  40%|████      | 114/284 [17:26<38:42, 13.66s/it]Infer Qwen2.5-VL-32B-Instruct/SEEDBench2_Plus, Rank 3/8:  56%|█████▋    | 161/285 [17:26<16:22,  7.92s/it]Infer Qwen2.5-VL-32B-Instruct/SEEDBench2_Plus, Rank 6/8:  49%|████▉     | 139/284 [17:28<34:13, 14.17s/it]Infer Qwen2.5-VL-32B-Instruct/SEEDBench2_Plus, Rank 4/8:  57%|█████▋    | 163/285 [17:29<19:22,  9.53s/it]Infer Qwen2.5-VL-32B-Instruct/SEEDBench2_Plus, Rank 0/8:  49%|████▉     | 140/285 [17:31<31:00, 12.83s/it]Infer Qwen2.5-VL-32B-Instruct/SEEDBench2_Plus, Rank 1/8:  38%|███▊      | 108/285 [17:31<39:29, 13.39s/it]Infer Qwen2.5-VL-32B-Instruct/SEEDBench2_Plus, Rank 0/8:  49%|████▉     | 141/285 [17:33<22:56,  9.56s/it]Infer Qwen2.5-VL-32B-Instruct/SEEDBench2_Plus, Rank 0/8:  50%|████▉     | 142/285 [17:33<16:30,  6.92s/it]Infer Qwen2.5-VL-32B-Instruct/SEEDBench2_Plus, Rank 7/8:  43%|████▎     | 122/284 [17:35<21:55,  8.12s/it]Infer Qwen2.5-VL-32B-Instruct/SEEDBench2_Plus, Rank 3/8:  57%|█████▋    | 162/285 [17:35<16:54,  8.24s/it]Infer Qwen2.5-VL-32B-Instruct/SEEDBench2_Plus, Rank 4/8:  58%|█████▊    | 164/285 [17:37<18:03,  8.96s/it]Infer Qwen2.5-VL-32B-Instruct/SEEDBench2_Plus, Rank 4/8:  58%|█████▊    | 165/285 [17:38<13:03,  6.53s/it]Infer Qwen2.5-VL-32B-Instruct/SEEDBench2_Plus, Rank 3/8:  57%|█████▋    | 163/285 [17:38<13:28,  6.63s/it]Infer Qwen2.5-VL-32B-Instruct/SEEDBench2_Plus, Rank 1/8:  38%|███▊      | 109/285 [17:40<35:32, 12.12s/it]Infer Qwen2.5-VL-32B-Instruct/SEEDBench2_Plus, Rank 1/8:  39%|███▊      | 110/285 [17:41<25:34,  8.77s/it]Infer Qwen2.5-VL-32B-Instruct/SEEDBench2_Plus, Rank 5/8:  40%|████      | 115/284 [17:41<39:57, 14.19s/it]Infer Qwen2.5-VL-32B-Instruct/SEEDBench2_Plus, Rank 1/8:  39%|███▉      | 111/285 [17:42<18:46,  6.47s/it]Infer Qwen2.5-VL-32B-Instruct/SEEDBench2_Plus, Rank 1/8:  39%|███▉      | 112/285 [17:43<13:37,  4.73s/it]Infer Qwen2.5-VL-32B-Instruct/SEEDBench2_Plus, Rank 1/8:  40%|███▉      | 113/285 [17:44<10:23,  3.62s/it]Infer Qwen2.5-VL-32B-Instruct/SEEDBench2_Plus, Rank 4/8:  58%|█████▊    | 166/285 [17:46<14:00,  7.06s/it]Infer Qwen2.5-VL-32B-Instruct/SEEDBench2_Plus, Rank 3/8:  58%|█████▊    | 164/285 [17:46<14:25,  7.16s/it]Infer Qwen2.5-VL-32B-Instruct/SEEDBench2_Plus, Rank 4/8:  59%|█████▊    | 167/285 [17:47<10:06,  5.14s/it]Infer Qwen2.5-VL-32B-Instruct/SEEDBench2_Plus, Rank 7/8:  43%|████▎     | 123/284 [17:47<25:16,  9.42s/it]Infer Qwen2.5-VL-32B-Instruct/SEEDBench2_Plus, Rank 3/8:  58%|█████▊    | 165/285 [17:48<10:43,  5.36s/it]Infer Qwen2.5-VL-32B-Instruct/SEEDBench2_Plus, Rank 7/8:  44%|████▎     | 124/284 [17:48<18:25,  6.91s/it]Infer Qwen2.5-VL-32B-Instruct/SEEDBench2_Plus, Rank 0/8:  50%|█████     | 143/285 [17:49<22:21,  9.45s/it]Infer Qwen2.5-VL-32B-Instruct/SEEDBench2_Plus, Rank 7/8:  44%|████▍     | 125/284 [17:49<13:40,  5.16s/it]Infer Qwen2.5-VL-32B-Instruct/SEEDBench2_Plus, Rank 3/8:  58%|█████▊    | 166/285 [17:49<08:29,  4.28s/it]Infer Qwen2.5-VL-32B-Instruct/SEEDBench2_Plus, Rank 4/8:  59%|█████▉    | 168/285 [17:50<08:41,  4.46s/it]Infer Qwen2.5-VL-32B-Instruct/SEEDBench2_Plus, Rank 5/8:  41%|████      | 116/284 [17:53<37:36, 13.43s/it]Infer Qwen2.5-VL-32B-Instruct/SEEDBench2_Plus, Rank 6/8:  49%|████▉     | 140/284 [17:56<43:31, 18.14s/it]Infer Qwen2.5-VL-32B-Instruct/SEEDBench2_Plus, Rank 0/8:  51%|█████     | 144/285 [17:56<20:33,  8.75s/it]Infer Qwen2.5-VL-32B-Instruct/SEEDBench2_Plus, Rank 4/8:  59%|█████▉    | 169/285 [17:57<10:20,  5.35s/it]Infer Qwen2.5-VL-32B-Instruct/SEEDBench2_Plus, Rank 1/8:  40%|████      | 114/285 [17:58<18:49,  6.60s/it]Infer Qwen2.5-VL-32B-Instruct/SEEDBench2_Plus, Rank 7/8:  44%|████▍     | 126/284 [17:59<16:45,  6.36s/it]Infer Qwen2.5-VL-32B-Instruct/SEEDBench2_Plus, Rank 1/8:  40%|████      | 115/285 [17:59<14:01,  4.95s/it]Infer Qwen2.5-VL-32B-Instruct/SEEDBench2_Plus, Rank 4/8:  60%|█████▉    | 170/285 [18:01<09:37,  5.02s/it]Infer Qwen2.5-VL-32B-Instruct/SEEDBench2_Plus, Rank 0/8:  51%|█████     | 145/285 [18:04<19:49,  8.50s/it]Infer Qwen2.5-VL-32B-Instruct/SEEDBench2_Plus, Rank 4/8:  60%|██████    | 171/285 [18:05<08:32,  4.49s/it]Infer Qwen2.5-VL-32B-Instruct/SEEDBench2_Plus, Rank 3/8:  59%|█████▊    | 167/285 [18:05<15:21,  7.81s/it]Infer Qwen2.5-VL-32B-Instruct/SEEDBench2_Plus, Rank 5/8:  41%|████      | 117/284 [18:08<38:52, 13.97s/it]Infer Qwen2.5-VL-32B-Instruct/SEEDBench2_Plus, Rank 5/8:  42%|████▏     | 118/284 [18:09<27:48, 10.05s/it]Infer Qwen2.5-VL-32B-Instruct/SEEDBench2_Plus, Rank 5/8:  42%|████▏     | 119/284 [18:11<20:53,  7.59s/it]Infer Qwen2.5-VL-32B-Instruct/SEEDBench2_Plus, Rank 3/8:  59%|█████▉    | 168/285 [18:11<14:10,  7.27s/it]Infer Qwen2.5-VL-32B-Instruct/SEEDBench2_Plus, Rank 5/8:  42%|████▏     | 120/284 [18:12<15:16,  5.59s/it]Infer Qwen2.5-VL-32B-Instruct/SEEDBench2_Plus, Rank 6/8:  50%|████▉     | 141/284 [18:13<42:46, 17.95s/it]Infer Qwen2.5-VL-32B-Instruct/SEEDBench2_Plus, Rank 0/8:  51%|█████     | 146/285 [18:15<21:13,  9.16s/it]Infer Qwen2.5-VL-32B-Instruct/SEEDBench2_Plus, Rank 6/8:  50%|█████     | 142/284 [18:15<30:36, 12.93s/it]Infer Qwen2.5-VL-32B-Instruct/SEEDBench2_Plus, Rank 5/8:  43%|████▎     | 121/284 [18:15<12:49,  4.72s/it]Infer Qwen2.5-VL-32B-Instruct/SEEDBench2_Plus, Rank 6/8:  50%|█████     | 143/284 [18:16<21:54,  9.33s/it]Infer Qwen2.5-VL-32B-Instruct/SEEDBench2_Plus, Rank 0/8:  52%|█████▏    | 147/285 [18:17<16:17,  7.09s/it]Infer Qwen2.5-VL-32B-Instruct/SEEDBench2_Plus, Rank 7/8:  45%|████▍     | 127/284 [18:17<26:06,  9.98s/it]Infer Qwen2.5-VL-32B-Instruct/SEEDBench2_Plus, Rank 0/8:  52%|█████▏    | 148/285 [18:17<11:44,  5.14s/it]Infer Qwen2.5-VL-32B-Instruct/SEEDBench2_Plus, Rank 4/8:  60%|██████    | 172/285 [18:18<13:40,  7.26s/it]Infer Qwen2.5-VL-32B-Instruct/SEEDBench2_Plus, Rank 4/8:  61%|██████    | 173/285 [18:20<10:30,  5.63s/it]Infer Qwen2.5-VL-32B-Instruct/SEEDBench2_Plus, Rank 4/8:  61%|██████    | 174/285 [18:22<08:07,  4.40s/it]Infer Qwen2.5-VL-32B-Instruct/SEEDBench2_Plus, Rank 3/8:  59%|█████▉    | 169/285 [18:22<16:00,  8.28s/it]Infer Qwen2.5-VL-32B-Instruct/SEEDBench2_Plus, Rank 1/8:  41%|████      | 116/285 [18:23<29:50, 10.59s/it]Infer Qwen2.5-VL-32B-Instruct/SEEDBench2_Plus, Rank 5/8:  43%|████▎     | 122/284 [18:23<15:17,  5.67s/it]Infer Qwen2.5-VL-32B-Instruct/SEEDBench2_Plus, Rank 7/8:  45%|████▌     | 128/284 [18:23<23:07,  8.89s/it]Infer Qwen2.5-VL-32B-Instruct/SEEDBench2_Plus, Rank 3/8:  60%|█████▉    | 170/285 [18:24<12:16,  6.40s/it]Infer Qwen2.5-VL-32B-Instruct/SEEDBench2_Plus, Rank 4/8:  61%|██████▏   | 175/285 [18:24<06:59,  3.81s/it]Infer Qwen2.5-VL-32B-Instruct/SEEDBench2_Plus, Rank 4/8:  62%|██████▏   | 176/285 [18:25<05:08,  2.83s/it]Infer Qwen2.5-VL-32B-Instruct/SEEDBench2_Plus, Rank 4/8:  62%|██████▏   | 177/285 [18:25<03:57,  2.20s/it]Infer Qwen2.5-VL-32B-Instruct/SEEDBench2_Plus, Rank 6/8:  51%|█████     | 144/284 [18:26<22:16,  9.55s/it]Infer Qwen2.5-VL-32B-Instruct/SEEDBench2_Plus, Rank 6/8:  51%|█████     | 145/284 [18:28<17:14,  7.45s/it]Infer Qwen2.5-VL-32B-Instruct/SEEDBench2_Plus, Rank 7/8:  45%|████▌     | 129/284 [18:29<20:09,  7.80s/it]Infer Qwen2.5-VL-32B-Instruct/SEEDBench2_Plus, Rank 6/8:  51%|█████▏    | 146/284 [18:30<13:01,  5.67s/it]Infer Qwen2.5-VL-32B-Instruct/SEEDBench2_Plus, Rank 7/8:  46%|████▌     | 130/284 [18:30<15:08,  5.90s/it]Infer Qwen2.5-VL-32B-Instruct/SEEDBench2_Plus, Rank 1/8:  41%|████      | 117/285 [18:30<27:04,  9.67s/it]Infer Qwen2.5-VL-32B-Instruct/SEEDBench2_Plus, Rank 1/8:  41%|████▏     | 118/285 [18:31<19:21,  6.96s/it]Infer Qwen2.5-VL-32B-Instruct/SEEDBench2_Plus, Rank 1/8:  42%|████▏     | 119/285 [18:32<14:32,  5.26s/it]Infer Qwen2.5-VL-32B-Instruct/SEEDBench2_Plus, Rank 7/8:  46%|████▌     | 131/284 [18:33<13:02,  5.12s/it]Infer Qwen2.5-VL-32B-Instruct/SEEDBench2_Plus, Rank 7/8:  46%|████▋     | 132/284 [18:34<09:35,  3.78s/it]Infer Qwen2.5-VL-32B-Instruct/SEEDBench2_Plus, Rank 4/8:  62%|██████▏   | 178/285 [18:34<07:23,  4.14s/it]Infer Qwen2.5-VL-32B-Instruct/SEEDBench2_Plus, Rank 1/8:  42%|████▏     | 120/285 [18:36<13:30,  4.91s/it]Infer Qwen2.5-VL-32B-Instruct/SEEDBench2_Plus, Rank 4/8:  63%|██████▎   | 179/285 [18:39<07:29,  4.24s/it]Infer Qwen2.5-VL-32B-Instruct/SEEDBench2_Plus, Rank 7/8:  47%|████▋     | 133/284 [18:40<11:13,  4.46s/it]Infer Qwen2.5-VL-32B-Instruct/SEEDBench2_Plus, Rank 5/8:  43%|████▎     | 123/284 [18:42<26:12,  9.76s/it]Infer Qwen2.5-VL-32B-Instruct/SEEDBench2_Plus, Rank 0/8:  52%|█████▏    | 149/285 [18:43<25:20, 11.18s/it]Infer Qwen2.5-VL-32B-Instruct/SEEDBench2_Plus, Rank 0/8:  53%|█████▎    | 150/285 [18:45<19:09,  8.51s/it]Infer Qwen2.5-VL-32B-Instruct/SEEDBench2_Plus, Rank 0/8:  53%|█████▎    | 151/285 [18:46<13:47,  6.18s/it]Infer Qwen2.5-VL-32B-Instruct/SEEDBench2_Plus, Rank 6/8:  52%|█████▏    | 147/284 [18:46<20:25,  8.95s/it]Infer Qwen2.5-VL-32B-Instruct/SEEDBench2_Plus, Rank 1/8:  42%|████▏     | 121/285 [18:46<17:50,  6.53s/it]Infer Qwen2.5-VL-32B-Instruct/SEEDBench2_Plus, Rank 0/8:  53%|█████▎    | 152/285 [18:46<10:03,  4.54s/it]Infer Qwen2.5-VL-32B-Instruct/SEEDBench2_Plus, Rank 5/8:  44%|████▎     | 124/284 [18:47<22:13,  8.34s/it]Infer Qwen2.5-VL-32B-Instruct/SEEDBench2_Plus, Rank 6/8:  52%|█████▏    | 148/284 [18:47<15:02,  6.64s/it]Infer Qwen2.5-VL-32B-Instruct/SEEDBench2_Plus, Rank 4/8:  63%|██████▎   | 180/285 [18:49<10:31,  6.01s/it]Infer Qwen2.5-VL-32B-Instruct/SEEDBench2_Plus, Rank 0/8:  54%|█████▎    | 153/285 [18:50<09:10,  4.17s/it]Infer Qwen2.5-VL-32B-Instruct/SEEDBench2_Plus, Rank 4/8:  64%|██████▎   | 181/285 [18:50<07:48,  4.51s/it]Infer Qwen2.5-VL-32B-Instruct/SEEDBench2_Plus, Rank 5/8:  44%|████▍     | 125/284 [18:50<17:55,  6.76s/it]Infer Qwen2.5-VL-32B-Instruct/SEEDBench2_Plus, Rank 0/8:  54%|█████▍    | 154/285 [18:51<06:55,  3.17s/it]Infer Qwen2.5-VL-32B-Instruct/SEEDBench2_Plus, Rank 0/8:  54%|█████▍    | 155/285 [18:51<05:15,  2.43s/it]Infer Qwen2.5-VL-32B-Instruct/SEEDBench2_Plus, Rank 7/8:  47%|████▋     | 134/284 [18:51<16:19,  6.53s/it]Infer Qwen2.5-VL-32B-Instruct/SEEDBench2_Plus, Rank 3/8:  60%|██████    | 171/285 [18:52<24:20, 12.81s/it]Infer Qwen2.5-VL-32B-Instruct/SEEDBench2_Plus, Rank 0/8:  55%|█████▍    | 156/285 [18:52<04:15,  1.98s/it]Infer Qwen2.5-VL-32B-Instruct/SEEDBench2_Plus, Rank 0/8:  55%|█████▌    | 157/285 [18:55<05:03,  2.37s/it]Infer Qwen2.5-VL-32B-Instruct/SEEDBench2_Plus, Rank 3/8:  60%|██████    | 172/285 [18:56<19:09, 10.17s/it]Infer Qwen2.5-VL-32B-Instruct/SEEDBench2_Plus, Rank 1/8:  43%|████▎     | 122/285 [18:59<22:16,  8.20s/it]Infer Qwen2.5-VL-32B-Instruct/SEEDBench2_Plus, Rank 0/8:  55%|█████▌    | 158/285 [18:58<05:25,  2.56s/it]Infer Qwen2.5-VL-32B-Instruct/SEEDBench2_Plus, Rank 1/8:  43%|████▎     | 123/285 [19:00<16:26,  6.09s/it]Infer Qwen2.5-VL-32B-Instruct/SEEDBench2_Plus, Rank 4/8:  64%|██████▍   | 182/285 [19:00<10:48,  6.30s/it]Infer Qwen2.5-VL-32B-Instruct/SEEDBench2_Plus, Rank 7/8:  48%|████▊     | 135/284 [19:01<18:27,  7.44s/it]Infer Qwen2.5-VL-32B-Instruct/SEEDBench2_Plus, Rank 5/8:  44%|████▍     | 126/284 [19:01<21:23,  8.13s/it]Infer Qwen2.5-VL-32B-Instruct/SEEDBench2_Plus, Rank 7/8:  48%|████▊     | 136/284 [19:01<13:14,  5.37s/it]Infer Qwen2.5-VL-32B-Instruct/SEEDBench2_Plus, Rank 5/8:  45%|████▍     | 127/284 [19:02<15:36,  5.97s/it]Infer Qwen2.5-VL-32B-Instruct/SEEDBench2_Plus, Rank 0/8:  56%|█████▌    | 159/285 [19:05<08:02,  3.83s/it]Infer Qwen2.5-VL-32B-Instruct/SEEDBench2_Plus, Rank 6/8:  52%|█████▏    | 149/284 [19:06<23:00, 10.22s/it]Infer Qwen2.5-VL-32B-Instruct/SEEDBench2_Plus, Rank 6/8:  53%|█████▎    | 150/284 [19:07<16:26,  7.36s/it]Infer Qwen2.5-VL-32B-Instruct/SEEDBench2_Plus, Rank 7/8:  48%|████▊     | 137/284 [19:08<14:16,  5.83s/it]Infer Qwen2.5-VL-32B-Instruct/SEEDBench2_Plus, Rank 1/8:  44%|████▎     | 124/285 [19:09<18:48,  7.01s/it]Infer Qwen2.5-VL-32B-Instruct/SEEDBench2_Plus, Rank 6/8:  53%|█████▎    | 151/284 [19:09<12:50,  5.79s/it]Infer Qwen2.5-VL-32B-Instruct/SEEDBench2_Plus, Rank 0/8:  56%|█████▌    | 160/285 [19:10<08:29,  4.08s/it]Infer Qwen2.5-VL-32B-Instruct/SEEDBench2_Plus, Rank 3/8:  61%|██████    | 173/285 [19:11<21:29, 11.52s/it]Infer Qwen2.5-VL-32B-Instruct/SEEDBench2_Plus, Rank 5/8:  45%|████▌     | 128/284 [19:12<18:11,  7.00s/it]Infer Qwen2.5-VL-32B-Instruct/SEEDBench2_Plus, Rank 5/8:  45%|████▌     | 129/284 [19:13<13:32,  5.24s/it]Infer Qwen2.5-VL-32B-Instruct/SEEDBench2_Plus, Rank 3/8:  61%|██████    | 174/285 [19:16<17:46,  9.61s/it]Infer Qwen2.5-VL-32B-Instruct/SEEDBench2_Plus, Rank 1/8:  44%|████▍     | 125/285 [19:17<19:19,  7.25s/it]Infer Qwen2.5-VL-32B-Instruct/SEEDBench2_Plus, Rank 6/8:  54%|█████▎    | 152/284 [19:17<14:02,  6.38s/it]Infer Qwen2.5-VL-32B-Instruct/SEEDBench2_Plus, Rank 3/8:  61%|██████▏   | 175/285 [19:17<13:02,  7.11s/it]Infer Qwen2.5-VL-32B-Instruct/SEEDBench2_Plus, Rank 4/8:  64%|██████▍   | 183/285 [19:17<16:09,  9.50s/it]Infer Qwen2.5-VL-32B-Instruct/SEEDBench2_Plus, Rank 6/8:  54%|█████▍    | 153/284 [19:18<10:22,  4.75s/it]Infer Qwen2.5-VL-32B-Instruct/SEEDBench2_Plus, Rank 4/8:  65%|██████▍   | 184/285 [19:18<11:47,  7.01s/it]Infer Qwen2.5-VL-32B-Instruct/SEEDBench2_Plus, Rank 3/8:  62%|██████▏   | 176/285 [19:19<09:57,  5.48s/it]Infer Qwen2.5-VL-32B-Instruct/SEEDBench2_Plus, Rank 3/8:  62%|██████▏   | 177/285 [19:19<07:20,  4.07s/it]Infer Qwen2.5-VL-32B-Instruct/SEEDBench2_Plus, Rank 3/8:  62%|██████▏   | 178/285 [19:20<05:26,  3.05s/it]Infer Qwen2.5-VL-32B-Instruct/SEEDBench2_Plus, Rank 1/8:  44%|████▍     | 126/285 [19:21<17:15,  6.51s/it]Infer Qwen2.5-VL-32B-Instruct/SEEDBench2_Plus, Rank 4/8:  65%|██████▍   | 185/285 [19:22<10:07,  6.08s/it]Infer Qwen2.5-VL-32B-Instruct/SEEDBench2_Plus, Rank 4/8:  65%|██████▌   | 186/285 [19:23<07:23,  4.48s/it]Infer Qwen2.5-VL-32B-Instruct/SEEDBench2_Plus, Rank 5/8:  46%|████▌     | 130/284 [19:24<18:03,  7.04s/it]Infer Qwen2.5-VL-32B-Instruct/SEEDBench2_Plus, Rank 7/8:  49%|████▊     | 138/284 [19:24<21:37,  8.88s/it]Infer Qwen2.5-VL-32B-Instruct/SEEDBench2_Plus, Rank 4/8:  66%|██████▌   | 187/285 [19:25<05:53,  3.60s/it]Infer Qwen2.5-VL-32B-Instruct/SEEDBench2_Plus, Rank 2/8:  31%|███       | 87/285 [19:25<3:51:27, 70.14s/it]Infer Qwen2.5-VL-32B-Instruct/SEEDBench2_Plus, Rank 5/8:  46%|████▌     | 131/284 [19:26<13:45,  5.39s/it]Infer Qwen2.5-VL-32B-Instruct/SEEDBench2_Plus, Rank 4/8:  66%|██████▌   | 188/285 [19:26<04:35,  2.84s/it]Infer Qwen2.5-VL-32B-Instruct/SEEDBench2_Plus, Rank 0/8:  56%|█████▋    | 161/285 [19:27<16:13,  7.85s/it]Infer Qwen2.5-VL-32B-Instruct/SEEDBench2_Plus, Rank 3/8:  63%|██████▎   | 179/285 [19:27<07:25,  4.20s/it]Infer Qwen2.5-VL-32B-Instruct/SEEDBench2_Plus, Rank 4/8:  66%|██████▋   | 189/285 [19:27<03:55,  2.46s/it]Infer Qwen2.5-VL-32B-Instruct/SEEDBench2_Plus, Rank 5/8:  46%|████▋     | 132/284 [19:27<10:53,  4.30s/it]Infer Qwen2.5-VL-32B-Instruct/SEEDBench2_Plus, Rank 0/8:  57%|█████▋    | 162/285 [19:27<11:45,  5.74s/it]Infer Qwen2.5-VL-32B-Instruct/SEEDBench2_Plus, Rank 6/8:  54%|█████▍    | 154/284 [19:29<14:21,  6.63s/it]Infer Qwen2.5-VL-32B-Instruct/SEEDBench2_Plus, Rank 6/8:  55%|█████▍    | 155/284 [19:29<10:29,  4.88s/it]Infer Qwen2.5-VL-32B-Instruct/SEEDBench2_Plus, Rank 7/8:  49%|████▉     | 139/284 [19:30<18:58,  7.85s/it]Infer Qwen2.5-VL-32B-Instruct/SEEDBench2_Plus, Rank 1/8:  45%|████▍     | 127/285 [19:30<19:00,  7.22s/it]Infer Qwen2.5-VL-32B-Instruct/SEEDBench2_Plus, Rank 0/8:  57%|█████▋    | 163/285 [19:31<10:28,  5.15s/it]Infer Qwen2.5-VL-32B-Instruct/SEEDBench2_Plus, Rank 4/8:  67%|██████▋   | 190/285 [19:32<04:59,  3.15s/it]Infer Qwen2.5-VL-32B-Instruct/SEEDBench2_Plus, Rank 4/8:  67%|██████▋   | 191/285 [19:33<03:56,  2.52s/it]Infer Qwen2.5-VL-32B-Instruct/SEEDBench2_Plus, Rank 4/8:  67%|██████▋   | 192/285 [19:34<03:02,  1.96s/it]Infer Qwen2.5-VL-32B-Instruct/SEEDBench2_Plus, Rank 4/8:  68%|██████▊   | 193/285 [19:34<02:26,  1.59s/it]Infer Qwen2.5-VL-32B-Instruct/SEEDBench2_Plus, Rank 4/8:  68%|██████▊   | 194/285 [19:35<01:58,  1.31s/it]Infer Qwen2.5-VL-32B-Instruct/SEEDBench2_Plus, Rank 2/8:  31%|███       | 88/285 [19:35<2:50:55, 52.06s/it]Infer Qwen2.5-VL-32B-Instruct/SEEDBench2_Plus, Rank 5/8:  47%|████▋     | 133/284 [19:35<13:37,  5.41s/it]Infer Qwen2.5-VL-32B-Instruct/SEEDBench2_Plus, Rank 5/8:  47%|████▋     | 134/284 [19:37<10:39,  4.26s/it]Infer Qwen2.5-VL-32B-Instruct/SEEDBench2_Plus, Rank 5/8:  48%|████▊     | 135/284 [19:38<07:54,  3.18s/it]Infer Qwen2.5-VL-32B-Instruct/SEEDBench2_Plus, Rank 3/8:  63%|██████▎   | 180/285 [19:42<12:47,  7.31s/it]Infer Qwen2.5-VL-32B-Instruct/SEEDBench2_Plus, Rank 3/8:  64%|██████▎   | 181/285 [19:43<09:22,  5.41s/it]Infer Qwen2.5-VL-32B-Instruct/SEEDBench2_Plus, Rank 5/8:  48%|████▊     | 136/284 [19:43<09:38,  3.91s/it]Infer Qwen2.5-VL-32B-Instruct/SEEDBench2_Plus, Rank 3/8:  64%|██████▍   | 182/285 [19:43<06:54,  4.02s/it]Infer Qwen2.5-VL-32B-Instruct/SEEDBench2_Plus, Rank 7/8:  49%|████▉     | 140/284 [19:44<23:29,  9.79s/it]Infer Qwen2.5-VL-32B-Instruct/SEEDBench2_Plus, Rank 4/8:  68%|██████▊   | 195/285 [19:45<05:53,  3.93s/it]Infer Qwen2.5-VL-32B-Instruct/SEEDBench2_Plus, Rank 6/8:  55%|█████▍    | 156/284 [19:46<17:40,  8.28s/it]Infer Qwen2.5-VL-32B-Instruct/SEEDBench2_Plus, Rank 0/8:  58%|█████▊    | 164/285 [19:48<17:19,  8.59s/it]Infer Qwen2.5-VL-32B-Instruct/SEEDBench2_Plus, Rank 7/8:  50%|████▉     | 141/284 [19:49<19:55,  8.36s/it]Infer Qwen2.5-VL-32B-Instruct/SEEDBench2_Plus, Rank 7/8:  50%|█████     | 142/284 [19:52<15:58,  6.75s/it]Infer Qwen2.5-VL-32B-Instruct/SEEDBench2_Plus, Rank 7/8:  50%|█████     | 143/284 [19:53<11:46,  5.01s/it]Infer Qwen2.5-VL-32B-Instruct/SEEDBench2_Plus, Rank 1/8:  45%|████▍     | 128/285 [19:53<31:16, 11.95s/it]Infer Qwen2.5-VL-32B-Instruct/SEEDBench2_Plus, Rank 2/8:  31%|███       | 89/285 [19:53<2:17:02, 41.95s/it]Infer Qwen2.5-VL-32B-Instruct/SEEDBench2_Plus, Rank 4/8:  69%|██████▉   | 196/285 [19:54<07:56,  5.36s/it]Infer Qwen2.5-VL-32B-Instruct/SEEDBench2_Plus, Rank 5/8:  48%|████▊     | 137/284 [19:54<14:35,  5.96s/it]Infer Qwen2.5-VL-32B-Instruct/SEEDBench2_Plus, Rank 1/8:  45%|████▌     | 129/285 [19:54<22:15,  8.56s/it]Infer Qwen2.5-VL-32B-Instruct/SEEDBench2_Plus, Rank 3/8:  64%|██████▍   | 183/285 [19:54<10:14,  6.03s/it]Infer Qwen2.5-VL-32B-Instruct/SEEDBench2_Plus, Rank 6/8:  55%|█████▌    | 157/284 [19:54<17:43,  8.38s/it]Infer Qwen2.5-VL-32B-Instruct/SEEDBench2_Plus, Rank 7/8:  51%|█████     | 144/284 [19:55<09:17,  3.98s/it]Infer Qwen2.5-VL-32B-Instruct/SEEDBench2_Plus, Rank 3/8:  65%|██████▍   | 184/285 [19:55<07:29,  4.45s/it]Infer Qwen2.5-VL-32B-Instruct/SEEDBench2_Plus, Rank 7/8:  51%|█████     | 145/284 [19:56<07:06,  3.07s/it]Infer Qwen2.5-VL-32B-Instruct/SEEDBench2_Plus, Rank 3/8:  65%|██████▍   | 185/285 [19:56<05:50,  3.51s/it]Infer Qwen2.5-VL-32B-Instruct/SEEDBench2_Plus, Rank 4/8:  69%|██████▉   | 197/285 [19:56<06:31,  4.45s/it]Infer Qwen2.5-VL-32B-Instruct/SEEDBench2_Plus, Rank 0/8:  58%|█████▊    | 165/285 [19:57<17:23,  8.70s/it]Infer Qwen2.5-VL-32B-Instruct/SEEDBench2_Plus, Rank 0/8:  58%|█████▊    | 166/285 [19:57<12:28,  6.29s/it]Infer Qwen2.5-VL-32B-Instruct/SEEDBench2_Plus, Rank 7/8:  51%|█████▏    | 146/284 [19:58<06:19,  2.75s/it]Infer Qwen2.5-VL-32B-Instruct/SEEDBench2_Plus, Rank 0/8:  59%|█████▊    | 167/285 [20:02<11:06,  5.65s/it]Infer Qwen2.5-VL-32B-Instruct/SEEDBench2_Plus, Rank 4/8:  69%|██████▉   | 198/285 [20:02<06:59,  4.82s/it]Infer Qwen2.5-VL-32B-Instruct/SEEDBench2_Plus, Rank 6/8:  56%|█████▌    | 158/284 [20:03<18:04,  8.60s/it]Infer Qwen2.5-VL-32B-Instruct/SEEDBench2_Plus, Rank 2/8:  32%|███▏      | 90/285 [20:04<1:45:56, 32.60s/it]Infer Qwen2.5-VL-32B-Instruct/SEEDBench2_Plus, Rank 1/8:  46%|████▌     | 130/285 [20:06<24:54,  9.64s/it]Infer Qwen2.5-VL-32B-Instruct/SEEDBench2_Plus, Rank 7/8:  52%|█████▏    | 147/284 [20:07<10:55,  4.78s/it]Infer Qwen2.5-VL-32B-Instruct/SEEDBench2_Plus, Rank 1/8:  46%|████▌     | 131/285 [20:07<18:10,  7.08s/it]Infer Qwen2.5-VL-32B-Instruct/SEEDBench2_Plus, Rank 3/8:  65%|██████▌   | 186/285 [20:08<09:57,  6.03s/it]Infer Qwen2.5-VL-32B-Instruct/SEEDBench2_Plus, Rank 7/8:  52%|█████▏    | 148/284 [20:09<08:39,  3.82s/it]Infer Qwen2.5-VL-32B-Instruct/SEEDBench2_Plus, Rank 3/8:  66%|██████▌   | 187/285 [20:09<07:33,  4.63s/it]Infer Qwen2.5-VL-32B-Instruct/SEEDBench2_Plus, Rank 7/8:  52%|█████▏    | 149/284 [20:10<07:00,  3.12s/it]Infer Qwen2.5-VL-32B-Instruct/SEEDBench2_Plus, Rank 1/8:  46%|████▋     | 132/285 [20:11<15:10,  5.95s/it]Infer Qwen2.5-VL-32B-Instruct/SEEDBench2_Plus, Rank 3/8:  66%|██████▌   | 188/285 [20:11<05:48,  3.59s/it]Infer Qwen2.5-VL-32B-Instruct/SEEDBench2_Plus, Rank 1/8:  47%|████▋     | 133/285 [20:11<11:07,  4.39s/it]Infer Qwen2.5-VL-32B-Instruct/SEEDBench2_Plus, Rank 3/8:  66%|██████▋   | 189/285 [20:12<04:30,  2.82s/it]Infer Qwen2.5-VL-32B-Instruct/SEEDBench2_Plus, Rank 4/8:  70%|██████▉   | 199/285 [20:12<09:05,  6.35s/it]Infer Qwen2.5-VL-32B-Instruct/SEEDBench2_Plus, Rank 7/8:  53%|█████▎    | 150/284 [20:12<06:03,  2.71s/it]Infer Qwen2.5-VL-32B-Instruct/SEEDBench2_Plus, Rank 1/8:  47%|████▋     | 134/285 [20:12<08:23,  3.34s/it]Infer Qwen2.5-VL-32B-Instruct/SEEDBench2_Plus, Rank 3/8:  67%|██████▋   | 190/285 [20:13<03:35,  2.27s/it]Infer Qwen2.5-VL-32B-Instruct/SEEDBench2_Plus, Rank 5/8:  49%|████▊     | 138/284 [20:14<24:43, 10.16s/it]Infer Qwen2.5-VL-32B-Instruct/SEEDBench2_Plus, Rank 2/8:  32%|███▏      | 91/285 [20:14<1:23:23, 25.79s/it]Infer Qwen2.5-VL-32B-Instruct/SEEDBench2_Plus, Rank 6/8:  56%|█████▌    | 159/284 [20:14<19:22,  9.30s/it]Infer Qwen2.5-VL-32B-Instruct/SEEDBench2_Plus, Rank 0/8:  59%|█████▉    | 168/285 [20:15<15:46,  8.09s/it]Infer Qwen2.5-VL-32B-Instruct/SEEDBench2_Plus, Rank 1/8:  47%|████▋     | 135/285 [20:16<08:25,  3.37s/it]Infer Qwen2.5-VL-32B-Instruct/SEEDBench2_Plus, Rank 2/8:  32%|███▏      | 92/285 [20:16<1:00:18, 18.75s/it]Infer Qwen2.5-VL-32B-Instruct/SEEDBench2_Plus, Rank 0/8:  59%|█████▉    | 169/285 [20:17<11:40,  6.04s/it]Infer Qwen2.5-VL-32B-Instruct/SEEDBench2_Plus, Rank 1/8:  48%|████▊     | 136/285 [20:17<06:39,  2.68s/it]Infer Qwen2.5-VL-32B-Instruct/SEEDBench2_Plus, Rank 1/8:  48%|████▊     | 137/285 [20:18<05:22,  2.18s/it]Infer Qwen2.5-VL-32B-Instruct/SEEDBench2_Plus, Rank 3/8:  67%|██████▋   | 191/285 [20:19<05:23,  3.44s/it]Infer Qwen2.5-VL-32B-Instruct/SEEDBench2_Plus, Rank 7/8:  53%|█████▎    | 151/284 [20:20<09:47,  4.42s/it]Infer Qwen2.5-VL-32B-Instruct/SEEDBench2_Plus, Rank 4/8:  70%|███████   | 200/285 [20:21<10:13,  7.21s/it]Infer Qwen2.5-VL-32B-Instruct/SEEDBench2_Plus, Rank 7/8:  54%|█████▎    | 152/284 [20:22<07:43,  3.51s/it]Infer Qwen2.5-VL-32B-Instruct/SEEDBench2_Plus, Rank 7/8:  54%|█████▍    | 153/284 [20:23<06:05,  2.79s/it]Infer Qwen2.5-VL-32B-Instruct/SEEDBench2_Plus, Rank 7/8:  54%|█████▍    | 154/284 [20:24<04:44,  2.19s/it]Infer Qwen2.5-VL-32B-Instruct/SEEDBench2_Plus, Rank 7/8:  55%|█████▍    | 155/284 [20:24<03:44,  1.74s/it]Infer Qwen2.5-VL-32B-Instruct/SEEDBench2_Plus, Rank 7/8:  55%|█████▍    | 156/284 [20:25<03:11,  1.50s/it]Infer Qwen2.5-VL-32B-Instruct/SEEDBench2_Plus, Rank 3/8:  67%|██████▋   | 192/285 [20:28<08:09,  5.26s/it]Infer Qwen2.5-VL-32B-Instruct/SEEDBench2_Plus, Rank 0/8:  60%|█████▉    | 170/285 [20:28<14:47,  7.72s/it]Infer Qwen2.5-VL-32B-Instruct/SEEDBench2_Plus, Rank 2/8:  33%|███▎      | 93/285 [20:29<53:51, 16.83s/it]  Infer Qwen2.5-VL-32B-Instruct/SEEDBench2_Plus, Rank 3/8:  68%|██████▊   | 193/285 [20:29<05:55,  3.86s/it]Infer Qwen2.5-VL-32B-Instruct/SEEDBench2_Plus, Rank 3/8:  68%|██████▊   | 194/285 [20:29<04:22,  2.89s/it]Infer Qwen2.5-VL-32B-Instruct/SEEDBench2_Plus, Rank 2/8:  33%|███▎      | 94/285 [20:30<38:23, 12.06s/it]Infer Qwen2.5-VL-32B-Instruct/SEEDBench2_Plus, Rank 3/8:  68%|██████▊   | 195/285 [20:31<03:38,  2.42s/it]Infer Qwen2.5-VL-32B-Instruct/SEEDBench2_Plus, Rank 0/8:  60%|██████    | 171/285 [20:31<11:43,  6.17s/it]Infer Qwen2.5-VL-32B-Instruct/SEEDBench2_Plus, Rank 4/8:  71%|███████   | 201/285 [20:31<11:19,  8.09s/it]Infer Qwen2.5-VL-32B-Instruct/SEEDBench2_Plus, Rank 2/8:  33%|███▎      | 95/285 [20:32<29:12,  9.22s/it]Infer Qwen2.5-VL-32B-Instruct/SEEDBench2_Plus, Rank 1/8:  48%|████▊     | 138/285 [20:34<16:01,  6.54s/it]Infer Qwen2.5-VL-32B-Instruct/SEEDBench2_Plus, Rank 7/8:  55%|█████▌    | 157/284 [20:34<08:00,  3.78s/it]Infer Qwen2.5-VL-32B-Instruct/SEEDBench2_Plus, Rank 0/8:  60%|██████    | 172/285 [20:36<10:50,  5.75s/it]Infer Qwen2.5-VL-32B-Instruct/SEEDBench2_Plus, Rank 7/8:  56%|█████▌    | 158/284 [20:36<06:30,  3.10s/it]Infer Qwen2.5-VL-32B-Instruct/SEEDBench2_Plus, Rank 6/8:  56%|█████▋    | 160/284 [20:36<27:08, 13.13s/it]Infer Qwen2.5-VL-32B-Instruct/SEEDBench2_Plus, Rank 7/8:  56%|█████▌    | 159/284 [20:37<04:54,  2.36s/it]Infer Qwen2.5-VL-32B-Instruct/SEEDBench2_Plus, Rank 6/8:  57%|█████▋    | 161/284 [20:37<19:20,  9.43s/it]Infer Qwen2.5-VL-32B-Instruct/SEEDBench2_Plus, Rank 7/8:  56%|█████▋    | 160/284 [20:38<04:13,  2.04s/it]Infer Qwen2.5-VL-32B-Instruct/SEEDBench2_Plus, Rank 5/8:  49%|████▉     | 139/284 [20:41<36:36, 15.15s/it]Infer Qwen2.5-VL-32B-Instruct/SEEDBench2_Plus, Rank 0/8:  61%|██████    | 173/285 [20:44<12:19,  6.60s/it]Infer Qwen2.5-VL-32B-Instruct/SEEDBench2_Plus, Rank 2/8:  34%|███▎      | 96/285 [20:44<31:37, 10.04s/it]Infer Qwen2.5-VL-32B-Instruct/SEEDBench2_Plus, Rank 3/8:  69%|██████▉   | 196/285 [20:46<09:09,  6.18s/it]Infer Qwen2.5-VL-32B-Instruct/SEEDBench2_Plus, Rank 6/8:  57%|█████▋    | 162/284 [20:46<18:54,  9.30s/it]Infer Qwen2.5-VL-32B-Instruct/SEEDBench2_Plus, Rank 4/8:  71%|███████   | 202/285 [20:46<14:09, 10.23s/it]Infer Qwen2.5-VL-32B-Instruct/SEEDBench2_Plus, Rank 4/8:  71%|███████   | 203/285 [20:48<10:36,  7.76s/it]Infer Qwen2.5-VL-32B-Instruct/SEEDBench2_Plus, Rank 7/8:  57%|█████▋    | 161/284 [20:49<09:35,  4.67s/it]Infer Qwen2.5-VL-32B-Instruct/SEEDBench2_Plus, Rank 7/8:  57%|█████▋    | 162/284 [20:49<07:03,  3.47s/it]Infer Qwen2.5-VL-32B-Instruct/SEEDBench2_Plus, Rank 2/8:  34%|███▍      | 97/285 [20:50<27:12,  8.68s/it]Infer Qwen2.5-VL-32B-Instruct/SEEDBench2_Plus, Rank 1/8:  49%|████▉     | 139/285 [20:52<23:48,  9.78s/it]Infer Qwen2.5-VL-32B-Instruct/SEEDBench2_Plus, Rank 6/8:  57%|█████▋    | 163/284 [20:52<16:40,  8.26s/it]Infer Qwen2.5-VL-32B-Instruct/SEEDBench2_Plus, Rank 6/8:  58%|█████▊    | 164/284 [20:53<11:55,  5.97s/it]Infer Qwen2.5-VL-32B-Instruct/SEEDBench2_Plus, Rank 2/8:  34%|███▍      | 98/285 [20:53<21:51,  7.02s/it]Infer Qwen2.5-VL-32B-Instruct/SEEDBench2_Plus, Rank 4/8:  72%|███████▏  | 204/285 [20:55<09:57,  7.38s/it]Infer Qwen2.5-VL-32B-Instruct/SEEDBench2_Plus, Rank 3/8:  69%|██████▉   | 197/285 [20:57<11:04,  7.55s/it]Infer Qwen2.5-VL-32B-Instruct/SEEDBench2_Plus, Rank 0/8:  61%|██████    | 174/285 [20:57<15:34,  8.42s/it]Infer Qwen2.5-VL-32B-Instruct/SEEDBench2_Plus, Rank 0/8:  61%|██████▏   | 175/285 [20:57<11:07,  6.06s/it]Infer Qwen2.5-VL-32B-Instruct/SEEDBench2_Plus, Rank 7/8:  57%|█████▋    | 163/284 [20:58<10:23,  5.16s/it]Infer Qwen2.5-VL-32B-Instruct/SEEDBench2_Plus, Rank 0/8:  62%|██████▏   | 176/285 [20:59<08:31,  4.69s/it]Infer Qwen2.5-VL-32B-Instruct/SEEDBench2_Plus, Rank 5/8:  49%|████▉     | 140/284 [20:59<38:56, 16.22s/it]Infer Qwen2.5-VL-32B-Instruct/SEEDBench2_Plus, Rank 4/8:  72%|███████▏  | 205/285 [21:02<09:35,  7.19s/it]Infer Qwen2.5-VL-32B-Instruct/SEEDBench2_Plus, Rank 7/8:  58%|█████▊    | 164/284 [21:02<09:23,  4.70s/it]Infer Qwen2.5-VL-32B-Instruct/SEEDBench2_Plus, Rank 1/8:  49%|████▉     | 140/285 [21:02<24:08,  9.99s/it]Infer Qwen2.5-VL-32B-Instruct/SEEDBench2_Plus, Rank 3/8:  69%|██████▉   | 198/285 [21:02<10:15,  7.07s/it]Infer Qwen2.5-VL-32B-Instruct/SEEDBench2_Plus, Rank 2/8:  35%|███▍      | 99/285 [21:04<25:37,  8.27s/it]Infer Qwen2.5-VL-32B-Instruct/SEEDBench2_Plus, Rank 3/8:  70%|██████▉   | 199/285 [21:04<07:52,  5.49s/it]Infer Qwen2.5-VL-32B-Instruct/SEEDBench2_Plus, Rank 2/8:  35%|███▌      | 100/285 [21:05<18:55,  6.14s/it]Infer Qwen2.5-VL-32B-Instruct/SEEDBench2_Plus, Rank 6/8:  58%|█████▊    | 165/284 [21:06<15:58,  8.05s/it]Infer Qwen2.5-VL-32B-Instruct/SEEDBench2_Plus, Rank 6/8:  58%|█████▊    | 166/284 [21:07<11:44,  5.97s/it]Infer Qwen2.5-VL-32B-Instruct/SEEDBench2_Plus, Rank 1/8:  49%|████▉     | 141/285 [21:08<20:55,  8.72s/it]Infer Qwen2.5-VL-32B-Instruct/SEEDBench2_Plus, Rank 6/8:  59%|█████▉    | 167/284 [21:10<10:03,  5.16s/it]Infer Qwen2.5-VL-32B-Instruct/SEEDBench2_Plus, Rank 0/8:  62%|██████▏   | 177/285 [21:11<12:32,  6.96s/it]Infer Qwen2.5-VL-32B-Instruct/SEEDBench2_Plus, Rank 6/8:  59%|█████▉    | 168/284 [21:11<07:44,  4.00s/it]Infer Qwen2.5-VL-32B-Instruct/SEEDBench2_Plus, Rank 1/8:  50%|████▉     | 142/285 [21:12<17:07,  7.18s/it]Infer Qwen2.5-VL-32B-Instruct/SEEDBench2_Plus, Rank 0/8:  62%|██████▏   | 178/285 [21:12<09:13,  5.18s/it]Infer Qwen2.5-VL-32B-Instruct/SEEDBench2_Plus, Rank 0/8:  63%|██████▎   | 179/285 [21:13<06:43,  3.81s/it]Infer Qwen2.5-VL-32B-Instruct/SEEDBench2_Plus, Rank 6/8:  60%|█████▉    | 169/284 [21:13<06:28,  3.38s/it]Infer Qwen2.5-VL-32B-Instruct/SEEDBench2_Plus, Rank 7/8:  58%|█████▊    | 165/284 [21:14<13:54,  7.01s/it]Infer Qwen2.5-VL-32B-Instruct/SEEDBench2_Plus, Rank 3/8:  70%|███████   | 200/285 [21:15<09:59,  7.05s/it]Infer Qwen2.5-VL-32B-Instruct/SEEDBench2_Plus, Rank 0/8:  63%|██████▎   | 180/285 [21:16<06:07,  3.50s/it]Infer Qwen2.5-VL-32B-Instruct/SEEDBench2_Plus, Rank 1/8:  50%|█████     | 143/285 [21:17<15:36,  6.60s/it]Infer Qwen2.5-VL-32B-Instruct/SEEDBench2_Plus, Rank 7/8:  58%|█████▊    | 166/284 [21:17<11:16,  5.73s/it]Infer Qwen2.5-VL-32B-Instruct/SEEDBench2_Plus, Rank 7/8:  59%|█████▉    | 167/284 [21:18<08:16,  4.24s/it]Infer Qwen2.5-VL-32B-Instruct/SEEDBench2_Plus, Rank 5/8:  50%|████▉     | 141/284 [21:19<40:48, 17.12s/it]Infer Qwen2.5-VL-32B-Instruct/SEEDBench2_Plus, Rank 7/8:  59%|█████▉    | 168/284 [21:19<06:14,  3.23s/it]Infer Qwen2.5-VL-32B-Instruct/SEEDBench2_Plus, Rank 2/8:  35%|███▌      | 101/285 [21:19<26:00,  8.48s/it]Infer Qwen2.5-VL-32B-Instruct/SEEDBench2_Plus, Rank 5/8:  50%|█████     | 142/284 [21:22<30:47, 13.01s/it]Infer Qwen2.5-VL-32B-Instruct/SEEDBench2_Plus, Rank 1/8:  51%|█████     | 144/285 [21:22<14:37,  6.22s/it]Infer Qwen2.5-VL-32B-Instruct/SEEDBench2_Plus, Rank 2/8:  36%|███▌      | 102/285 [21:22<20:59,  6.88s/it]Infer Qwen2.5-VL-32B-Instruct/SEEDBench2_Plus, Rank 5/8:  50%|█████     | 143/284 [21:23<22:24,  9.53s/it]Infer Qwen2.5-VL-32B-Instruct/SEEDBench2_Plus, Rank 2/8:  36%|███▌      | 103/285 [21:23<15:33,  5.13s/it]Infer Qwen2.5-VL-32B-Instruct/SEEDBench2_Plus, Rank 0/8:  64%|██████▎   | 181/285 [21:24<08:24,  4.85s/it]Infer Qwen2.5-VL-32B-Instruct/SEEDBench2_Plus, Rank 7/8:  60%|█████▉    | 169/284 [21:24<07:04,  3.70s/it]Infer Qwen2.5-VL-32B-Instruct/SEEDBench2_Plus, Rank 4/8:  72%|███████▏  | 206/285 [21:24<15:35, 11.84s/it]Infer Qwen2.5-VL-32B-Instruct/SEEDBench2_Plus, Rank 5/8:  51%|█████     | 144/284 [21:24<16:14,  6.96s/it]Infer Qwen2.5-VL-32B-Instruct/SEEDBench2_Plus, Rank 3/8:  71%|███████   | 201/285 [21:25<11:05,  7.92s/it]Infer Qwen2.5-VL-32B-Instruct/SEEDBench2_Plus, Rank 4/8:  73%|███████▎  | 207/285 [21:25<11:02,  8.50s/it]Infer Qwen2.5-VL-32B-Instruct/SEEDBench2_Plus, Rank 6/8:  60%|█████▉    | 170/284 [21:25<11:27,  6.03s/it]Infer Qwen2.5-VL-32B-Instruct/SEEDBench2_Plus, Rank 3/8:  71%|███████   | 202/285 [21:26<07:59,  5.78s/it]Infer Qwen2.5-VL-32B-Instruct/SEEDBench2_Plus, Rank 6/8:  60%|██████    | 171/284 [21:26<08:33,  4.54s/it]Infer Qwen2.5-VL-32B-Instruct/SEEDBench2_Plus, Rank 4/8:  73%|███████▎  | 208/285 [21:32<10:19,  8.05s/it]Infer Qwen2.5-VL-32B-Instruct/SEEDBench2_Plus, Rank 2/8:  36%|███▋      | 104/285 [21:32<18:46,  6.22s/it]Infer Qwen2.5-VL-32B-Instruct/SEEDBench2_Plus, Rank 2/8:  37%|███▋      | 105/285 [21:35<15:07,  5.04s/it]Infer Qwen2.5-VL-32B-Instruct/SEEDBench2_Plus, Rank 6/8:  61%|██████    | 172/284 [21:35<10:36,  5.68s/it]Infer Qwen2.5-VL-32B-Instruct/SEEDBench2_Plus, Rank 1/8:  51%|█████     | 145/285 [21:38<21:31,  9.22s/it]Infer Qwen2.5-VL-32B-Instruct/SEEDBench2_Plus, Rank 1/8:  51%|█████     | 146/285 [21:39<15:34,  6.72s/it]Infer Qwen2.5-VL-32B-Instruct/SEEDBench2_Plus, Rank 3/8:  71%|███████   | 203/285 [21:40<11:18,  8.28s/it]Infer Qwen2.5-VL-32B-Instruct/SEEDBench2_Plus, Rank 7/8:  60%|█████▉    | 170/284 [21:40<14:17,  7.53s/it]Infer Qwen2.5-VL-32B-Instruct/SEEDBench2_Plus, Rank 3/8:  72%|███████▏  | 204/285 [21:41<08:13,  6.10s/it]Infer Qwen2.5-VL-32B-Instruct/SEEDBench2_Plus, Rank 5/8:  51%|█████     | 145/284 [21:42<23:28, 10.13s/it]Infer Qwen2.5-VL-32B-Instruct/SEEDBench2_Plus, Rank 1/8:  52%|█████▏    | 147/285 [21:45<14:27,  6.29s/it]Infer Qwen2.5-VL-32B-Instruct/SEEDBench2_Plus, Rank 7/8:  60%|██████    | 171/284 [21:45<12:45,  6.77s/it]Infer Qwen2.5-VL-32B-Instruct/SEEDBench2_Plus, Rank 5/8:  51%|█████▏    | 146/284 [21:45<18:32,  8.06s/it]Infer Qwen2.5-VL-32B-Instruct/SEEDBench2_Plus, Rank 5/8:  52%|█████▏    | 147/284 [21:46<13:34,  5.95s/it]Infer Qwen2.5-VL-32B-Instruct/SEEDBench2_Plus, Rank 4/8:  73%|███████▎  | 209/285 [21:47<12:42, 10.03s/it]Infer Qwen2.5-VL-32B-Instruct/SEEDBench2_Plus, Rank 4/8:  74%|███████▎  | 210/285 [21:47<08:58,  7.18s/it]Infer Qwen2.5-VL-32B-Instruct/SEEDBench2_Plus, Rank 5/8:  52%|█████▏    | 148/284 [21:48<10:55,  4.82s/it]Infer Qwen2.5-VL-32B-Instruct/SEEDBench2_Plus, Rank 4/8:  74%|███████▍  | 211/285 [21:48<06:38,  5.39s/it]Infer Qwen2.5-VL-32B-Instruct/SEEDBench2_Plus, Rank 5/8:  52%|█████▏    | 149/284 [21:50<08:38,  3.84s/it]Infer Qwen2.5-VL-32B-Instruct/SEEDBench2_Plus, Rank 1/8:  52%|█████▏    | 148/285 [21:52<15:02,  6.59s/it]Infer Qwen2.5-VL-32B-Instruct/SEEDBench2_Plus, Rank 5/8:  53%|█████▎    | 150/284 [21:52<07:26,  3.33s/it]Infer Qwen2.5-VL-32B-Instruct/SEEDBench2_Plus, Rank 0/8:  64%|██████▍   | 182/285 [21:52<20:30, 11.95s/it]Infer Qwen2.5-VL-32B-Instruct/SEEDBench2_Plus, Rank 6/8:  61%|██████    | 173/284 [21:56<19:12, 10.38s/it]Infer Qwen2.5-VL-32B-Instruct/SEEDBench2_Plus, Rank 2/8:  37%|███▋      | 106/285 [21:57<30:23, 10.19s/it]Infer Qwen2.5-VL-32B-Instruct/SEEDBench2_Plus, Rank 3/8:  72%|███████▏  | 205/285 [21:57<12:06,  9.08s/it]Infer Qwen2.5-VL-32B-Instruct/SEEDBench2_Plus, Rank 7/8:  61%|██████    | 172/284 [21:57<15:25,  8.27s/it]Infer Qwen2.5-VL-32B-Instruct/SEEDBench2_Plus, Rank 4/8:  74%|███████▍  | 212/285 [21:58<07:56,  6.53s/it]Infer Qwen2.5-VL-32B-Instruct/SEEDBench2_Plus, Rank 1/8:  52%|█████▏    | 149/285 [21:58<14:33,  6.42s/it]Infer Qwen2.5-VL-32B-Instruct/SEEDBench2_Plus, Rank 0/8:  64%|██████▍   | 183/285 [21:58<17:17, 10.17s/it]Infer Qwen2.5-VL-32B-Instruct/SEEDBench2_Plus, Rank 4/8:  75%|███████▍  | 213/285 [21:58<05:44,  4.79s/it]Infer Qwen2.5-VL-32B-Instruct/SEEDBench2_Plus, Rank 1/8:  53%|█████▎    | 150/285 [21:59<10:52,  4.84s/it]Infer Qwen2.5-VL-32B-Instruct/SEEDBench2_Plus, Rank 4/8:  75%|███████▌  | 214/285 [21:59<04:16,  3.61s/it]Infer Qwen2.5-VL-32B-Instruct/SEEDBench2_Plus, Rank 0/8:  65%|██████▍   | 184/285 [21:59<12:41,  7.54s/it]Infer Qwen2.5-VL-32B-Instruct/SEEDBench2_Plus, Rank 3/8:  72%|███████▏  | 206/285 [22:00<09:45,  7.41s/it]Infer Qwen2.5-VL-32B-Instruct/SEEDBench2_Plus, Rank 4/8:  75%|███████▌  | 215/285 [22:01<03:27,  2.97s/it]Infer Qwen2.5-VL-32B-Instruct/SEEDBench2_Plus, Rank 1/8:  53%|█████▎    | 151/285 [22:01<08:48,  3.95s/it]Infer Qwen2.5-VL-32B-Instruct/SEEDBench2_Plus, Rank 4/8:  76%|███████▌  | 216/285 [22:02<02:50,  2.47s/it]Infer Qwen2.5-VL-32B-Instruct/SEEDBench2_Plus, Rank 4/8:  76%|███████▌  | 217/285 [22:03<02:13,  1.97s/it]Infer Qwen2.5-VL-32B-Instruct/SEEDBench2_Plus, Rank 2/8:  38%|███▊      | 107/285 [22:04<27:15,  9.19s/it]Infer Qwen2.5-VL-32B-Instruct/SEEDBench2_Plus, Rank 4/8:  76%|███████▋  | 218/285 [22:04<02:04,  1.86s/it]Infer Qwen2.5-VL-32B-Instruct/SEEDBench2_Plus, Rank 1/8:  53%|█████▎    | 152/285 [22:06<09:19,  4.21s/it]Infer Qwen2.5-VL-32B-Instruct/SEEDBench2_Plus, Rank 1/8:  54%|█████▎    | 153/285 [22:07<07:09,  3.25s/it]Infer Qwen2.5-VL-32B-Instruct/SEEDBench2_Plus, Rank 7/8:  61%|██████    | 173/284 [22:07<16:25,  8.88s/it]Infer Qwen2.5-VL-32B-Instruct/SEEDBench2_Plus, Rank 6/8:  61%|██████▏   | 174/284 [22:08<19:36, 10.69s/it]Infer Qwen2.5-VL-32B-Instruct/SEEDBench2_Plus, Rank 6/8:  62%|██████▏   | 175/284 [22:08<14:04,  7.75s/it]Infer Qwen2.5-VL-32B-Instruct/SEEDBench2_Plus, Rank 0/8:  65%|██████▍   | 185/285 [22:09<13:32,  8.12s/it]Infer Qwen2.5-VL-32B-Instruct/SEEDBench2_Plus, Rank 6/8:  62%|██████▏   | 176/284 [22:10<10:38,  5.91s/it]Infer Qwen2.5-VL-32B-Instruct/SEEDBench2_Plus, Rank 0/8:  65%|██████▌   | 186/285 [22:12<10:50,  6.57s/it]Infer Qwen2.5-VL-32B-Instruct/SEEDBench2_Plus, Rank 0/8:  66%|██████▌   | 187/285 [22:13<08:02,  4.92s/it]Infer Qwen2.5-VL-32B-Instruct/SEEDBench2_Plus, Rank 0/8:  66%|██████▌   | 188/285 [22:13<05:50,  3.61s/it]Infer Qwen2.5-VL-32B-Instruct/SEEDBench2_Plus, Rank 0/8:  66%|██████▋   | 189/285 [22:15<04:43,  2.95s/it]Infer Qwen2.5-VL-32B-Instruct/SEEDBench2_Plus, Rank 4/8:  77%|███████▋  | 219/285 [22:16<05:14,  4.77s/it]Infer Qwen2.5-VL-32B-Instruct/SEEDBench2_Plus, Rank 7/8:  61%|██████▏   | 174/284 [22:16<16:14,  8.86s/it]Infer Qwen2.5-VL-32B-Instruct/SEEDBench2_Plus, Rank 3/8:  73%|███████▎  | 207/285 [22:16<13:00, 10.00s/it]Infer Qwen2.5-VL-32B-Instruct/SEEDBench2_Plus, Rank 1/8:  54%|█████▍    | 154/285 [22:17<11:50,  5.42s/it]Infer Qwen2.5-VL-32B-Instruct/SEEDBench2_Plus, Rank 0/8:  67%|██████▋   | 190/285 [22:20<05:33,  3.51s/it]Infer Qwen2.5-VL-32B-Instruct/SEEDBench2_Plus, Rank 4/8:  77%|███████▋  | 220/285 [22:20<04:57,  4.58s/it]Infer Qwen2.5-VL-32B-Instruct/SEEDBench2_Plus, Rank 6/8:  62%|██████▏   | 177/284 [22:20<12:45,  7.16s/it]Infer Qwen2.5-VL-32B-Instruct/SEEDBench2_Plus, Rank 2/8:  38%|███▊      | 108/285 [22:20<33:53, 11.49s/it]Infer Qwen2.5-VL-32B-Instruct/SEEDBench2_Plus, Rank 0/8:  67%|██████▋   | 191/285 [22:21<04:22,  2.79s/it]Infer Qwen2.5-VL-32B-Instruct/SEEDBench2_Plus, Rank 4/8:  78%|███████▊  | 221/285 [22:21<03:44,  3.51s/it]Infer Qwen2.5-VL-32B-Instruct/SEEDBench2_Plus, Rank 5/8:  53%|█████▎    | 151/284 [22:21<24:34, 11.08s/it]Infer Qwen2.5-VL-32B-Instruct/SEEDBench2_Plus, Rank 4/8:  78%|███████▊  | 222/285 [22:22<02:45,  2.63s/it]Infer Qwen2.5-VL-32B-Instruct/SEEDBench2_Plus, Rank 5/8:  54%|█████▎    | 152/284 [22:22<17:29,  7.95s/it]Infer Qwen2.5-VL-32B-Instruct/SEEDBench2_Plus, Rank 3/8:  73%|███████▎  | 208/285 [22:22<11:18,  8.82s/it]Infer Qwen2.5-VL-32B-Instruct/SEEDBench2_Plus, Rank 5/8:  54%|█████▍    | 153/284 [22:23<12:55,  5.92s/it]Infer Qwen2.5-VL-32B-Instruct/SEEDBench2_Plus, Rank 6/8:  63%|██████▎   | 178/284 [22:24<10:42,  6.06s/it]Infer Qwen2.5-VL-32B-Instruct/SEEDBench2_Plus, Rank 5/8:  54%|█████▍    | 154/284 [22:24<09:26,  4.36s/it]Infer Qwen2.5-VL-32B-Instruct/SEEDBench2_Plus, Rank 5/8:  55%|█████▍    | 155/284 [22:25<07:02,  3.28s/it]Infer Qwen2.5-VL-32B-Instruct/SEEDBench2_Plus, Rank 7/8:  62%|██████▏   | 175/284 [22:25<16:05,  8.85s/it]Infer Qwen2.5-VL-32B-Instruct/SEEDBench2_Plus, Rank 1/8:  54%|█████▍    | 155/285 [22:28<15:03,  6.95s/it]Infer Qwen2.5-VL-32B-Instruct/SEEDBench2_Plus, Rank 3/8:  73%|███████▎  | 209/285 [22:29<10:16,  8.11s/it]Infer Qwen2.5-VL-32B-Instruct/SEEDBench2_Plus, Rank 2/8:  38%|███▊      | 109/285 [22:30<32:08, 10.96s/it]Infer Qwen2.5-VL-32B-Instruct/SEEDBench2_Plus, Rank 5/8:  55%|█████▍    | 156/284 [22:30<08:34,  4.02s/it]Infer Qwen2.5-VL-32B-Instruct/SEEDBench2_Plus, Rank 2/8:  39%|███▊      | 110/285 [22:31<22:59,  7.88s/it]Infer Qwen2.5-VL-32B-Instruct/SEEDBench2_Plus, Rank 6/8:  63%|██████▎   | 179/284 [22:31<11:26,  6.53s/it]Infer Qwen2.5-VL-32B-Instruct/SEEDBench2_Plus, Rank 7/8:  62%|██████▏   | 176/284 [22:32<15:07,  8.40s/it]Infer Qwen2.5-VL-32B-Instruct/SEEDBench2_Plus, Rank 3/8:  74%|███████▎  | 210/285 [22:33<08:40,  6.94s/it]Infer Qwen2.5-VL-32B-Instruct/SEEDBench2_Plus, Rank 3/8:  74%|███████▍  | 211/285 [22:34<06:19,  5.13s/it]Infer Qwen2.5-VL-32B-Instruct/SEEDBench2_Plus, Rank 4/8:  78%|███████▊  | 223/285 [22:34<05:46,  5.59s/it]Infer Qwen2.5-VL-32B-Instruct/SEEDBench2_Plus, Rank 3/8:  74%|███████▍  | 212/285 [22:35<04:35,  3.77s/it]Infer Qwen2.5-VL-32B-Instruct/SEEDBench2_Plus, Rank 3/8:  75%|███████▍  | 213/285 [22:36<03:31,  2.93s/it]Infer Qwen2.5-VL-32B-Instruct/SEEDBench2_Plus, Rank 3/8:  75%|███████▌  | 214/285 [22:37<02:44,  2.32s/it]Infer Qwen2.5-VL-32B-Instruct/SEEDBench2_Plus, Rank 6/8:  63%|██████▎   | 180/284 [22:37<10:57,  6.32s/it]Infer Qwen2.5-VL-32B-Instruct/SEEDBench2_Plus, Rank 3/8:  75%|███████▌  | 215/285 [22:38<02:18,  1.98s/it]Infer Qwen2.5-VL-32B-Instruct/SEEDBench2_Plus, Rank 7/8:  62%|██████▏   | 177/284 [22:38<13:39,  7.66s/it]Infer Qwen2.5-VL-32B-Instruct/SEEDBench2_Plus, Rank 0/8:  67%|██████▋   | 192/285 [22:39<11:14,  7.26s/it]Infer Qwen2.5-VL-32B-Instruct/SEEDBench2_Plus, Rank 3/8:  76%|███████▌  | 216/285 [22:39<01:56,  1.68s/it]Infer Qwen2.5-VL-32B-Instruct/SEEDBench2_Plus, Rank 7/8:  63%|██████▎   | 178/284 [22:39<09:51,  5.58s/it]Infer Qwen2.5-VL-32B-Instruct/SEEDBench2_Plus, Rank 2/8:  39%|███▉      | 111/285 [22:39<23:28,  8.09s/it]Infer Qwen2.5-VL-32B-Instruct/SEEDBench2_Plus, Rank 5/8:  55%|█████▌    | 157/284 [22:40<11:52,  5.61s/it]Infer Qwen2.5-VL-32B-Instruct/SEEDBench2_Plus, Rank 2/8:  39%|███▉      | 112/285 [22:40<16:49,  5.84s/it]Infer Qwen2.5-VL-32B-Instruct/SEEDBench2_Plus, Rank 5/8:  56%|█████▌    | 158/284 [22:40<08:42,  4.14s/it]Infer Qwen2.5-VL-32B-Instruct/SEEDBench2_Plus, Rank 3/8:  76%|███████▌  | 217/285 [22:41<02:00,  1.77s/it]Infer Qwen2.5-VL-32B-Instruct/SEEDBench2_Plus, Rank 4/8:  79%|███████▊  | 224/285 [22:41<06:03,  5.97s/it]Infer Qwen2.5-VL-32B-Instruct/SEEDBench2_Plus, Rank 2/8:  40%|███▉      | 113/285 [22:41<12:34,  4.38s/it]Infer Qwen2.5-VL-32B-Instruct/SEEDBench2_Plus, Rank 3/8:  76%|███████▋  | 218/285 [22:41<01:36,  1.44s/it]Infer Qwen2.5-VL-32B-Instruct/SEEDBench2_Plus, Rank 7/8:  63%|██████▎   | 179/284 [22:42<08:14,  4.71s/it]Infer Qwen2.5-VL-32B-Instruct/SEEDBench2_Plus, Rank 2/8:  40%|████      | 114/285 [22:42<09:15,  3.25s/it]Infer Qwen2.5-VL-32B-Instruct/SEEDBench2_Plus, Rank 3/8:  77%|███████▋  | 219/285 [22:42<01:28,  1.34s/it]Infer Qwen2.5-VL-32B-Instruct/SEEDBench2_Plus, Rank 1/8:  55%|█████▍    | 156/285 [22:43<20:30,  9.54s/it]Infer Qwen2.5-VL-32B-Instruct/SEEDBench2_Plus, Rank 3/8:  77%|███████▋  | 220/285 [22:45<01:42,  1.58s/it]Infer Qwen2.5-VL-32B-Instruct/SEEDBench2_Plus, Rank 1/8:  55%|█████▌    | 157/285 [22:45<15:16,  7.16s/it]Infer Qwen2.5-VL-32B-Instruct/SEEDBench2_Plus, Rank 3/8:  78%|███████▊  | 221/285 [22:48<02:09,  2.02s/it]Infer Qwen2.5-VL-32B-Instruct/SEEDBench2_Plus, Rank 2/8:  40%|████      | 115/285 [22:48<12:09,  4.29s/it]Infer Qwen2.5-VL-32B-Instruct/SEEDBench2_Plus, Rank 3/8:  78%|███████▊  | 222/285 [22:48<01:44,  1.66s/it]Infer Qwen2.5-VL-32B-Instruct/SEEDBench2_Plus, Rank 4/8:  79%|███████▉  | 225/285 [22:49<06:31,  6.52s/it]Infer Qwen2.5-VL-32B-Instruct/SEEDBench2_Plus, Rank 0/8:  68%|██████▊   | 193/285 [22:50<12:54,  8.42s/it]Infer Qwen2.5-VL-32B-Instruct/SEEDBench2_Plus, Rank 6/8:  64%|██████▎   | 181/284 [22:50<14:16,  8.32s/it]Infer Qwen2.5-VL-32B-Instruct/SEEDBench2_Plus, Rank 4/8:  79%|███████▉  | 226/285 [22:50<04:52,  4.95s/it]Infer Qwen2.5-VL-32B-Instruct/SEEDBench2_Plus, Rank 0/8:  68%|██████▊   | 194/285 [22:50<09:11,  6.06s/it]Infer Qwen2.5-VL-32B-Instruct/SEEDBench2_Plus, Rank 0/8:  68%|██████▊   | 195/285 [22:51<06:48,  4.54s/it]Infer Qwen2.5-VL-32B-Instruct/SEEDBench2_Plus, Rank 4/8:  80%|███████▉  | 227/285 [22:52<03:51,  3.99s/it]Infer Qwen2.5-VL-32B-Instruct/SEEDBench2_Plus, Rank 0/8:  69%|██████▉   | 196/285 [22:52<05:02,  3.40s/it]Infer Qwen2.5-VL-32B-Instruct/SEEDBench2_Plus, Rank 5/8:  56%|█████▌    | 159/284 [22:54<14:31,  6.97s/it]Infer Qwen2.5-VL-32B-Instruct/SEEDBench2_Plus, Rank 3/8:  78%|███████▊  | 223/285 [22:58<04:03,  3.92s/it]Infer Qwen2.5-VL-32B-Instruct/SEEDBench2_Plus, Rank 1/8:  55%|█████▌    | 158/285 [22:58<19:05,  9.02s/it]Infer Qwen2.5-VL-32B-Instruct/SEEDBench2_Plus, Rank 3/8:  79%|███████▊  | 224/285 [22:58<02:58,  2.93s/it]Infer Qwen2.5-VL-32B-Instruct/SEEDBench2_Plus, Rank 7/8:  63%|██████▎   | 180/284 [23:00<15:12,  8.77s/it]Infer Qwen2.5-VL-32B-Instruct/SEEDBench2_Plus, Rank 3/8:  79%|███████▉  | 225/285 [23:00<02:34,  2.57s/it]Infer Qwen2.5-VL-32B-Instruct/SEEDBench2_Plus, Rank 6/8:  64%|██████▍   | 182/284 [23:00<15:04,  8.87s/it]Infer Qwen2.5-VL-32B-Instruct/SEEDBench2_Plus, Rank 3/8:  79%|███████▉  | 226/285 [23:01<02:01,  2.05s/it]Infer Qwen2.5-VL-32B-Instruct/SEEDBench2_Plus, Rank 3/8:  80%|███████▉  | 227/285 [23:02<01:39,  1.72s/it]Infer Qwen2.5-VL-32B-Instruct/SEEDBench2_Plus, Rank 0/8:  69%|██████▉   | 197/285 [23:02<07:57,  5.42s/it]Infer Qwen2.5-VL-32B-Instruct/SEEDBench2_Plus, Rank 4/8:  80%|████████  | 228/285 [23:03<05:51,  6.17s/it]Infer Qwen2.5-VL-32B-Instruct/SEEDBench2_Plus, Rank 2/8:  41%|████      | 116/285 [23:03<21:04,  7.48s/it]Infer Qwen2.5-VL-32B-Instruct/SEEDBench2_Plus, Rank 5/8:  56%|█████▋    | 160/284 [23:04<16:11,  7.83s/it]Infer Qwen2.5-VL-32B-Instruct/SEEDBench2_Plus, Rank 1/8:  56%|█████▌    | 159/285 [23:04<17:01,  8.11s/it]Infer Qwen2.5-VL-32B-Instruct/SEEDBench2_Plus, Rank 5/8:  57%|█████▋    | 161/284 [23:05<11:43,  5.72s/it]Infer Qwen2.5-VL-32B-Instruct/SEEDBench2_Plus, Rank 5/8:  57%|█████▋    | 162/284 [23:06<08:58,  4.42s/it]Infer Qwen2.5-VL-32B-Instruct/SEEDBench2_Plus, Rank 0/8:  69%|██████▉   | 198/285 [23:06<07:18,  5.03s/it]Infer Qwen2.5-VL-32B-Instruct/SEEDBench2_Plus, Rank 3/8:  80%|████████  | 228/285 [23:06<02:25,  2.55s/it]Infer Qwen2.5-VL-32B-Instruct/SEEDBench2_Plus, Rank 7/8:  64%|██████▎   | 181/284 [23:09<15:31,  9.04s/it]Infer Qwen2.5-VL-32B-Instruct/SEEDBench2_Plus, Rank 0/8:  70%|██████▉   | 199/285 [23:11<07:13,  5.04s/it]Infer Qwen2.5-VL-32B-Instruct/SEEDBench2_Plus, Rank 0/8:  70%|███████   | 200/285 [23:12<05:17,  3.74s/it]Infer Qwen2.5-VL-32B-Instruct/SEEDBench2_Plus, Rank 5/8:  57%|█████▋    | 163/284 [23:13<10:38,  5.28s/it]Infer Qwen2.5-VL-32B-Instruct/SEEDBench2_Plus, Rank 6/8:  64%|██████▍   | 183/284 [23:14<17:21, 10.32s/it]Infer Qwen2.5-VL-32B-Instruct/SEEDBench2_Plus, Rank 4/8:  80%|████████  | 229/285 [23:14<07:04,  7.59s/it]Infer Qwen2.5-VL-32B-Instruct/SEEDBench2_Plus, Rank 0/8:  71%|███████   | 201/285 [23:14<04:36,  3.29s/it]Infer Qwen2.5-VL-32B-Instruct/SEEDBench2_Plus, Rank 5/8:  58%|█████▊    | 164/284 [23:14<08:07,  4.07s/it]Infer Qwen2.5-VL-32B-Instruct/SEEDBench2_Plus, Rank 6/8:  65%|██████▍   | 184/284 [23:15<12:36,  7.56s/it]Infer Qwen2.5-VL-32B-Instruct/SEEDBench2_Plus, Rank 1/8:  56%|█████▌    | 160/285 [23:15<18:34,  8.92s/it]Infer Qwen2.5-VL-32B-Instruct/SEEDBench2_Plus, Rank 2/8:  41%|████      | 117/285 [23:15<24:46,  8.85s/it]Infer Qwen2.5-VL-32B-Instruct/SEEDBench2_Plus, Rank 0/8:  71%|███████   | 202/285 [23:16<03:47,  2.74s/it]Infer Qwen2.5-VL-32B-Instruct/SEEDBench2_Plus, Rank 6/8:  65%|██████▌   | 185/284 [23:16<09:06,  5.52s/it]Infer Qwen2.5-VL-32B-Instruct/SEEDBench2_Plus, Rank 5/8:  58%|█████▊    | 165/284 [23:16<06:37,  3.34s/it]Infer Qwen2.5-VL-32B-Instruct/SEEDBench2_Plus, Rank 2/8:  41%|████▏     | 118/285 [23:17<18:22,  6.60s/it]Infer Qwen2.5-VL-32B-Instruct/SEEDBench2_Plus, Rank 5/8:  58%|█████▊    | 166/284 [23:17<05:12,  2.65s/it]Infer Qwen2.5-VL-32B-Instruct/SEEDBench2_Plus, Rank 6/8:  65%|██████▌   | 186/284 [23:17<07:02,  4.31s/it]Infer Qwen2.5-VL-32B-Instruct/SEEDBench2_Plus, Rank 2/8:  42%|████▏     | 119/285 [23:17<13:21,  4.83s/it]Infer Qwen2.5-VL-32B-Instruct/SEEDBench2_Plus, Rank 2/8:  42%|████▏     | 120/285 [23:18<09:56,  3.62s/it]Infer Qwen2.5-VL-32B-Instruct/SEEDBench2_Plus, Rank 5/8:  59%|█████▉    | 167/284 [23:18<04:19,  2.22s/it]Infer Qwen2.5-VL-32B-Instruct/SEEDBench2_Plus, Rank 6/8:  66%|██████▌   | 187/284 [23:20<06:08,  3.80s/it]Infer Qwen2.5-VL-32B-Instruct/SEEDBench2_Plus, Rank 6/8:  66%|██████▌   | 188/284 [23:21<04:56,  3.09s/it]Infer Qwen2.5-VL-32B-Instruct/SEEDBench2_Plus, Rank 0/8:  71%|███████   | 203/285 [23:22<05:11,  3.80s/it]Infer Qwen2.5-VL-32B-Instruct/SEEDBench2_Plus, Rank 6/8:  67%|██████▋   | 189/284 [23:22<03:50,  2.43s/it]Infer Qwen2.5-VL-32B-Instruct/SEEDBench2_Plus, Rank 0/8:  72%|███████▏  | 204/285 [23:23<03:58,  2.95s/it]Infer Qwen2.5-VL-32B-Instruct/SEEDBench2_Plus, Rank 7/8:  64%|██████▍   | 182/284 [23:24<18:10, 10.69s/it]Infer Qwen2.5-VL-32B-Instruct/SEEDBench2_Plus, Rank 6/8:  67%|██████▋   | 190/284 [23:24<03:33,  2.27s/it]Infer Qwen2.5-VL-32B-Instruct/SEEDBench2_Plus, Rank 7/8:  64%|██████▍   | 183/284 [23:25<12:55,  7.68s/it]Infer Qwen2.5-VL-32B-Instruct/SEEDBench2_Plus, Rank 6/8:  67%|██████▋   | 191/284 [23:25<02:45,  1.78s/it]Infer Qwen2.5-VL-32B-Instruct/SEEDBench2_Plus, Rank 6/8:  68%|██████▊   | 192/284 [23:25<02:10,  1.42s/it]Infer Qwen2.5-VL-32B-Instruct/SEEDBench2_Plus, Rank 2/8:  42%|████▏     | 121/285 [23:26<12:57,  4.74s/it]Infer Qwen2.5-VL-32B-Instruct/SEEDBench2_Plus, Rank 4/8:  81%|████████  | 230/285 [23:26<08:06,  8.85s/it]Infer Qwen2.5-VL-32B-Instruct/SEEDBench2_Plus, Rank 3/8:  80%|████████  | 229/285 [23:26<07:08,  7.66s/it]Infer Qwen2.5-VL-32B-Instruct/SEEDBench2_Plus, Rank 6/8:  68%|██████▊   | 193/284 [23:26<01:48,  1.19s/it]Infer Qwen2.5-VL-32B-Instruct/SEEDBench2_Plus, Rank 2/8:  43%|████▎     | 122/285 [23:26<09:47,  3.61s/it]Infer Qwen2.5-VL-32B-Instruct/SEEDBench2_Plus, Rank 6/8:  68%|██████▊   | 194/284 [23:27<01:39,  1.11s/it]Infer Qwen2.5-VL-32B-Instruct/SEEDBench2_Plus, Rank 0/8:  72%|███████▏  | 205/285 [23:27<04:29,  3.37s/it]Infer Qwen2.5-VL-32B-Instruct/SEEDBench2_Plus, Rank 6/8:  69%|██████▊   | 195/284 [23:29<02:05,  1.41s/it]Infer Qwen2.5-VL-32B-Instruct/SEEDBench2_Plus, Rank 7/8:  65%|██████▍   | 184/284 [23:30<11:39,  6.99s/it]Infer Qwen2.5-VL-32B-Instruct/SEEDBench2_Plus, Rank 7/8:  65%|██████▌   | 185/284 [23:31<08:37,  5.22s/it]Infer Qwen2.5-VL-32B-Instruct/SEEDBench2_Plus, Rank 7/8:  65%|██████▌   | 186/284 [23:32<06:23,  3.91s/it]Infer Qwen2.5-VL-32B-Instruct/SEEDBench2_Plus, Rank 7/8:  66%|██████▌   | 187/284 [23:33<04:46,  2.96s/it]Infer Qwen2.5-VL-32B-Instruct/SEEDBench2_Plus, Rank 5/8:  59%|█████▉    | 168/284 [23:34<12:07,  6.27s/it]Infer Qwen2.5-VL-32B-Instruct/SEEDBench2_Plus, Rank 0/8:  72%|███████▏  | 206/285 [23:35<06:05,  4.63s/it]Infer Qwen2.5-VL-32B-Instruct/SEEDBench2_Plus, Rank 3/8:  81%|████████  | 230/285 [23:36<07:47,  8.49s/it]Infer Qwen2.5-VL-32B-Instruct/SEEDBench2_Plus, Rank 4/8:  81%|████████  | 231/285 [23:37<08:30,  9.45s/it]Infer Qwen2.5-VL-32B-Instruct/SEEDBench2_Plus, Rank 7/8:  66%|██████▌   | 188/284 [23:37<05:21,  3.35s/it]Infer Qwen2.5-VL-32B-Instruct/SEEDBench2_Plus, Rank 2/8:  43%|████▎     | 123/285 [23:37<15:30,  5.75s/it]Infer Qwen2.5-VL-32B-Instruct/SEEDBench2_Plus, Rank 2/8:  44%|████▎     | 124/285 [23:40<12:55,  4.81s/it]Infer Qwen2.5-VL-32B-Instruct/SEEDBench2_Plus, Rank 6/8:  69%|██████▉   | 196/284 [23:41<06:51,  4.68s/it]Infer Qwen2.5-VL-32B-Instruct/SEEDBench2_Plus, Rank 7/8:  67%|██████▋   | 189/284 [23:42<06:10,  3.90s/it]Infer Qwen2.5-VL-32B-Instruct/SEEDBench2_Plus, Rank 7/8:  67%|██████▋   | 190/284 [23:43<04:36,  2.94s/it]Infer Qwen2.5-VL-32B-Instruct/SEEDBench2_Plus, Rank 7/8:  67%|██████▋   | 191/284 [23:44<03:57,  2.55s/it]Infer Qwen2.5-VL-32B-Instruct/SEEDBench2_Plus, Rank 7/8:  68%|██████▊   | 192/284 [23:45<03:02,  1.98s/it]Infer Qwen2.5-VL-32B-Instruct/SEEDBench2_Plus, Rank 0/8:  73%|███████▎  | 207/285 [23:45<08:16,  6.37s/it]Infer Qwen2.5-VL-32B-Instruct/SEEDBench2_Plus, Rank 2/8:  44%|████▍     | 125/285 [23:46<13:41,  5.14s/it]Infer Qwen2.5-VL-32B-Instruct/SEEDBench2_Plus, Rank 2/8:  44%|████▍     | 126/285 [23:47<10:15,  3.87s/it]Infer Qwen2.5-VL-32B-Instruct/SEEDBench2_Plus, Rank 5/8:  60%|█████▉    | 169/284 [23:47<15:53,  8.29s/it]Infer Qwen2.5-VL-32B-Instruct/SEEDBench2_Plus, Rank 3/8:  81%|████████  | 231/285 [23:47<08:20,  9.27s/it]Infer Qwen2.5-VL-32B-Instruct/SEEDBench2_Plus, Rank 5/8:  60%|█████▉    | 170/284 [23:48<11:45,  6.19s/it]Infer Qwen2.5-VL-32B-Instruct/SEEDBench2_Plus, Rank 5/8:  60%|██████    | 171/284 [23:49<08:30,  4.52s/it]Infer Qwen2.5-VL-32B-Instruct/SEEDBench2_Plus, Rank 4/8:  81%|████████▏ | 232/285 [23:49<09:15, 10.48s/it]Infer Qwen2.5-VL-32B-Instruct/SEEDBench2_Plus, Rank 7/8:  68%|██████▊   | 193/284 [23:51<04:46,  3.15s/it]Infer Qwen2.5-VL-32B-Instruct/SEEDBench2_Plus, Rank 4/8:  82%|████████▏ | 233/285 [23:51<06:47,  7.83s/it]Infer Qwen2.5-VL-32B-Instruct/SEEDBench2_Plus, Rank 7/8:  68%|██████▊   | 194/284 [23:52<03:45,  2.50s/it]Infer Qwen2.5-VL-32B-Instruct/SEEDBench2_Plus, Rank 4/8:  82%|████████▏ | 234/285 [23:53<05:04,  5.98s/it]Infer Qwen2.5-VL-32B-Instruct/SEEDBench2_Plus, Rank 7/8:  69%|██████▊   | 195/284 [23:53<03:09,  2.13s/it]Infer Qwen2.5-VL-32B-Instruct/SEEDBench2_Plus, Rank 0/8:  73%|███████▎  | 208/285 [23:56<09:44,  7.59s/it]Infer Qwen2.5-VL-32B-Instruct/SEEDBench2_Plus, Rank 4/8:  82%|████████▏ | 235/285 [23:56<04:21,  5.24s/it]Infer Qwen2.5-VL-32B-Instruct/SEEDBench2_Plus, Rank 4/8:  83%|████████▎ | 236/285 [23:57<03:13,  3.95s/it]Infer Qwen2.5-VL-32B-Instruct/SEEDBench2_Plus, Rank 4/8:  83%|████████▎ | 237/285 [23:58<02:20,  2.94s/it]Infer Qwen2.5-VL-32B-Instruct/SEEDBench2_Plus, Rank 5/8:  61%|██████    | 172/284 [23:59<11:43,  6.28s/it]Infer Qwen2.5-VL-32B-Instruct/SEEDBench2_Plus, Rank 4/8:  84%|████████▎ | 238/285 [23:59<01:59,  2.55s/it]Infer Qwen2.5-VL-32B-Instruct/SEEDBench2_Plus, Rank 2/8:  45%|████▍     | 127/285 [24:00<17:52,  6.79s/it]Infer Qwen2.5-VL-32B-Instruct/SEEDBench2_Plus, Rank 5/8:  61%|██████    | 173/284 [24:01<08:48,  4.76s/it]Infer Qwen2.5-VL-32B-Instruct/SEEDBench2_Plus, Rank 7/8:  69%|██████▉   | 196/284 [24:02<05:50,  3.98s/it]Infer Qwen2.5-VL-32B-Instruct/SEEDBench2_Plus, Rank 6/8:  69%|██████▉   | 197/284 [24:02<13:55,  9.61s/it]Infer Qwen2.5-VL-32B-Instruct/SEEDBench2_Plus, Rank 5/8:  61%|██████▏   | 174/284 [24:03<07:17,  3.98s/it]Infer Qwen2.5-VL-32B-Instruct/SEEDBench2_Plus, Rank 5/8:  62%|██████▏   | 175/284 [24:03<05:23,  2.97s/it]Infer Qwen2.5-VL-32B-Instruct/SEEDBench2_Plus, Rank 3/8:  81%|████████▏ | 232/285 [24:03<09:59, 11.31s/it]Infer Qwen2.5-VL-32B-Instruct/SEEDBench2_Plus, Rank 0/8:  73%|███████▎  | 209/285 [24:05<10:05,  7.97s/it]Infer Qwen2.5-VL-32B-Instruct/SEEDBench2_Plus, Rank 0/8:  74%|███████▎  | 210/285 [24:05<07:13,  5.78s/it]Infer Qwen2.5-VL-32B-Instruct/SEEDBench2_Plus, Rank 0/8:  74%|███████▍  | 211/285 [24:06<05:14,  4.25s/it]Infer Qwen2.5-VL-32B-Instruct/SEEDBench2_Plus, Rank 0/8:  74%|███████▍  | 212/285 [24:06<03:49,  3.14s/it]Infer Qwen2.5-VL-32B-Instruct/SEEDBench2_Plus, Rank 5/8:  62%|██████▏   | 176/284 [24:10<07:17,  4.05s/it]Infer Qwen2.5-VL-32B-Instruct/SEEDBench2_Plus, Rank 5/8:  62%|██████▏   | 177/284 [24:12<06:01,  3.38s/it]Infer Qwen2.5-VL-32B-Instruct/SEEDBench2_Plus, Rank 7/8:  69%|██████▉   | 197/284 [24:13<08:49,  6.09s/it]Infer Qwen2.5-VL-32B-Instruct/SEEDBench2_Plus, Rank 2/8:  45%|████▍     | 128/285 [24:14<22:51,  8.74s/it]Infer Qwen2.5-VL-32B-Instruct/SEEDBench2_Plus, Rank 0/8:  75%|███████▍  | 213/285 [24:13<05:09,  4.30s/it]Infer Qwen2.5-VL-32B-Instruct/SEEDBench2_Plus, Rank 3/8:  82%|████████▏ | 233/285 [24:14<09:38, 11.12s/it]Infer Qwen2.5-VL-32B-Instruct/SEEDBench2_Plus, Rank 6/8:  70%|██████▉   | 198/284 [24:14<14:44, 10.28s/it]Infer Qwen2.5-VL-32B-Instruct/SEEDBench2_Plus, Rank 2/8:  45%|████▌     | 129/285 [24:14<16:38,  6.40s/it]Infer Qwen2.5-VL-32B-Instruct/SEEDBench2_Plus, Rank 3/8:  82%|████████▏ | 234/285 [24:15<06:45,  7.95s/it]Infer Qwen2.5-VL-32B-Instruct/SEEDBench2_Plus, Rank 6/8:  70%|███████   | 199/284 [24:15<10:27,  7.39s/it]Infer Qwen2.5-VL-32B-Instruct/SEEDBench2_Plus, Rank 0/8:  75%|███████▌  | 214/285 [24:15<04:05,  3.46s/it]Infer Qwen2.5-VL-32B-Instruct/SEEDBench2_Plus, Rank 2/8:  46%|████▌     | 130/285 [24:16<12:26,  4.82s/it]Infer Qwen2.5-VL-32B-Instruct/SEEDBench2_Plus, Rank 0/8:  75%|███████▌  | 215/285 [24:16<03:04,  2.63s/it]Infer Qwen2.5-VL-32B-Instruct/SEEDBench2_Plus, Rank 2/8:  46%|████▌     | 131/285 [24:16<09:08,  3.56s/it]Infer Qwen2.5-VL-32B-Instruct/SEEDBench2_Plus, Rank 3/8:  82%|████████▏ | 235/285 [24:17<05:08,  6.18s/it]Infer Qwen2.5-VL-32B-Instruct/SEEDBench2_Plus, Rank 4/8:  84%|████████▍ | 239/285 [24:17<05:28,  7.13s/it]Infer Qwen2.5-VL-32B-Instruct/SEEDBench2_Plus, Rank 5/8:  63%|██████▎   | 178/284 [24:18<07:18,  4.14s/it]Infer Qwen2.5-VL-32B-Instruct/SEEDBench2_Plus, Rank 3/8:  83%|████████▎ | 236/285 [24:18<03:50,  4.70s/it]Infer Qwen2.5-VL-32B-Instruct/SEEDBench2_Plus, Rank 0/8:  76%|███████▌  | 216/285 [24:18<03:02,  2.64s/it]Infer Qwen2.5-VL-32B-Instruct/SEEDBench2_Plus, Rank 0/8:  76%|███████▌  | 217/285 [24:19<02:22,  2.09s/it]Infer Qwen2.5-VL-32B-Instruct/SEEDBench2_Plus, Rank 0/8:  76%|███████▋  | 218/285 [24:20<01:54,  1.71s/it]Infer Qwen2.5-VL-32B-Instruct/SEEDBench2_Plus, Rank 5/8:  63%|██████▎   | 179/284 [24:20<06:26,  3.68s/it]Infer Qwen2.5-VL-32B-Instruct/SEEDBench2_Plus, Rank 6/8:  70%|███████   | 200/284 [24:23<10:32,  7.52s/it]Infer Qwen2.5-VL-32B-Instruct/SEEDBench2_Plus, Rank 6/8:  71%|███████   | 201/284 [24:24<07:50,  5.66s/it]Infer Qwen2.5-VL-32B-Instruct/SEEDBench2_Plus, Rank 0/8:  77%|███████▋  | 219/285 [24:24<02:43,  2.47s/it]Infer Qwen2.5-VL-32B-Instruct/SEEDBench2_Plus, Rank 3/8:  83%|████████▎ | 237/285 [24:25<04:23,  5.48s/it]Infer Qwen2.5-VL-32B-Instruct/SEEDBench2_Plus, Rank 0/8:  77%|███████▋  | 220/285 [24:26<02:28,  2.28s/it]Infer Qwen2.5-VL-32B-Instruct/SEEDBench2_Plus, Rank 5/8:  63%|██████▎   | 180/284 [24:27<07:52,  4.55s/it]Infer Qwen2.5-VL-32B-Instruct/SEEDBench2_Plus, Rank 0/8:  78%|███████▊  | 221/285 [24:27<01:56,  1.82s/it]Infer Qwen2.5-VL-32B-Instruct/SEEDBench2_Plus, Rank 4/8:  84%|████████▍ | 240/285 [24:27<05:59,  7.98s/it]Infer Qwen2.5-VL-32B-Instruct/SEEDBench2_Plus, Rank 0/8:  78%|███████▊  | 222/285 [24:28<01:34,  1.49s/it]Infer Qwen2.5-VL-32B-Instruct/SEEDBench2_Plus, Rank 2/8:  46%|████▋     | 132/285 [24:28<15:35,  6.12s/it]Infer Qwen2.5-VL-32B-Instruct/SEEDBench2_Plus, Rank 0/8:  78%|███████▊  | 223/285 [24:28<01:22,  1.33s/it]Infer Qwen2.5-VL-32B-Instruct/SEEDBench2_Plus, Rank 7/8:  70%|██████▉   | 198/284 [24:31<13:56,  9.72s/it]Infer Qwen2.5-VL-32B-Instruct/SEEDBench2_Plus, Rank 4/8:  85%|████████▍ | 241/285 [24:35<05:43,  7.80s/it]Infer Qwen2.5-VL-32B-Instruct/SEEDBench2_Plus, Rank 5/8:  64%|██████▎   | 181/284 [24:35<09:55,  5.78s/it]Infer Qwen2.5-VL-32B-Instruct/SEEDBench2_Plus, Rank 2/8:  47%|████▋     | 133/285 [24:36<16:56,  6.69s/it]Infer Qwen2.5-VL-32B-Instruct/SEEDBench2_Plus, Rank 2/8:  47%|████▋     | 134/285 [24:37<12:36,  5.01s/it]Infer Qwen2.5-VL-32B-Instruct/SEEDBench2_Plus, Rank 3/8:  84%|████████▎ | 238/285 [24:37<05:52,  7.49s/it]Infer Qwen2.5-VL-32B-Instruct/SEEDBench2_Plus, Rank 3/8:  84%|████████▍ | 239/285 [24:38<04:08,  5.41s/it]Infer Qwen2.5-VL-32B-Instruct/SEEDBench2_Plus, Rank 6/8:  71%|███████   | 202/284 [24:38<11:14,  8.22s/it]Infer Qwen2.5-VL-32B-Instruct/SEEDBench2_Plus, Rank 2/8:  47%|████▋     | 135/285 [24:39<09:58,  3.99s/it]Infer Qwen2.5-VL-32B-Instruct/SEEDBench2_Plus, Rank 0/8:  79%|███████▊  | 224/285 [24:39<04:17,  4.23s/it]Infer Qwen2.5-VL-32B-Instruct/SEEDBench2_Plus, Rank 7/8:  70%|███████   | 199/284 [24:40<13:30,  9.54s/it]Infer Qwen2.5-VL-32B-Instruct/SEEDBench2_Plus, Rank 6/8:  71%|███████▏  | 203/284 [24:41<08:41,  6.44s/it]Infer Qwen2.5-VL-32B-Instruct/SEEDBench2_Plus, Rank 3/8:  84%|████████▍ | 240/285 [24:41<03:36,  4.81s/it]Infer Qwen2.5-VL-32B-Instruct/SEEDBench2_Plus, Rank 3/8:  85%|████████▍ | 241/285 [24:42<02:36,  3.55s/it]Infer Qwen2.5-VL-32B-Instruct/SEEDBench2_Plus, Rank 2/8:  48%|████▊     | 136/285 [24:45<11:43,  4.72s/it]Infer Qwen2.5-VL-32B-Instruct/SEEDBench2_Plus, Rank 7/8:  70%|███████   | 200/284 [24:48<12:33,  8.97s/it]Infer Qwen2.5-VL-32B-Instruct/SEEDBench2_Plus, Rank 4/8:  85%|████████▍ | 242/285 [24:48<06:51,  9.57s/it]Infer Qwen2.5-VL-32B-Instruct/SEEDBench2_Plus, Rank 5/8:  64%|██████▍   | 182/284 [24:49<13:53,  8.17s/it]Infer Qwen2.5-VL-32B-Instruct/SEEDBench2_Plus, Rank 7/8:  71%|███████   | 201/284 [24:49<09:22,  6.78s/it]Infer Qwen2.5-VL-32B-Instruct/SEEDBench2_Plus, Rank 7/8:  71%|███████   | 202/284 [24:50<06:41,  4.90s/it]Infer Qwen2.5-VL-32B-Instruct/SEEDBench2_Plus, Rank 7/8:  71%|███████▏  | 203/284 [24:51<05:03,  3.75s/it]Infer Qwen2.5-VL-32B-Instruct/SEEDBench2_Plus, Rank 4/8:  85%|████████▌ | 243/285 [24:53<05:36,  8.01s/it]Infer Qwen2.5-VL-32B-Instruct/SEEDBench2_Plus, Rank 3/8:  85%|████████▍ | 242/285 [24:54<04:15,  5.93s/it]Infer Qwen2.5-VL-32B-Instruct/SEEDBench2_Plus, Rank 4/8:  86%|████████▌ | 244/285 [24:54<04:07,  6.03s/it]Infer Qwen2.5-VL-32B-Instruct/SEEDBench2_Plus, Rank 0/8:  79%|███████▉  | 225/285 [24:55<07:36,  7.61s/it]Infer Qwen2.5-VL-32B-Instruct/SEEDBench2_Plus, Rank 0/8:  79%|███████▉  | 226/285 [24:56<05:27,  5.56s/it]Infer Qwen2.5-VL-32B-Instruct/SEEDBench2_Plus, Rank 6/8:  72%|███████▏  | 204/284 [24:56<12:19,  9.24s/it]Infer Qwen2.5-VL-32B-Instruct/SEEDBench2_Plus, Rank 6/8:  72%|███████▏  | 205/284 [24:57<08:46,  6.66s/it]Infer Qwen2.5-VL-32B-Instruct/SEEDBench2_Plus, Rank 3/8:  85%|████████▌ | 243/285 [24:57<03:38,  5.21s/it]Infer Qwen2.5-VL-32B-Instruct/SEEDBench2_Plus, Rank 0/8:  80%|███████▉  | 227/285 [24:57<04:12,  4.35s/it]Infer Qwen2.5-VL-32B-Instruct/SEEDBench2_Plus, Rank 6/8:  73%|███████▎  | 206/284 [24:58<06:23,  4.92s/it]Infer Qwen2.5-VL-32B-Instruct/SEEDBench2_Plus, Rank 0/8:  80%|████████  | 228/285 [24:59<03:18,  3.49s/it]Infer Qwen2.5-VL-32B-Instruct/SEEDBench2_Plus, Rank 7/8:  72%|███████▏  | 204/284 [24:59<06:51,  5.14s/it]Infer Qwen2.5-VL-32B-Instruct/SEEDBench2_Plus, Rank 3/8:  86%|████████▌ | 244/285 [25:00<03:06,  4.55s/it]Infer Qwen2.5-VL-32B-Instruct/SEEDBench2_Plus, Rank 4/8:  86%|████████▌ | 245/285 [25:02<04:21,  6.55s/it]Infer Qwen2.5-VL-32B-Instruct/SEEDBench2_Plus, Rank 5/8:  64%|██████▍   | 183/284 [25:04<17:00, 10.10s/it]Infer Qwen2.5-VL-32B-Instruct/SEEDBench2_Plus, Rank 2/8:  48%|████▊     | 137/285 [25:05<22:21,  9.07s/it]Infer Qwen2.5-VL-32B-Instruct/SEEDBench2_Plus, Rank 5/8:  65%|██████▍   | 184/284 [25:05<12:18,  7.39s/it]Infer Qwen2.5-VL-32B-Instruct/SEEDBench2_Plus, Rank 6/8:  73%|███████▎  | 207/284 [25:05<07:18,  5.69s/it]Infer Qwen2.5-VL-32B-Instruct/SEEDBench2_Plus, Rank 7/8:  72%|███████▏  | 205/284 [25:06<07:16,  5.53s/it]Infer Qwen2.5-VL-32B-Instruct/SEEDBench2_Plus, Rank 5/8:  65%|██████▌   | 185/284 [25:06<09:10,  5.56s/it]Infer Qwen2.5-VL-32B-Instruct/SEEDBench2_Plus, Rank 4/8:  86%|████████▋ | 246/285 [25:08<04:05,  6.30s/it]Infer Qwen2.5-VL-32B-Instruct/SEEDBench2_Plus, Rank 5/8:  65%|██████▌   | 186/284 [25:10<08:24,  5.15s/it]Infer Qwen2.5-VL-32B-Instruct/SEEDBench2_Plus, Rank 5/8:  66%|██████▌   | 187/284 [25:11<06:17,  3.89s/it]Infer Qwen2.5-VL-32B-Instruct/SEEDBench2_Plus, Rank 6/8:  73%|███████▎  | 208/284 [25:12<07:46,  6.13s/it]Infer Qwen2.5-VL-32B-Instruct/SEEDBench2_Plus, Rank 3/8:  86%|████████▌ | 245/285 [25:13<04:39,  6.98s/it]Infer Qwen2.5-VL-32B-Instruct/SEEDBench2_Plus, Rank 0/8:  80%|████████  | 229/285 [25:13<06:24,  6.87s/it]Infer Qwen2.5-VL-32B-Instruct/SEEDBench2_Plus, Rank 7/8:  73%|███████▎  | 206/284 [25:15<08:37,  6.63s/it]Infer Qwen2.5-VL-32B-Instruct/SEEDBench2_Plus, Rank 5/8:  66%|██████▌   | 188/284 [25:15<06:15,  3.91s/it]Infer Qwen2.5-VL-32B-Instruct/SEEDBench2_Plus, Rank 2/8:  48%|████▊     | 138/285 [25:17<24:28,  9.99s/it]Infer Qwen2.5-VL-32B-Instruct/SEEDBench2_Plus, Rank 6/8:  74%|███████▎  | 209/284 [25:19<07:47,  6.23s/it]Infer Qwen2.5-VL-32B-Instruct/SEEDBench2_Plus, Rank 4/8:  87%|████████▋ | 247/285 [25:19<05:02,  7.96s/it]Infer Qwen2.5-VL-32B-Instruct/SEEDBench2_Plus, Rank 6/8:  74%|███████▍  | 210/284 [25:20<05:41,  4.61s/it]Infer Qwen2.5-VL-32B-Instruct/SEEDBench2_Plus, Rank 5/8:  67%|██████▋   | 189/284 [25:21<06:51,  4.33s/it]Infer Qwen2.5-VL-32B-Instruct/SEEDBench2_Plus, Rank 5/8:  67%|██████▋   | 190/284 [25:21<05:02,  3.22s/it]Infer Qwen2.5-VL-32B-Instruct/SEEDBench2_Plus, Rank 4/8:  87%|████████▋ | 248/285 [25:22<03:49,  6.22s/it]Infer Qwen2.5-VL-32B-Instruct/SEEDBench2_Plus, Rank 5/8:  67%|██████▋   | 191/284 [25:22<03:47,  2.45s/it]Infer Qwen2.5-VL-32B-Instruct/SEEDBench2_Plus, Rank 3/8:  86%|████████▋ | 246/285 [25:22<04:58,  7.67s/it]Infer Qwen2.5-VL-32B-Instruct/SEEDBench2_Plus, Rank 0/8:  81%|████████  | 230/285 [25:22<06:51,  7.49s/it]Infer Qwen2.5-VL-32B-Instruct/SEEDBench2_Plus, Rank 3/8:  87%|████████▋ | 247/285 [25:26<04:08,  6.53s/it]Infer Qwen2.5-VL-32B-Instruct/SEEDBench2_Plus, Rank 7/8:  73%|███████▎  | 207/284 [25:27<10:47,  8.41s/it]Infer Qwen2.5-VL-32B-Instruct/SEEDBench2_Plus, Rank 7/8:  73%|███████▎  | 208/284 [25:29<07:57,  6.28s/it]Infer Qwen2.5-VL-32B-Instruct/SEEDBench2_Plus, Rank 5/8:  68%|██████▊   | 192/284 [25:29<05:49,  3.80s/it]Infer Qwen2.5-VL-32B-Instruct/SEEDBench2_Plus, Rank 6/8:  74%|███████▍  | 211/284 [25:29<07:19,  6.02s/it]Infer Qwen2.5-VL-32B-Instruct/SEEDBench2_Plus, Rank 5/8:  68%|██████▊   | 193/284 [25:30<04:38,  3.06s/it]Infer Qwen2.5-VL-32B-Instruct/SEEDBench2_Plus, Rank 7/8:  74%|███████▎  | 209/284 [25:30<06:04,  4.86s/it]Infer Qwen2.5-VL-32B-Instruct/SEEDBench2_Plus, Rank 5/8:  68%|██████▊   | 194/284 [25:32<04:14,  2.82s/it]Infer Qwen2.5-VL-32B-Instruct/SEEDBench2_Plus, Rank 2/8:  49%|████▉     | 139/285 [25:34<29:20, 12.06s/it]Infer Qwen2.5-VL-32B-Instruct/SEEDBench2_Plus, Rank 5/8:  69%|██████▊   | 195/284 [25:34<03:46,  2.54s/it]Infer Qwen2.5-VL-32B-Instruct/SEEDBench2_Plus, Rank 7/8:  74%|███████▍  | 210/284 [25:36<06:28,  5.26s/it]Infer Qwen2.5-VL-32B-Instruct/SEEDBench2_Plus, Rank 6/8:  75%|███████▍  | 212/284 [25:37<07:45,  6.46s/it]Infer Qwen2.5-VL-32B-Instruct/SEEDBench2_Plus, Rank 4/8:  87%|████████▋ | 249/285 [25:37<05:21,  8.92s/it]Infer Qwen2.5-VL-32B-Instruct/SEEDBench2_Plus, Rank 6/8:  75%|███████▌  | 213/284 [25:37<05:35,  4.73s/it]Infer Qwen2.5-VL-32B-Instruct/SEEDBench2_Plus, Rank 6/8:  75%|███████▌  | 214/284 [25:38<04:13,  3.62s/it]Infer Qwen2.5-VL-32B-Instruct/SEEDBench2_Plus, Rank 3/8:  87%|████████▋ | 248/285 [25:39<05:17,  8.57s/it]Infer Qwen2.5-VL-32B-Instruct/SEEDBench2_Plus, Rank 6/8:  76%|███████▌  | 215/284 [25:40<03:28,  3.02s/it]Infer Qwen2.5-VL-32B-Instruct/SEEDBench2_Plus, Rank 6/8:  76%|███████▌  | 216/284 [25:42<03:12,  2.84s/it]Infer Qwen2.5-VL-32B-Instruct/SEEDBench2_Plus, Rank 6/8:  76%|███████▋  | 217/284 [25:43<02:33,  2.29s/it]Infer Qwen2.5-VL-32B-Instruct/SEEDBench2_Plus, Rank 5/8:  69%|██████▉   | 196/284 [25:44<07:04,  4.82s/it]Infer Qwen2.5-VL-32B-Instruct/SEEDBench2_Plus, Rank 2/8:  49%|████▉     | 140/285 [25:47<29:51, 12.36s/it]Infer Qwen2.5-VL-32B-Instruct/SEEDBench2_Plus, Rank 0/8:  81%|████████  | 231/285 [25:47<11:17, 12.55s/it]Infer Qwen2.5-VL-32B-Instruct/SEEDBench2_Plus, Rank 3/8:  87%|████████▋ | 249/285 [25:49<05:19,  8.87s/it]Infer Qwen2.5-VL-32B-Instruct/SEEDBench2_Plus, Rank 4/8:  88%|████████▊ | 250/285 [25:49<05:47,  9.92s/it]Infer Qwen2.5-VL-32B-Instruct/SEEDBench2_Plus, Rank 6/8:  77%|███████▋  | 218/284 [25:51<04:14,  3.85s/it]Infer Qwen2.5-VL-32B-Instruct/SEEDBench2_Plus, Rank 5/8:  69%|██████▉   | 197/284 [25:51<07:52,  5.43s/it]Infer Qwen2.5-VL-32B-Instruct/SEEDBench2_Plus, Rank 7/8:  74%|███████▍  | 211/284 [25:54<10:55,  8.98s/it]Infer Qwen2.5-VL-32B-Instruct/SEEDBench2_Plus, Rank 7/8:  75%|███████▍  | 212/284 [25:55<07:47,  6.49s/it]Infer Qwen2.5-VL-32B-Instruct/SEEDBench2_Plus, Rank 3/8:  88%|████████▊ | 250/285 [25:56<04:55,  8.44s/it]Infer Qwen2.5-VL-32B-Instruct/SEEDBench2_Plus, Rank 2/8:  49%|████▉     | 141/285 [25:58<28:44, 11.98s/it]Infer Qwen2.5-VL-32B-Instruct/SEEDBench2_Plus, Rank 4/8:  88%|████████▊ | 251/285 [26:01<05:58, 10.53s/it]Infer Qwen2.5-VL-32B-Instruct/SEEDBench2_Plus, Rank 5/8:  70%|██████▉   | 198/284 [26:02<09:59,  6.97s/it]Infer Qwen2.5-VL-32B-Instruct/SEEDBench2_Plus, Rank 0/8:  81%|████████▏ | 232/285 [26:02<11:45, 13.32s/it]Infer Qwen2.5-VL-32B-Instruct/SEEDBench2_Plus, Rank 2/8:  50%|████▉     | 142/285 [26:02<23:02,  9.67s/it]Infer Qwen2.5-VL-32B-Instruct/SEEDBench2_Plus, Rank 3/8:  88%|████████▊ | 251/285 [26:03<04:27,  7.86s/it]Infer Qwen2.5-VL-32B-Instruct/SEEDBench2_Plus, Rank 7/8:  75%|███████▌  | 213/284 [26:03<08:19,  7.04s/it]Infer Qwen2.5-VL-32B-Instruct/SEEDBench2_Plus, Rank 7/8:  75%|███████▌  | 214/284 [26:06<06:38,  5.69s/it]Infer Qwen2.5-VL-32B-Instruct/SEEDBench2_Plus, Rank 6/8:  77%|███████▋  | 219/284 [26:06<07:47,  7.20s/it]Infer Qwen2.5-VL-32B-Instruct/SEEDBench2_Plus, Rank 7/8:  76%|███████▌  | 215/284 [26:07<04:53,  4.25s/it]Infer Qwen2.5-VL-32B-Instruct/SEEDBench2_Plus, Rank 2/8:  50%|█████     | 143/285 [26:08<20:25,  8.63s/it]Infer Qwen2.5-VL-32B-Instruct/SEEDBench2_Plus, Rank 7/8:  76%|███████▌  | 216/284 [26:11<04:45,  4.19s/it]Infer Qwen2.5-VL-32B-Instruct/SEEDBench2_Plus, Rank 5/8:  70%|███████   | 199/284 [26:11<10:53,  7.69s/it]Infer Qwen2.5-VL-32B-Instruct/SEEDBench2_Plus, Rank 7/8:  76%|███████▋  | 217/284 [26:11<03:32,  3.17s/it]Infer Qwen2.5-VL-32B-Instruct/SEEDBench2_Plus, Rank 0/8:  82%|████████▏ | 233/285 [26:12<10:35, 12.21s/it]Infer Qwen2.5-VL-32B-Instruct/SEEDBench2_Plus, Rank 2/8:  51%|█████     | 144/285 [26:12<16:46,  7.14s/it]Infer Qwen2.5-VL-32B-Instruct/SEEDBench2_Plus, Rank 0/8:  82%|████████▏ | 234/285 [26:12<07:27,  8.78s/it]Infer Qwen2.5-VL-32B-Instruct/SEEDBench2_Plus, Rank 4/8:  88%|████████▊ | 252/285 [26:12<05:56, 10.80s/it]Infer Qwen2.5-VL-32B-Instruct/SEEDBench2_Plus, Rank 3/8:  88%|████████▊ | 252/285 [26:13<04:42,  8.56s/it]Infer Qwen2.5-VL-32B-Instruct/SEEDBench2_Plus, Rank 0/8:  82%|████████▏ | 235/285 [26:13<05:18,  6.38s/it]Infer Qwen2.5-VL-32B-Instruct/SEEDBench2_Plus, Rank 7/8:  77%|███████▋  | 218/284 [26:15<03:39,  3.33s/it]Infer Qwen2.5-VL-32B-Instruct/SEEDBench2_Plus, Rank 2/8:  51%|█████     | 145/285 [26:18<16:03,  6.88s/it]Infer Qwen2.5-VL-32B-Instruct/SEEDBench2_Plus, Rank 6/8:  77%|███████▋  | 220/284 [26:19<09:30,  8.92s/it]Infer Qwen2.5-VL-32B-Instruct/SEEDBench2_Plus, Rank 2/8:  51%|█████     | 146/285 [26:19<11:38,  5.02s/it]Infer Qwen2.5-VL-32B-Instruct/SEEDBench2_Plus, Rank 5/8:  70%|███████   | 200/284 [26:20<11:08,  7.96s/it]Infer Qwen2.5-VL-32B-Instruct/SEEDBench2_Plus, Rank 2/8:  52%|█████▏    | 147/285 [26:20<09:02,  3.93s/it]Infer Qwen2.5-VL-32B-Instruct/SEEDBench2_Plus, Rank 5/8:  71%|███████   | 201/284 [26:22<08:27,  6.12s/it]Infer Qwen2.5-VL-32B-Instruct/SEEDBench2_Plus, Rank 5/8:  71%|███████   | 202/284 [26:22<06:04,  4.45s/it]Infer Qwen2.5-VL-32B-Instruct/SEEDBench2_Plus, Rank 4/8:  89%|████████▉ | 253/285 [26:23<05:47, 10.84s/it]Infer Qwen2.5-VL-32B-Instruct/SEEDBench2_Plus, Rank 3/8:  89%|████████▉ | 253/285 [26:23<04:53,  9.17s/it]Infer Qwen2.5-VL-32B-Instruct/SEEDBench2_Plus, Rank 4/8:  89%|████████▉ | 254/285 [26:25<04:13,  8.17s/it]Infer Qwen2.5-VL-32B-Instruct/SEEDBench2_Plus, Rank 4/8:  89%|████████▉ | 255/285 [26:28<03:12,  6.42s/it]Infer Qwen2.5-VL-32B-Instruct/SEEDBench2_Plus, Rank 2/8:  52%|█████▏    | 148/285 [26:28<11:26,  5.01s/it]Infer Qwen2.5-VL-32B-Instruct/SEEDBench2_Plus, Rank 2/8:  52%|█████▏    | 149/285 [26:29<08:53,  3.92s/it]Infer Qwen2.5-VL-32B-Instruct/SEEDBench2_Plus, Rank 6/8:  78%|███████▊  | 221/284 [26:30<09:57,  9.48s/it]Infer Qwen2.5-VL-32B-Instruct/SEEDBench2_Plus, Rank 0/8:  83%|████████▎ | 236/285 [26:30<07:46,  9.52s/it]Infer Qwen2.5-VL-32B-Instruct/SEEDBench2_Plus, Rank 6/8:  78%|███████▊  | 222/284 [26:30<07:02,  6.81s/it]Infer Qwen2.5-VL-32B-Instruct/SEEDBench2_Plus, Rank 2/8:  53%|█████▎    | 150/285 [26:30<07:00,  3.11s/it]Infer Qwen2.5-VL-32B-Instruct/SEEDBench2_Plus, Rank 6/8:  79%|███████▊  | 223/284 [26:31<05:05,  5.01s/it]Infer Qwen2.5-VL-32B-Instruct/SEEDBench2_Plus, Rank 2/8:  53%|█████▎    | 151/285 [26:31<05:30,  2.47s/it]Infer Qwen2.5-VL-32B-Instruct/SEEDBench2_Plus, Rank 6/8:  79%|███████▉  | 224/284 [26:33<04:00,  4.01s/it]Infer Qwen2.5-VL-32B-Instruct/SEEDBench2_Plus, Rank 5/8:  71%|███████▏  | 203/284 [26:33<08:25,  6.24s/it]Infer Qwen2.5-VL-32B-Instruct/SEEDBench2_Plus, Rank 7/8:  77%|███████▋  | 219/284 [26:33<08:21,  7.71s/it]Infer Qwen2.5-VL-32B-Instruct/SEEDBench2_Plus, Rank 3/8:  89%|████████▉ | 254/285 [26:33<04:47,  9.29s/it]Infer Qwen2.5-VL-32B-Instruct/SEEDBench2_Plus, Rank 6/8:  79%|███████▉  | 225/284 [26:33<03:00,  3.05s/it]Infer Qwen2.5-VL-32B-Instruct/SEEDBench2_Plus, Rank 2/8:  53%|█████▎    | 152/285 [26:33<05:09,  2.33s/it]Infer Qwen2.5-VL-32B-Instruct/SEEDBench2_Plus, Rank 7/8:  77%|███████▋  | 220/284 [26:34<06:06,  5.72s/it]Infer Qwen2.5-VL-32B-Instruct/SEEDBench2_Plus, Rank 5/8:  72%|███████▏  | 204/284 [26:35<06:38,  4.98s/it]Infer Qwen2.5-VL-32B-Instruct/SEEDBench2_Plus, Rank 6/8:  80%|███████▉  | 226/284 [26:36<02:42,  2.81s/it]Infer Qwen2.5-VL-32B-Instruct/SEEDBench2_Plus, Rank 0/8:  83%|████████▎ | 237/285 [26:37<07:00,  8.76s/it]Infer Qwen2.5-VL-32B-Instruct/SEEDBench2_Plus, Rank 0/8:  84%|████████▎ | 238/285 [26:39<05:18,  6.78s/it]Infer Qwen2.5-VL-32B-Instruct/SEEDBench2_Plus, Rank 3/8:  89%|████████▉ | 255/285 [26:40<04:21,  8.70s/it]Infer Qwen2.5-VL-32B-Instruct/SEEDBench2_Plus, Rank 2/8:  54%|█████▎    | 153/285 [26:40<08:14,  3.75s/it]Infer Qwen2.5-VL-32B-Instruct/SEEDBench2_Plus, Rank 4/8:  90%|████████▉ | 256/285 [26:42<04:19,  8.95s/it]Infer Qwen2.5-VL-32B-Instruct/SEEDBench2_Plus, Rank 2/8:  54%|█████▍    | 154/285 [26:43<07:05,  3.25s/it]Infer Qwen2.5-VL-32B-Instruct/SEEDBench2_Plus, Rank 6/8:  80%|███████▉  | 227/284 [26:43<03:57,  4.16s/it]Infer Qwen2.5-VL-32B-Instruct/SEEDBench2_Plus, Rank 2/8:  54%|█████▍    | 155/285 [26:43<05:21,  2.48s/it]Infer Qwen2.5-VL-32B-Instruct/SEEDBench2_Plus, Rank 4/8:  90%|█████████ | 257/285 [26:44<03:06,  6.66s/it]Infer Qwen2.5-VL-32B-Instruct/SEEDBench2_Plus, Rank 5/8:  72%|███████▏  | 205/284 [26:49<10:15,  7.79s/it]Infer Qwen2.5-VL-32B-Instruct/SEEDBench2_Plus, Rank 0/8:  84%|████████▍ | 239/285 [26:50<06:03,  7.89s/it]Infer Qwen2.5-VL-32B-Instruct/SEEDBench2_Plus, Rank 6/8:  80%|████████  | 228/284 [26:50<04:44,  5.09s/it]Infer Qwen2.5-VL-32B-Instruct/SEEDBench2_Plus, Rank 7/8:  78%|███████▊  | 221/284 [26:51<09:27,  9.00s/it]Infer Qwen2.5-VL-32B-Instruct/SEEDBench2_Plus, Rank 4/8:  91%|█████████ | 258/285 [26:51<03:05,  6.89s/it]Infer Qwen2.5-VL-32B-Instruct/SEEDBench2_Plus, Rank 7/8:  78%|███████▊  | 222/284 [26:52<06:52,  6.65s/it]Infer Qwen2.5-VL-32B-Instruct/SEEDBench2_Plus, Rank 3/8:  90%|████████▉ | 256/285 [26:52<04:40,  9.68s/it]Infer Qwen2.5-VL-32B-Instruct/SEEDBench2_Plus, Rank 2/8:  55%|█████▍    | 156/285 [26:56<11:48,  5.49s/it]Infer Qwen2.5-VL-32B-Instruct/SEEDBench2_Plus, Rank 5/8:  73%|███████▎  | 206/284 [26:56<09:49,  7.55s/it]Infer Qwen2.5-VL-32B-Instruct/SEEDBench2_Plus, Rank 3/8:  90%|█████████ | 257/285 [26:57<03:46,  8.08s/it]Infer Qwen2.5-VL-32B-Instruct/SEEDBench2_Plus, Rank 0/8:  84%|████████▍ | 240/285 [26:57<05:45,  7.69s/it]Infer Qwen2.5-VL-32B-Instruct/SEEDBench2_Plus, Rank 4/8:  91%|█████████ | 259/285 [26:59<03:06,  7.19s/it]Infer Qwen2.5-VL-32B-Instruct/SEEDBench2_Plus, Rank 7/8:  79%|███████▊  | 223/284 [27:00<07:10,  7.06s/it]Infer Qwen2.5-VL-32B-Instruct/SEEDBench2_Plus, Rank 5/8:  73%|███████▎  | 207/284 [27:04<10:03,  7.84s/it]Infer Qwen2.5-VL-32B-Instruct/SEEDBench2_Plus, Rank 6/8:  81%|████████  | 229/284 [27:08<08:02,  8.77s/it]Infer Qwen2.5-VL-32B-Instruct/SEEDBench2_Plus, Rank 2/8:  55%|█████▌    | 157/285 [27:08<15:55,  7.47s/it]Infer Qwen2.5-VL-32B-Instruct/SEEDBench2_Plus, Rank 1/8:  56%|█████▋    | 161/285 [27:08<2:37:25, 76.17s/it]Infer Qwen2.5-VL-32B-Instruct/SEEDBench2_Plus, Rank 1/8:  57%|█████▋    | 162/285 [27:09<1:49:42, 53.52s/it]Infer Qwen2.5-VL-32B-Instruct/SEEDBench2_Plus, Rank 7/8:  79%|███████▉  | 224/284 [27:09<07:39,  7.65s/it]Infer Qwen2.5-VL-32B-Instruct/SEEDBench2_Plus, Rank 1/8:  57%|█████▋    | 163/285 [27:09<1:16:34, 37.66s/it]Infer Qwen2.5-VL-32B-Instruct/SEEDBench2_Plus, Rank 3/8:  91%|█████████ | 258/285 [27:10<04:20,  9.64s/it]Infer Qwen2.5-VL-32B-Instruct/SEEDBench2_Plus, Rank 1/8:  58%|█████▊    | 164/285 [27:10<53:43, 26.64s/it]  Infer Qwen2.5-VL-32B-Instruct/SEEDBench2_Plus, Rank 0/8:  85%|████████▍ | 241/285 [27:11<07:00,  9.55s/it]Infer Qwen2.5-VL-32B-Instruct/SEEDBench2_Plus, Rank 6/8:  81%|████████  | 230/284 [27:15<07:38,  8.50s/it]Infer Qwen2.5-VL-32B-Instruct/SEEDBench2_Plus, Rank 5/8:  73%|███████▎  | 208/284 [27:16<11:12,  8.84s/it]Infer Qwen2.5-VL-32B-Instruct/SEEDBench2_Plus, Rank 7/8:  79%|███████▉  | 225/284 [27:17<07:45,  7.89s/it]Infer Qwen2.5-VL-32B-Instruct/SEEDBench2_Plus, Rank 3/8:  91%|█████████ | 259/285 [27:18<04:01,  9.29s/it]Infer Qwen2.5-VL-32B-Instruct/SEEDBench2_Plus, Rank 4/8:  91%|█████████ | 260/285 [27:19<04:33, 10.93s/it]Infer Qwen2.5-VL-32B-Instruct/SEEDBench2_Plus, Rank 6/8:  81%|████████▏ | 231/284 [27:22<07:03,  7.98s/it]Infer Qwen2.5-VL-32B-Instruct/SEEDBench2_Plus, Rank 5/8:  74%|███████▎  | 209/284 [27:22<10:16,  8.22s/it]Infer Qwen2.5-VL-32B-Instruct/SEEDBench2_Plus, Rank 1/8:  58%|█████▊    | 165/285 [27:23<44:42, 22.36s/it]Infer Qwen2.5-VL-32B-Instruct/SEEDBench2_Plus, Rank 5/8:  74%|███████▍  | 210/284 [27:23<07:23,  5.99s/it]Infer Qwen2.5-VL-32B-Instruct/SEEDBench2_Plus, Rank 1/8:  58%|█████▊    | 166/285 [27:24<31:35, 15.92s/it]Infer Qwen2.5-VL-32B-Instruct/SEEDBench2_Plus, Rank 2/8:  55%|█████▌    | 158/285 [27:25<21:44, 10.27s/it]Infer Qwen2.5-VL-32B-Instruct/SEEDBench2_Plus, Rank 7/8:  80%|███████▉  | 226/284 [27:25<07:37,  7.89s/it]Infer Qwen2.5-VL-32B-Instruct/SEEDBench2_Plus, Rank 1/8:  59%|█████▊    | 167/285 [27:27<23:46, 12.09s/it]Infer Qwen2.5-VL-32B-Instruct/SEEDBench2_Plus, Rank 0/8:  85%|████████▍ | 242/285 [27:28<08:26, 11.77s/it]Infer Qwen2.5-VL-32B-Instruct/SEEDBench2_Plus, Rank 0/8:  85%|████████▌ | 243/285 [27:29<06:05,  8.71s/it]Infer Qwen2.5-VL-32B-Instruct/SEEDBench2_Plus, Rank 4/8:  92%|█████████▏| 261/285 [27:30<04:23, 11.00s/it]Infer Qwen2.5-VL-32B-Instruct/SEEDBench2_Plus, Rank 1/8:  59%|█████▉    | 168/285 [27:31<18:51,  9.67s/it]Infer Qwen2.5-VL-32B-Instruct/SEEDBench2_Plus, Rank 5/8:  74%|███████▍  | 211/284 [27:32<08:13,  6.76s/it]Infer Qwen2.5-VL-32B-Instruct/SEEDBench2_Plus, Rank 5/8:  75%|███████▍  | 212/284 [27:33<05:56,  4.95s/it]Infer Qwen2.5-VL-32B-Instruct/SEEDBench2_Plus, Rank 3/8:  91%|█████████ | 260/285 [27:33<04:30, 10.81s/it]Infer Qwen2.5-VL-32B-Instruct/SEEDBench2_Plus, Rank 5/8:  75%|███████▌  | 213/284 [27:33<04:20,  3.67s/it]Infer Qwen2.5-VL-32B-Instruct/SEEDBench2_Plus, Rank 2/8:  56%|█████▌    | 159/285 [27:36<22:19, 10.63s/it]Infer Qwen2.5-VL-32B-Instruct/SEEDBench2_Plus, Rank 2/8:  56%|█████▌    | 160/285 [27:37<15:53,  7.63s/it]Infer Qwen2.5-VL-32B-Instruct/SEEDBench2_Plus, Rank 7/8:  80%|███████▉  | 227/284 [27:37<08:32,  8.99s/it]Infer Qwen2.5-VL-32B-Instruct/SEEDBench2_Plus, Rank 5/8:  75%|███████▌  | 214/284 [27:37<04:20,  3.73s/it]Infer Qwen2.5-VL-32B-Instruct/SEEDBench2_Plus, Rank 2/8:  56%|█████▋    | 161/285 [27:37<11:23,  5.51s/it]Infer Qwen2.5-VL-32B-Instruct/SEEDBench2_Plus, Rank 0/8:  86%|████████▌ | 244/285 [27:38<05:54,  8.65s/it]Infer Qwen2.5-VL-32B-Instruct/SEEDBench2_Plus, Rank 1/8:  59%|█████▉    | 169/285 [27:38<17:10,  8.88s/it]Infer Qwen2.5-VL-32B-Instruct/SEEDBench2_Plus, Rank 3/8:  92%|█████████▏| 261/285 [27:38<03:40,  9.17s/it]Infer Qwen2.5-VL-32B-Instruct/SEEDBench2_Plus, Rank 5/8:  76%|███████▌  | 215/284 [27:38<03:28,  3.02s/it]Infer Qwen2.5-VL-32B-Instruct/SEEDBench2_Plus, Rank 6/8:  82%|████████▏ | 232/284 [27:38<09:03, 10.45s/it]Infer Qwen2.5-VL-32B-Instruct/SEEDBench2_Plus, Rank 6/8:  82%|████████▏ | 233/284 [27:39<06:24,  7.53s/it]Infer Qwen2.5-VL-32B-Instruct/SEEDBench2_Plus, Rank 5/8:  76%|███████▌  | 216/284 [27:39<02:40,  2.36s/it]Infer Qwen2.5-VL-32B-Instruct/SEEDBench2_Plus, Rank 5/8:  76%|███████▋  | 217/284 [27:40<02:06,  1.89s/it]Infer Qwen2.5-VL-32B-Instruct/SEEDBench2_Plus, Rank 5/8:  77%|███████▋  | 218/284 [27:42<02:11,  2.00s/it]Infer Qwen2.5-VL-32B-Instruct/SEEDBench2_Plus, Rank 0/8:  86%|████████▌ | 245/285 [27:43<05:05,  7.65s/it]Infer Qwen2.5-VL-32B-Instruct/SEEDBench2_Plus, Rank 4/8:  92%|█████████▏| 262/285 [27:44<04:31, 11.79s/it]Infer Qwen2.5-VL-32B-Instruct/SEEDBench2_Plus, Rank 3/8:  92%|█████████▏| 262/285 [27:44<03:07,  8.17s/it]Infer Qwen2.5-VL-32B-Instruct/SEEDBench2_Plus, Rank 2/8:  57%|█████▋    | 162/285 [27:45<12:26,  6.07s/it]Infer Qwen2.5-VL-32B-Instruct/SEEDBench2_Plus, Rank 6/8:  82%|████████▏ | 234/284 [27:46<06:08,  7.36s/it]Infer Qwen2.5-VL-32B-Instruct/SEEDBench2_Plus, Rank 6/8:  83%|████████▎ | 235/284 [27:47<04:20,  5.32s/it]Infer Qwen2.5-VL-32B-Instruct/SEEDBench2_Plus, Rank 4/8:  92%|█████████▏| 263/285 [27:47<03:23,  9.23s/it]Infer Qwen2.5-VL-32B-Instruct/SEEDBench2_Plus, Rank 6/8:  83%|████████▎ | 236/284 [27:48<03:11,  3.99s/it]Infer Qwen2.5-VL-32B-Instruct/SEEDBench2_Plus, Rank 2/8:  57%|█████▋    | 163/285 [27:49<10:59,  5.40s/it]Infer Qwen2.5-VL-32B-Instruct/SEEDBench2_Plus, Rank 7/8:  80%|████████  | 228/284 [27:49<09:23, 10.07s/it]Infer Qwen2.5-VL-32B-Instruct/SEEDBench2_Plus, Rank 2/8:  58%|█████▊    | 164/285 [27:50<08:13,  4.08s/it]Infer Qwen2.5-VL-32B-Instruct/SEEDBench2_Plus, Rank 1/8:  60%|█████▉    | 170/285 [27:50<18:52,  9.85s/it]Infer Qwen2.5-VL-32B-Instruct/SEEDBench2_Plus, Rank 4/8:  93%|█████████▎| 264/285 [27:53<02:55,  8.35s/it]Infer Qwen2.5-VL-32B-Instruct/SEEDBench2_Plus, Rank 5/8:  77%|███████▋  | 219/284 [27:53<05:02,  4.65s/it]Infer Qwen2.5-VL-32B-Instruct/SEEDBench2_Plus, Rank 5/8:  77%|███████▋  | 220/284 [27:54<03:43,  3.50s/it]Infer Qwen2.5-VL-32B-Instruct/SEEDBench2_Plus, Rank 3/8:  92%|█████████▏| 263/285 [27:55<03:15,  8.88s/it]Infer Qwen2.5-VL-32B-Instruct/SEEDBench2_Plus, Rank 0/8:  86%|████████▋ | 246/285 [27:55<05:54,  9.10s/it]Infer Qwen2.5-VL-32B-Instruct/SEEDBench2_Plus, Rank 0/8:  87%|████████▋ | 247/285 [27:58<04:30,  7.12s/it]Infer Qwen2.5-VL-32B-Instruct/SEEDBench2_Plus, Rank 1/8:  60%|██████    | 171/285 [27:59<18:10,  9.57s/it]Infer Qwen2.5-VL-32B-Instruct/SEEDBench2_Plus, Rank 0/8:  87%|████████▋ | 248/285 [28:02<03:46,  6.13s/it]Infer Qwen2.5-VL-32B-Instruct/SEEDBench2_Plus, Rank 4/8:  93%|█████████▎| 265/285 [28:02<02:52,  8.60s/it]Infer Qwen2.5-VL-32B-Instruct/SEEDBench2_Plus, Rank 2/8:  58%|█████▊    | 165/285 [28:02<13:27,  6.73s/it]Infer Qwen2.5-VL-32B-Instruct/SEEDBench2_Plus, Rank 7/8:  81%|████████  | 229/284 [28:03<10:08, 11.06s/it]Infer Qwen2.5-VL-32B-Instruct/SEEDBench2_Plus, Rank 6/8:  83%|████████▎ | 237/284 [28:03<05:46,  7.38s/it]Infer Qwen2.5-VL-32B-Instruct/SEEDBench2_Plus, Rank 0/8:  87%|████████▋ | 249/285 [28:03<02:47,  4.66s/it]Infer Qwen2.5-VL-32B-Instruct/SEEDBench2_Plus, Rank 2/8:  58%|█████▊    | 166/285 [28:03<09:54,  5.00s/it]Infer Qwen2.5-VL-32B-Instruct/SEEDBench2_Plus, Rank 6/8:  84%|████████▍ | 238/284 [28:04<04:09,  5.42s/it]Infer Qwen2.5-VL-32B-Instruct/SEEDBench2_Plus, Rank 3/8:  93%|█████████▎| 264/285 [28:05<03:14,  9.28s/it]Infer Qwen2.5-VL-32B-Instruct/SEEDBench2_Plus, Rank 5/8:  78%|███████▊  | 221/284 [28:06<06:27,  6.15s/it]Infer Qwen2.5-VL-32B-Instruct/SEEDBench2_Plus, Rank 2/8:  59%|█████▊    | 167/285 [28:07<08:52,  4.51s/it]Infer Qwen2.5-VL-32B-Instruct/SEEDBench2_Plus, Rank 5/8:  78%|███████▊  | 222/284 [28:07<04:41,  4.54s/it]Infer Qwen2.5-VL-32B-Instruct/SEEDBench2_Plus, Rank 2/8:  59%|█████▉    | 168/285 [28:08<07:02,  3.61s/it]Infer Qwen2.5-VL-32B-Instruct/SEEDBench2_Plus, Rank 4/8:  93%|█████████▎| 266/285 [28:09<02:33,  8.07s/it]Infer Qwen2.5-VL-32B-Instruct/SEEDBench2_Plus, Rank 6/8:  84%|████████▍ | 239/284 [28:10<04:11,  5.58s/it]Infer Qwen2.5-VL-32B-Instruct/SEEDBench2_Plus, Rank 5/8:  79%|███████▊  | 223/284 [28:10<04:08,  4.07s/it]Infer Qwen2.5-VL-32B-Instruct/SEEDBench2_Plus, Rank 1/8:  60%|██████    | 172/285 [28:11<19:40, 10.44s/it]Infer Qwen2.5-VL-32B-Instruct/SEEDBench2_Plus, Rank 5/8:  79%|███████▉  | 224/284 [28:11<03:16,  3.27s/it]Infer Qwen2.5-VL-32B-Instruct/SEEDBench2_Plus, Rank 5/8:  79%|███████▉  | 225/284 [28:12<02:27,  2.51s/it]Infer Qwen2.5-VL-32B-Instruct/SEEDBench2_Plus, Rank 5/8:  80%|███████▉  | 226/284 [28:13<01:56,  2.00s/it]Infer Qwen2.5-VL-32B-Instruct/SEEDBench2_Plus, Rank 0/8:  88%|████████▊ | 250/285 [28:15<04:04,  6.99s/it]Infer Qwen2.5-VL-32B-Instruct/SEEDBench2_Plus, Rank 6/8:  85%|████████▍ | 240/284 [28:16<04:15,  5.80s/it]Infer Qwen2.5-VL-32B-Instruct/SEEDBench2_Plus, Rank 1/8:  61%|██████    | 173/285 [28:16<16:18,  8.74s/it]Infer Qwen2.5-VL-32B-Instruct/SEEDBench2_Plus, Rank 3/8:  93%|█████████▎| 265/285 [28:18<03:29, 10.47s/it]Infer Qwen2.5-VL-32B-Instruct/SEEDBench2_Plus, Rank 4/8:  94%|█████████▎| 267/285 [28:19<02:33,  8.53s/it]Infer Qwen2.5-VL-32B-Instruct/SEEDBench2_Plus, Rank 6/8:  85%|████████▍ | 241/284 [28:19<03:32,  4.93s/it]Infer Qwen2.5-VL-32B-Instruct/SEEDBench2_Plus, Rank 5/8:  80%|███████▉  | 227/284 [28:21<03:44,  3.94s/it]Infer Qwen2.5-VL-32B-Instruct/SEEDBench2_Plus, Rank 7/8:  81%|████████  | 230/284 [28:24<12:37, 14.03s/it]Infer Qwen2.5-VL-32B-Instruct/SEEDBench2_Plus, Rank 6/8:  85%|████████▌ | 242/284 [28:24<03:34,  5.10s/it]Infer Qwen2.5-VL-32B-Instruct/SEEDBench2_Plus, Rank 3/8:  93%|█████████▎| 266/285 [28:25<03:00,  9.50s/it]Infer Qwen2.5-VL-32B-Instruct/SEEDBench2_Plus, Rank 0/8:  88%|████████▊ | 251/285 [28:26<04:37,  8.15s/it]Infer Qwen2.5-VL-32B-Instruct/SEEDBench2_Plus, Rank 5/8:  80%|████████  | 228/284 [28:27<04:10,  4.48s/it]Infer Qwen2.5-VL-32B-Instruct/SEEDBench2_Plus, Rank 4/8:  94%|█████████▍| 268/285 [28:29<02:36,  9.19s/it]Infer Qwen2.5-VL-32B-Instruct/SEEDBench2_Plus, Rank 1/8:  61%|██████    | 174/285 [28:30<18:55, 10.23s/it]Infer Qwen2.5-VL-32B-Instruct/SEEDBench2_Plus, Rank 1/8:  61%|██████▏   | 175/285 [28:30<13:26,  7.34s/it]Infer Qwen2.5-VL-32B-Instruct/SEEDBench2_Plus, Rank 1/8:  62%|██████▏   | 176/285 [28:34<11:07,  6.12s/it]Infer Qwen2.5-VL-32B-Instruct/SEEDBench2_Plus, Rank 3/8:  94%|█████████▎| 267/285 [28:35<02:49,  9.44s/it]Infer Qwen2.5-VL-32B-Instruct/SEEDBench2_Plus, Rank 2/8:  59%|█████▉    | 169/285 [28:35<20:30, 10.61s/it]Infer Qwen2.5-VL-32B-Instruct/SEEDBench2_Plus, Rank 6/8:  86%|████████▌ | 243/284 [28:37<05:02,  7.39s/it]Infer Qwen2.5-VL-32B-Instruct/SEEDBench2_Plus, Rank 5/8:  81%|████████  | 229/284 [28:38<05:58,  6.51s/it]Infer Qwen2.5-VL-32B-Instruct/SEEDBench2_Plus, Rank 1/8:  62%|██████▏   | 177/285 [28:40<11:16,  6.27s/it]Infer Qwen2.5-VL-32B-Instruct/SEEDBench2_Plus, Rank 1/8:  62%|██████▏   | 178/285 [28:41<08:10,  4.59s/it]Infer Qwen2.5-VL-32B-Instruct/SEEDBench2_Plus, Rank 1/8:  63%|██████▎   | 179/285 [28:42<06:00,  3.40s/it]Infer Qwen2.5-VL-32B-Instruct/SEEDBench2_Plus, Rank 0/8:  88%|████████▊ | 252/285 [28:43<05:52, 10.69s/it]Infer Qwen2.5-VL-32B-Instruct/SEEDBench2_Plus, Rank 4/8:  94%|█████████▍| 269/285 [28:45<02:57, 11.08s/it]Infer Qwen2.5-VL-32B-Instruct/SEEDBench2_Plus, Rank 2/8:  60%|█████▉    | 170/285 [28:46<20:28, 10.68s/it]Infer Qwen2.5-VL-32B-Instruct/SEEDBench2_Plus, Rank 3/8:  94%|█████████▍| 268/285 [28:48<02:59, 10.54s/it]Infer Qwen2.5-VL-32B-Instruct/SEEDBench2_Plus, Rank 6/8:  86%|████████▌ | 244/284 [28:51<06:15,  9.38s/it]Infer Qwen2.5-VL-32B-Instruct/SEEDBench2_Plus, Rank 5/8:  81%|████████  | 230/284 [28:51<07:34,  8.41s/it]Infer Qwen2.5-VL-32B-Instruct/SEEDBench2_Plus, Rank 1/8:  63%|██████▎   | 180/285 [28:54<10:32,  6.02s/it]Infer Qwen2.5-VL-32B-Instruct/SEEDBench2_Plus, Rank 1/8:  64%|██████▎   | 181/285 [28:55<08:03,  4.65s/it]Infer Qwen2.5-VL-32B-Instruct/SEEDBench2_Plus, Rank 0/8:  89%|████████▉ | 253/285 [28:56<06:03, 11.36s/it]Infer Qwen2.5-VL-32B-Instruct/SEEDBench2_Plus, Rank 1/8:  64%|██████▍   | 182/285 [28:57<06:31,  3.80s/it]Infer Qwen2.5-VL-32B-Instruct/SEEDBench2_Plus, Rank 4/8:  95%|█████████▍| 270/285 [28:57<02:50, 11.39s/it]Infer Qwen2.5-VL-32B-Instruct/SEEDBench2_Plus, Rank 3/8:  94%|█████████▍| 269/285 [29:00<02:57, 11.10s/it]Infer Qwen2.5-VL-32B-Instruct/SEEDBench2_Plus, Rank 5/8:  81%|████████▏ | 231/284 [29:02<08:07,  9.19s/it]Infer Qwen2.5-VL-32B-Instruct/SEEDBench2_Plus, Rank 2/8:  60%|██████    | 171/285 [29:06<25:24, 13.37s/it]Infer Qwen2.5-VL-32B-Instruct/SEEDBench2_Plus, Rank 0/8:  89%|████████▉ | 254/285 [29:06<05:42, 11.04s/it]Infer Qwen2.5-VL-32B-Instruct/SEEDBench2_Plus, Rank 1/8:  64%|██████▍   | 183/285 [29:08<10:10,  5.99s/it]Infer Qwen2.5-VL-32B-Instruct/SEEDBench2_Plus, Rank 1/8:  65%|██████▍   | 184/285 [29:10<08:01,  4.76s/it]Infer Qwen2.5-VL-32B-Instruct/SEEDBench2_Plus, Rank 1/8:  65%|██████▍   | 185/285 [29:11<06:03,  3.64s/it]Infer Qwen2.5-VL-32B-Instruct/SEEDBench2_Plus, Rank 3/8:  95%|█████████▍| 270/285 [29:14<02:57, 11.86s/it]Infer Qwen2.5-VL-32B-Instruct/SEEDBench2_Plus, Rank 6/8:  86%|████████▋ | 245/284 [29:14<08:49, 13.57s/it]Infer Qwen2.5-VL-32B-Instruct/SEEDBench2_Plus, Rank 4/8:  95%|█████████▌| 271/285 [29:15<03:05, 13.29s/it]Infer Qwen2.5-VL-32B-Instruct/SEEDBench2_Plus, Rank 6/8:  87%|████████▋ | 246/284 [29:16<06:16,  9.90s/it]Infer Qwen2.5-VL-32B-Instruct/SEEDBench2_Plus, Rank 5/8:  82%|████████▏ | 232/284 [29:17<09:22, 10.83s/it]Infer Qwen2.5-VL-32B-Instruct/SEEDBench2_Plus, Rank 1/8:  65%|██████▌   | 186/285 [29:18<07:29,  4.54s/it]Infer Qwen2.5-VL-32B-Instruct/SEEDBench2_Plus, Rank 0/8:  89%|████████▉ | 255/285 [29:19<05:44, 11.49s/it]Infer Qwen2.5-VL-32B-Instruct/SEEDBench2_Plus, Rank 2/8:  60%|██████    | 172/285 [29:19<25:07, 13.34s/it]Infer Qwen2.5-VL-32B-Instruct/SEEDBench2_Plus, Rank 1/8:  66%|██████▌   | 187/285 [29:19<05:50,  3.58s/it]Infer Qwen2.5-VL-32B-Instruct/SEEDBench2_Plus, Rank 2/8:  61%|██████    | 173/285 [29:22<19:04, 10.22s/it]Infer Qwen2.5-VL-32B-Instruct/SEEDBench2_Plus, Rank 5/8:  82%|████████▏ | 233/284 [29:23<07:51,  9.25s/it]Infer Qwen2.5-VL-32B-Instruct/SEEDBench2_Plus, Rank 5/8:  82%|████████▏ | 234/284 [29:24<05:45,  6.91s/it]Infer Qwen2.5-VL-32B-Instruct/SEEDBench2_Plus, Rank 1/8:  66%|██████▌   | 188/285 [29:25<07:10,  4.44s/it]Infer Qwen2.5-VL-32B-Instruct/SEEDBench2_Plus, Rank 4/8:  95%|█████████▌| 272/285 [29:26<02:43, 12.54s/it]Infer Qwen2.5-VL-32B-Instruct/SEEDBench2_Plus, Rank 5/8:  83%|████████▎ | 235/284 [29:26<04:30,  5.51s/it]Infer Qwen2.5-VL-32B-Instruct/SEEDBench2_Plus, Rank 0/8:  90%|████████▉ | 256/285 [29:28<05:11, 10.74s/it]Infer Qwen2.5-VL-32B-Instruct/SEEDBench2_Plus, Rank 6/8:  87%|████████▋ | 247/284 [29:28<06:33, 10.65s/it]Infer Qwen2.5-VL-32B-Instruct/SEEDBench2_Plus, Rank 0/8:  90%|█████████ | 257/285 [29:29<03:37,  7.77s/it]Infer Qwen2.5-VL-32B-Instruct/SEEDBench2_Plus, Rank 3/8:  95%|█████████▌| 271/285 [29:29<03:01, 12.95s/it]Infer Qwen2.5-VL-32B-Instruct/SEEDBench2_Plus, Rank 4/8:  96%|█████████▌| 273/285 [29:30<02:02, 10.24s/it]Infer Qwen2.5-VL-32B-Instruct/SEEDBench2_Plus, Rank 4/8:  96%|█████████▌| 274/285 [29:31<01:22,  7.47s/it]Infer Qwen2.5-VL-32B-Instruct/SEEDBench2_Plus, Rank 4/8:  96%|█████████▋| 275/285 [29:32<00:55,  5.53s/it]Infer Qwen2.5-VL-32B-Instruct/SEEDBench2_Plus, Rank 0/8:  91%|█████████ | 258/285 [29:36<03:29,  7.74s/it]Infer Qwen2.5-VL-32B-Instruct/SEEDBench2_Plus, Rank 6/8:  87%|████████▋ | 248/284 [29:41<06:42, 11.18s/it]Infer Qwen2.5-VL-32B-Instruct/SEEDBench2_Plus, Rank 5/8:  83%|████████▎ | 236/284 [29:42<06:59,  8.73s/it]Infer Qwen2.5-VL-32B-Instruct/SEEDBench2_Plus, Rank 4/8:  97%|█████████▋| 276/285 [29:43<01:02,  6.99s/it]Infer Qwen2.5-VL-32B-Instruct/SEEDBench2_Plus, Rank 4/8:  97%|█████████▋| 277/285 [29:44<00:41,  5.18s/it]Infer Qwen2.5-VL-32B-Instruct/SEEDBench2_Plus, Rank 4/8:  98%|█████████▊| 278/285 [29:45<00:27,  3.98s/it]Infer Qwen2.5-VL-32B-Instruct/SEEDBench2_Plus, Rank 1/8:  66%|██████▋   | 189/285 [29:46<14:44,  9.21s/it]Infer Qwen2.5-VL-32B-Instruct/SEEDBench2_Plus, Rank 0/8:  91%|█████████ | 259/285 [29:46<03:37,  8.36s/it]Infer Qwen2.5-VL-32B-Instruct/SEEDBench2_Plus, Rank 5/8:  83%|████████▎ | 237/284 [29:46<05:40,  7.24s/it]Infer Qwen2.5-VL-32B-Instruct/SEEDBench2_Plus, Rank 5/8:  84%|████████▍ | 238/284 [29:49<04:32,  5.92s/it]Infer Qwen2.5-VL-32B-Instruct/SEEDBench2_Plus, Rank 1/8:  67%|██████▋   | 190/285 [29:49<11:54,  7.52s/it]Infer Qwen2.5-VL-32B-Instruct/SEEDBench2_Plus, Rank 1/8:  67%|██████▋   | 191/285 [29:50<08:35,  5.49s/it]Infer Qwen2.5-VL-32B-Instruct/SEEDBench2_Plus, Rank 1/8:  67%|██████▋   | 192/285 [29:51<06:23,  4.12s/it]Infer Qwen2.5-VL-32B-Instruct/SEEDBench2_Plus, Rank 6/8:  88%|████████▊ | 249/284 [29:52<06:28, 11.10s/it]Infer Qwen2.5-VL-32B-Instruct/SEEDBench2_Plus, Rank 2/8:  61%|██████    | 174/285 [29:52<29:40, 16.04s/it]Infer Qwen2.5-VL-32B-Instruct/SEEDBench2_Plus, Rank 2/8:  61%|██████▏   | 175/285 [29:52<20:54, 11.40s/it]Infer Qwen2.5-VL-32B-Instruct/SEEDBench2_Plus, Rank 2/8:  62%|██████▏   | 176/285 [29:54<15:20,  8.45s/it]Infer Qwen2.5-VL-32B-Instruct/SEEDBench2_Plus, Rank 2/8:  62%|██████▏   | 177/285 [29:56<11:51,  6.59s/it]Infer Qwen2.5-VL-32B-Instruct/SEEDBench2_Plus, Rank 0/8:  91%|█████████ | 260/285 [30:00<04:10, 10.02s/it]Infer Qwen2.5-VL-32B-Instruct/SEEDBench2_Plus, Rank 2/8:  62%|██████▏   | 178/285 [30:01<10:48,  6.06s/it]Infer Qwen2.5-VL-32B-Instruct/SEEDBench2_Plus, Rank 2/8:  63%|██████▎   | 179/285 [30:01<07:51,  4.45s/it]Infer Qwen2.5-VL-32B-Instruct/SEEDBench2_Plus, Rank 5/8:  84%|████████▍ | 239/284 [30:05<06:35,  8.79s/it]Infer Qwen2.5-VL-32B-Instruct/SEEDBench2_Plus, Rank 6/8:  88%|████████▊ | 250/284 [30:05<06:43, 11.86s/it]Infer Qwen2.5-VL-32B-Instruct/SEEDBench2_Plus, Rank 1/8:  68%|██████▊   | 193/285 [30:06<11:11,  7.30s/it]Infer Qwen2.5-VL-32B-Instruct/SEEDBench2_Plus, Rank 4/8:  98%|█████████▊| 279/285 [30:07<00:55,  9.25s/it]Infer Qwen2.5-VL-32B-Instruct/SEEDBench2_Plus, Rank 1/8:  68%|██████▊   | 194/285 [30:07<08:14,  5.43s/it]Infer Qwen2.5-VL-32B-Instruct/SEEDBench2_Plus, Rank 1/8:  68%|██████▊   | 195/285 [30:08<06:06,  4.08s/it]Infer Qwen2.5-VL-32B-Instruct/SEEDBench2_Plus, Rank 1/8:  69%|██████▉   | 196/285 [30:08<04:31,  3.05s/it]Infer Qwen2.5-VL-32B-Instruct/SEEDBench2_Plus, Rank 2/8:  63%|██████▎   | 180/285 [30:14<12:06,  6.92s/it]Infer Qwen2.5-VL-32B-Instruct/SEEDBench2_Plus, Rank 6/8:  88%|████████▊ | 251/284 [30:14<06:06, 11.10s/it]Infer Qwen2.5-VL-32B-Instruct/SEEDBench2_Plus, Rank 2/8:  64%|██████▎   | 181/285 [30:15<08:50,  5.10s/it]Infer Qwen2.5-VL-32B-Instruct/SEEDBench2_Plus, Rank 3/8:  95%|█████████▌| 272/285 [30:16<04:58, 22.98s/it]Infer Qwen2.5-VL-32B-Instruct/SEEDBench2_Plus, Rank 4/8:  98%|█████████▊| 280/285 [30:16<00:46,  9.27s/it]Infer Qwen2.5-VL-32B-Instruct/SEEDBench2_Plus, Rank 3/8:  96%|█████████▌| 273/285 [30:16<03:16, 16.34s/it]Infer Qwen2.5-VL-32B-Instruct/SEEDBench2_Plus, Rank 3/8:  96%|█████████▌| 274/285 [30:18<02:10, 11.85s/it]Infer Qwen2.5-VL-32B-Instruct/SEEDBench2_Plus, Rank 5/8:  85%|████████▍ | 240/284 [30:18<07:29, 10.23s/it]Infer Qwen2.5-VL-32B-Instruct/SEEDBench2_Plus, Rank 1/8:  69%|██████▉   | 197/285 [30:19<07:36,  5.19s/it]Infer Qwen2.5-VL-32B-Instruct/SEEDBench2_Plus, Rank 2/8:  64%|██████▍   | 182/285 [30:19<08:09,  4.75s/it]Infer Qwen2.5-VL-32B-Instruct/SEEDBench2_Plus, Rank 3/8:  96%|█████████▋| 275/285 [30:19<01:26,  8.68s/it]Infer Qwen2.5-VL-32B-Instruct/SEEDBench2_Plus, Rank 1/8:  69%|██████▉   | 198/285 [30:20<05:45,  3.97s/it]Infer Qwen2.5-VL-32B-Instruct/SEEDBench2_Plus, Rank 5/8:  85%|████████▍ | 241/284 [30:22<06:04,  8.47s/it]Infer Qwen2.5-VL-32B-Instruct/SEEDBench2_Plus, Rank 4/8:  99%|█████████▊| 281/285 [30:24<00:35,  8.83s/it]Infer Qwen2.5-VL-32B-Instruct/SEEDBench2_Plus, Rank 3/8:  97%|█████████▋| 276/285 [30:24<01:07,  7.52s/it]Infer Qwen2.5-VL-32B-Instruct/SEEDBench2_Plus, Rank 3/8:  97%|█████████▋| 277/285 [30:25<00:44,  5.59s/it]Infer Qwen2.5-VL-32B-Instruct/SEEDBench2_Plus, Rank 3/8:  98%|█████████▊| 278/285 [30:26<00:29,  4.25s/it]Infer Qwen2.5-VL-32B-Instruct/SEEDBench2_Plus, Rank 2/8:  64%|██████▍   | 183/285 [30:29<10:52,  6.40s/it]Infer Qwen2.5-VL-32B-Instruct/SEEDBench2_Plus, Rank 1/8:  70%|██████▉   | 199/285 [30:30<08:29,  5.92s/it]Infer Qwen2.5-VL-32B-Instruct/SEEDBench2_Plus, Rank 2/8:  65%|██████▍   | 184/285 [30:30<08:07,  4.83s/it]Infer Qwen2.5-VL-32B-Instruct/SEEDBench2_Plus, Rank 2/8:  65%|██████▍   | 185/285 [30:33<07:04,  4.24s/it]Infer Qwen2.5-VL-32B-Instruct/SEEDBench2_Plus, Rank 6/8:  89%|████████▊ | 252/284 [30:33<07:11, 13.47s/it]Infer Qwen2.5-VL-32B-Instruct/SEEDBench2_Plus, Rank 2/8:  65%|██████▌   | 186/285 [30:34<05:30,  3.34s/it]Infer Qwen2.5-VL-32B-Instruct/SEEDBench2_Plus, Rank 5/8:  85%|████████▌ | 242/284 [30:35<06:46,  9.68s/it]Infer Qwen2.5-VL-32B-Instruct/SEEDBench2_Plus, Rank 2/8:  66%|██████▌   | 187/285 [30:36<04:24,  2.70s/it]Infer Qwen2.5-VL-32B-Instruct/SEEDBench2_Plus, Rank 2/8:  66%|██████▌   | 188/285 [30:37<03:27,  2.14s/it]Infer Qwen2.5-VL-32B-Instruct/SEEDBench2_Plus, Rank 1/8:  70%|███████   | 200/285 [30:37<08:46,  6.19s/it]Infer Qwen2.5-VL-32B-Instruct/SEEDBench2_Plus, Rank 4/8:  99%|█████████▉| 282/285 [30:37<00:30, 10.30s/it]Infer Qwen2.5-VL-32B-Instruct/SEEDBench2_Plus, Rank 2/8:  66%|██████▋   | 189/285 [30:38<02:53,  1.81s/it]Infer Qwen2.5-VL-32B-Instruct/SEEDBench2_Plus, Rank 1/8:  71%|███████   | 201/285 [30:38<06:40,  4.77s/it]Infer Qwen2.5-VL-32B-Instruct/SEEDBench2_Plus, Rank 3/8:  98%|█████████▊| 279/285 [30:39<00:41,  6.93s/it]Infer Qwen2.5-VL-32B-Instruct/SEEDBench2_Plus, Rank 2/8:  67%|██████▋   | 190/285 [30:40<02:58,  1.88s/it]Infer Qwen2.5-VL-32B-Instruct/SEEDBench2_Plus, Rank 3/8:  98%|█████████▊| 280/285 [30:40<00:25,  5.07s/it]Infer Qwen2.5-VL-32B-Instruct/SEEDBench2_Plus, Rank 2/8:  67%|██████▋   | 191/285 [30:40<02:28,  1.58s/it]Infer Qwen2.5-VL-32B-Instruct/SEEDBench2_Plus, Rank 1/8:  71%|███████   | 202/285 [30:41<05:28,  3.95s/it]Infer Qwen2.5-VL-32B-Instruct/SEEDBench2_Plus, Rank 1/8:  71%|███████   | 203/285 [30:42<04:14,  3.10s/it]Infer Qwen2.5-VL-32B-Instruct/SEEDBench2_Plus, Rank 2/8:  67%|██████▋   | 192/285 [30:42<02:24,  1.56s/it]Infer Qwen2.5-VL-32B-Instruct/SEEDBench2_Plus, Rank 2/8:  68%|██████▊   | 193/285 [30:43<01:58,  1.29s/it]Infer Qwen2.5-VL-32B-Instruct/SEEDBench2_Plus, Rank 2/8:  68%|██████▊   | 194/285 [30:43<01:40,  1.10s/it]Infer Qwen2.5-VL-32B-Instruct/SEEDBench2_Plus, Rank 2/8:  68%|██████▊   | 195/285 [30:44<01:32,  1.03s/it]Infer Qwen2.5-VL-32B-Instruct/SEEDBench2_Plus, Rank 5/8:  86%|████████▌ | 243/284 [30:44<06:31,  9.56s/it]Infer Qwen2.5-VL-32B-Instruct/SEEDBench2_Plus, Rank 2/8:  69%|██████▉   | 196/285 [30:45<01:26,  1.03it/s]Infer Qwen2.5-VL-32B-Instruct/SEEDBench2_Plus, Rank 6/8:  89%|████████▉ | 253/284 [30:47<06:59, 13.53s/it]Infer Qwen2.5-VL-32B-Instruct/SEEDBench2_Plus, Rank 2/8:  69%|██████▉   | 197/285 [30:48<02:21,  1.61s/it]Infer Qwen2.5-VL-32B-Instruct/SEEDBench2_Plus, Rank 1/8:  72%|███████▏  | 204/285 [30:49<05:47,  4.29s/it]Infer Qwen2.5-VL-32B-Instruct/SEEDBench2_Plus, Rank 3/8:  99%|█████████▊| 281/285 [30:51<00:27,  6.83s/it]Infer Qwen2.5-VL-32B-Instruct/SEEDBench2_Plus, Rank 4/8:  99%|█████████▉| 283/285 [30:51<00:22, 11.29s/it]Infer Qwen2.5-VL-32B-Instruct/SEEDBench2_Plus, Rank 1/8:  72%|███████▏  | 205/285 [30:56<06:46,  5.08s/it]Infer Qwen2.5-VL-32B-Instruct/SEEDBench2_Plus, Rank 3/8:  99%|█████████▉| 282/285 [30:57<00:19,  6.50s/it]Infer Qwen2.5-VL-32B-Instruct/SEEDBench2_Plus, Rank 2/8:  69%|██████▉   | 198/285 [30:58<06:07,  4.22s/it]Infer Qwen2.5-VL-32B-Instruct/SEEDBench2_Plus, Rank 1/8:  72%|███████▏  | 206/285 [31:07<09:01,  6.86s/it]Infer Qwen2.5-VL-32B-Instruct/SEEDBench2_Plus, Rank 2/8:  70%|██████▉   | 199/285 [31:08<08:11,  5.72s/it]Infer Qwen2.5-VL-32B-Instruct/SEEDBench2_Plus, Rank 2/8:  70%|███████   | 200/285 [31:09<06:27,  4.56s/it]Infer Qwen2.5-VL-32B-Instruct/SEEDBench2_Plus, Rank 6/8:  89%|████████▉ | 254/284 [31:10<08:08, 16.28s/it]Infer Qwen2.5-VL-32B-Instruct/SEEDBench2_Plus, Rank 5/8:  86%|████████▌ | 244/284 [31:14<10:25, 15.63s/it]Infer Qwen2.5-VL-32B-Instruct/SEEDBench2_Plus, Rank 3/8:  99%|█████████▉| 283/285 [31:15<00:20, 10.16s/it]Infer Qwen2.5-VL-32B-Instruct/SEEDBench2_Plus, Rank 2/8:  71%|███████   | 201/285 [31:20<08:44,  6.24s/it]Infer Qwen2.5-VL-32B-Instruct/SEEDBench2_Plus, Rank 2/8:  71%|███████   | 202/285 [31:20<06:19,  4.57s/it]Infer Qwen2.5-VL-32B-Instruct/SEEDBench2_Plus, Rank 4/8: 100%|█████████▉| 284/285 [31:20<00:16, 16.71s/it]Infer Qwen2.5-VL-32B-Instruct/SEEDBench2_Plus, Rank 1/8:  73%|███████▎  | 207/285 [31:22<12:11,  9.38s/it]Infer Qwen2.5-VL-32B-Instruct/SEEDBench2_Plus, Rank 2/8:  71%|███████   | 203/285 [31:22<05:04,  3.71s/it]Infer Qwen2.5-VL-32B-Instruct/SEEDBench2_Plus, Rank 3/8: 100%|█████████▉| 284/285 [31:23<00:09,  9.32s/it]Infer Qwen2.5-VL-32B-Instruct/SEEDBench2_Plus, Rank 1/8:  73%|███████▎  | 208/285 [31:23<08:49,  6.87s/it]Infer Qwen2.5-VL-32B-Instruct/SEEDBench2_Plus, Rank 5/8:  86%|████████▋ | 245/284 [31:25<09:13, 14.20s/it]Infer Qwen2.5-VL-32B-Instruct/SEEDBench2_Plus, Rank 2/8:  72%|███████▏  | 204/285 [31:25<04:42,  3.49s/it]Infer Qwen2.5-VL-32B-Instruct/SEEDBench2_Plus, Rank 6/8:  90%|████████▉ | 255/284 [31:25<07:42, 15.94s/it]Infer Qwen2.5-VL-32B-Instruct/SEEDBench2_Plus, Rank 5/8:  87%|████████▋ | 246/284 [31:26<06:30, 10.27s/it]Infer Qwen2.5-VL-32B-Instruct/SEEDBench2_Plus, Rank 3/8: 100%|██████████| 285/285 [31:31<00:00,  8.96s/it]Infer Qwen2.5-VL-32B-Instruct/SEEDBench2_Plus, Rank 3/8: 100%|██████████| 285/285 [31:31<00:00,  6.64s/it]
Infer Qwen2.5-VL-32B-Instruct/SEEDBench2_Plus, Rank 4/8: 100%|██████████| 285/285 [31:31<00:00, 14.95s/it]Infer Qwen2.5-VL-32B-Instruct/SEEDBench2_Plus, Rank 4/8: 100%|██████████| 285/285 [31:31<00:00,  6.64s/it]
Infer Qwen2.5-VL-32B-Instruct/SEEDBench2_Plus, Rank 1/8:  73%|███████▎  | 209/285 [31:32<09:28,  7.48s/it]Infer Qwen2.5-VL-32B-Instruct/SEEDBench2_Plus, Rank 2/8:  72%|███████▏  | 205/285 [31:32<05:59,  4.50s/it]Infer Qwen2.5-VL-32B-Instruct/SEEDBench2_Plus, Rank 1/8:  74%|███████▎  | 210/285 [31:33<07:05,  5.67s/it]Infer Qwen2.5-VL-32B-Instruct/SEEDBench2_Plus, Rank 1/8:  74%|███████▍  | 211/285 [31:34<05:11,  4.21s/it]Infer Qwen2.5-VL-32B-Instruct/SEEDBench2_Plus, Rank 2/8:  72%|███████▏  | 206/285 [31:35<05:32,  4.21s/it]Infer Qwen2.5-VL-32B-Instruct/SEEDBench2_Plus, Rank 6/8:  90%|█████████ | 256/284 [31:38<07:02, 15.10s/it]Infer Qwen2.5-VL-32B-Instruct/SEEDBench2_Plus, Rank 5/8:  87%|████████▋ | 247/284 [31:39<06:50, 11.10s/it]Infer Qwen2.5-VL-32B-Instruct/SEEDBench2_Plus, Rank 6/8:  90%|█████████ | 257/284 [31:40<05:00, 11.11s/it]Infer Qwen2.5-VL-32B-Instruct/SEEDBench2_Plus, Rank 1/8:  74%|███████▍  | 212/285 [31:46<07:48,  6.42s/it]Infer Qwen2.5-VL-32B-Instruct/SEEDBench2_Plus, Rank 1/8:  75%|███████▍  | 213/285 [31:47<05:48,  4.84s/it]Infer Qwen2.5-VL-32B-Instruct/SEEDBench2_Plus, Rank 1/8:  75%|███████▌  | 214/285 [31:48<04:19,  3.65s/it]Infer Qwen2.5-VL-32B-Instruct/SEEDBench2_Plus, Rank 6/8:  91%|█████████ | 258/284 [31:48<04:25, 10.20s/it]Infer Qwen2.5-VL-32B-Instruct/SEEDBench2_Plus, Rank 1/8:  75%|███████▌  | 215/285 [31:48<03:16,  2.80s/it]Infer Qwen2.5-VL-32B-Instruct/SEEDBench2_Plus, Rank 1/8:  76%|███████▌  | 216/285 [31:50<02:38,  2.29s/it]Infer Qwen2.5-VL-32B-Instruct/SEEDBench2_Plus, Rank 6/8:  91%|█████████ | 259/284 [31:53<03:38,  8.74s/it]Infer Qwen2.5-VL-32B-Instruct/SEEDBench2_Plus, Rank 2/8:  73%|███████▎  | 207/285 [31:54<11:10,  8.60s/it]Infer Qwen2.5-VL-32B-Instruct/SEEDBench2_Plus, Rank 1/8:  76%|███████▌  | 217/285 [31:57<04:15,  3.75s/it]Infer Qwen2.5-VL-32B-Instruct/SEEDBench2_Plus, Rank 1/8:  76%|███████▋  | 218/285 [31:58<03:24,  3.05s/it]Infer Qwen2.5-VL-32B-Instruct/SEEDBench2_Plus, Rank 6/8:  92%|█████████▏| 260/284 [32:00<03:12,  8.03s/it]Infer Qwen2.5-VL-32B-Instruct/SEEDBench2_Plus, Rank 5/8:  87%|████████▋ | 248/284 [32:01<08:33, 14.25s/it]Infer Qwen2.5-VL-32B-Instruct/SEEDBench2_Plus, Rank 6/8:  92%|█████████▏| 261/284 [32:02<02:28,  6.44s/it]Infer Qwen2.5-VL-32B-Instruct/SEEDBench2_Plus, Rank 2/8:  73%|███████▎  | 208/285 [32:04<11:24,  8.89s/it]Infer Qwen2.5-VL-32B-Instruct/SEEDBench2_Plus, Rank 2/8:  73%|███████▎  | 209/285 [32:05<08:09,  6.44s/it]Infer Qwen2.5-VL-32B-Instruct/SEEDBench2_Plus, Rank 5/8:  88%|████████▊ | 249/284 [32:08<07:11, 12.32s/it]Infer Qwen2.5-VL-32B-Instruct/SEEDBench2_Plus, Rank 2/8:  74%|███████▎  | 210/285 [32:11<07:56,  6.36s/it]Infer Qwen2.5-VL-32B-Instruct/SEEDBench2_Plus, Rank 2/8:  74%|███████▍  | 211/285 [32:11<05:44,  4.65s/it]Infer Qwen2.5-VL-32B-Instruct/SEEDBench2_Plus, Rank 1/8:  77%|███████▋  | 219/285 [32:12<06:54,  6.27s/it]Infer Qwen2.5-VL-32B-Instruct/SEEDBench2_Plus, Rank 7/8:  81%|████████▏ | 231/284 [32:13<1:09:17, 78.44s/it]Infer Qwen2.5-VL-32B-Instruct/SEEDBench2_Plus, Rank 1/8:  77%|███████▋  | 220/285 [32:13<05:01,  4.64s/it]Infer Qwen2.5-VL-32B-Instruct/SEEDBench2_Plus, Rank 1/8:  78%|███████▊  | 221/285 [32:14<03:42,  3.48s/it]Infer Qwen2.5-VL-32B-Instruct/SEEDBench2_Plus, Rank 6/8:  92%|█████████▏| 262/284 [32:15<03:00,  8.20s/it]Infer Qwen2.5-VL-32B-Instruct/SEEDBench2_Plus, Rank 6/8:  93%|█████████▎| 263/284 [32:19<02:27,  7.05s/it]Infer Qwen2.5-VL-32B-Instruct/SEEDBench2_Plus, Rank 5/8:  88%|████████▊ | 250/284 [32:24<07:27, 13.17s/it]Infer Qwen2.5-VL-32B-Instruct/SEEDBench2_Plus, Rank 1/8:  78%|███████▊  | 222/285 [32:24<05:57,  5.68s/it]Infer Qwen2.5-VL-32B-Instruct/SEEDBench2_Plus, Rank 2/8:  74%|███████▍  | 212/285 [32:26<09:08,  7.51s/it]Infer Qwen2.5-VL-32B-Instruct/SEEDBench2_Plus, Rank 7/8:  82%|████████▏ | 232/284 [32:29<51:54, 59.89s/it]  Infer Qwen2.5-VL-32B-Instruct/SEEDBench2_Plus, Rank 6/8:  93%|█████████▎| 264/284 [32:30<02:43,  8.19s/it]Infer Qwen2.5-VL-32B-Instruct/SEEDBench2_Plus, Rank 5/8:  88%|████████▊ | 251/284 [32:30<06:10, 11.24s/it]Infer Qwen2.5-VL-32B-Instruct/SEEDBench2_Plus, Rank 7/8:  82%|████████▏ | 233/284 [32:31<36:04, 42.45s/it]Infer Qwen2.5-VL-32B-Instruct/SEEDBench2_Plus, Rank 5/8:  89%|████████▊ | 252/284 [32:31<04:18,  8.07s/it]Infer Qwen2.5-VL-32B-Instruct/SEEDBench2_Plus, Rank 7/8:  82%|████████▏ | 234/284 [32:32<24:58, 29.97s/it]Infer Qwen2.5-VL-32B-Instruct/SEEDBench2_Plus, Rank 6/8:  93%|█████████▎| 265/284 [32:32<02:01,  6.40s/it]Infer Qwen2.5-VL-32B-Instruct/SEEDBench2_Plus, Rank 7/8:  83%|████████▎ | 235/284 [32:32<17:17, 21.18s/it]Infer Qwen2.5-VL-32B-Instruct/SEEDBench2_Plus, Rank 7/8:  83%|████████▎ | 236/284 [32:34<12:10, 15.22s/it]Infer Qwen2.5-VL-32B-Instruct/SEEDBench2_Plus, Rank 7/8:  83%|████████▎ | 237/284 [32:35<08:34, 10.96s/it]Infer Qwen2.5-VL-32B-Instruct/SEEDBench2_Plus, Rank 7/8:  84%|████████▍ | 238/284 [32:35<06:03,  7.90s/it]Infer Qwen2.5-VL-32B-Instruct/SEEDBench2_Plus, Rank 2/8:  75%|███████▍  | 213/285 [32:36<10:01,  8.36s/it]Infer Qwen2.5-VL-32B-Instruct/SEEDBench2_Plus, Rank 6/8:  94%|█████████▎| 266/284 [32:36<01:43,  5.73s/it]Infer Qwen2.5-VL-32B-Instruct/SEEDBench2_Plus, Rank 2/8:  75%|███████▌  | 214/285 [32:37<07:10,  6.07s/it]Infer Qwen2.5-VL-32B-Instruct/SEEDBench2_Plus, Rank 6/8:  94%|█████████▍| 267/284 [32:37<01:11,  4.19s/it]Infer Qwen2.5-VL-32B-Instruct/SEEDBench2_Plus, Rank 2/8:  75%|███████▌  | 215/285 [32:37<05:15,  4.51s/it]Infer Qwen2.5-VL-32B-Instruct/SEEDBench2_Plus, Rank 2/8:  76%|███████▌  | 216/285 [32:39<04:01,  3.50s/it]Infer Qwen2.5-VL-32B-Instruct/SEEDBench2_Plus, Rank 2/8:  76%|███████▌  | 217/285 [32:41<03:45,  3.32s/it]Infer Qwen2.5-VL-32B-Instruct/SEEDBench2_Plus, Rank 2/8:  76%|███████▋  | 218/285 [32:42<02:50,  2.54s/it]Infer Qwen2.5-VL-32B-Instruct/SEEDBench2_Plus, Rank 5/8:  89%|████████▉ | 253/284 [32:43<04:47,  9.26s/it]Infer Qwen2.5-VL-32B-Instruct/SEEDBench2_Plus, Rank 5/8:  89%|████████▉ | 254/284 [32:44<03:19,  6.66s/it]Infer Qwen2.5-VL-32B-Instruct/SEEDBench2_Plus, Rank 1/8:  78%|███████▊  | 223/285 [32:45<10:35, 10.25s/it]Infer Qwen2.5-VL-32B-Instruct/SEEDBench2_Plus, Rank 1/8:  79%|███████▊  | 224/285 [32:47<07:42,  7.58s/it]Infer Qwen2.5-VL-32B-Instruct/SEEDBench2_Plus, Rank 5/8:  90%|████████▉ | 255/284 [32:49<02:57,  6.11s/it]Infer Qwen2.5-VL-32B-Instruct/SEEDBench2_Plus, Rank 2/8:  77%|███████▋  | 219/285 [32:52<05:04,  4.62s/it]Infer Qwen2.5-VL-32B-Instruct/SEEDBench2_Plus, Rank 7/8:  84%|████████▍ | 239/284 [32:52<07:52, 10.50s/it]Infer Qwen2.5-VL-32B-Instruct/SEEDBench2_Plus, Rank 6/8:  94%|█████████▍| 268/284 [32:52<01:59,  7.45s/it]Infer Qwen2.5-VL-32B-Instruct/SEEDBench2_Plus, Rank 5/8:  90%|█████████ | 256/284 [32:55<02:54,  6.22s/it]Infer Qwen2.5-VL-32B-Instruct/SEEDBench2_Plus, Rank 5/8:  90%|█████████ | 257/284 [32:56<02:05,  4.65s/it]Infer Qwen2.5-VL-32B-Instruct/SEEDBench2_Plus, Rank 1/8:  79%|███████▉  | 225/285 [32:59<09:02,  9.04s/it]Infer Qwen2.5-VL-32B-Instruct/SEEDBench2_Plus, Rank 5/8:  91%|█████████ | 258/284 [33:00<01:54,  4.42s/it]Infer Qwen2.5-VL-32B-Instruct/SEEDBench2_Plus, Rank 7/8:  85%|████████▍ | 240/284 [33:01<07:27, 10.16s/it]Infer Qwen2.5-VL-32B-Instruct/SEEDBench2_Plus, Rank 7/8:  85%|████████▍ | 241/284 [33:04<05:36,  7.83s/it]Infer Qwen2.5-VL-32B-Instruct/SEEDBench2_Plus, Rank 1/8:  79%|███████▉  | 226/285 [33:07<08:27,  8.59s/it]Infer Qwen2.5-VL-32B-Instruct/SEEDBench2_Plus, Rank 1/8:  80%|███████▉  | 227/285 [33:07<06:04,  6.28s/it]Infer Qwen2.5-VL-32B-Instruct/SEEDBench2_Plus, Rank 2/8:  77%|███████▋  | 220/285 [33:08<08:38,  7.98s/it]Infer Qwen2.5-VL-32B-Instruct/SEEDBench2_Plus, Rank 7/8:  85%|████████▌ | 242/284 [33:10<05:05,  7.27s/it]Infer Qwen2.5-VL-32B-Instruct/SEEDBench2_Plus, Rank 6/8:  95%|█████████▍| 269/284 [33:12<02:47, 11.15s/it]Infer Qwen2.5-VL-32B-Instruct/SEEDBench2_Plus, Rank 2/8:  78%|███████▊  | 221/285 [33:16<08:38,  8.10s/it]Infer Qwen2.5-VL-32B-Instruct/SEEDBench2_Plus, Rank 5/8:  91%|█████████ | 259/284 [33:19<03:38,  8.74s/it]Infer Qwen2.5-VL-32B-Instruct/SEEDBench2_Plus, Rank 7/8:  86%|████████▌ | 243/284 [33:23<06:12,  9.08s/it]Infer Qwen2.5-VL-32B-Instruct/SEEDBench2_Plus, Rank 7/8:  86%|████████▌ | 244/284 [33:24<04:25,  6.65s/it]Infer Qwen2.5-VL-32B-Instruct/SEEDBench2_Plus, Rank 2/8:  78%|███████▊  | 222/285 [33:24<08:35,  8.19s/it]Infer Qwen2.5-VL-32B-Instruct/SEEDBench2_Plus, Rank 2/8:  78%|███████▊  | 223/285 [33:25<06:08,  5.94s/it]Infer Qwen2.5-VL-32B-Instruct/SEEDBench2_Plus, Rank 2/8:  79%|███████▊  | 224/285 [33:26<04:28,  4.39s/it]Infer Qwen2.5-VL-32B-Instruct/SEEDBench2_Plus, Rank 2/8:  79%|███████▉  | 225/285 [33:27<03:28,  3.47s/it]Infer Qwen2.5-VL-32B-Instruct/SEEDBench2_Plus, Rank 2/8:  79%|███████▉  | 226/285 [33:28<02:45,  2.80s/it]Infer Qwen2.5-VL-32B-Instruct/SEEDBench2_Plus, Rank 1/8:  80%|████████  | 228/285 [33:30<10:37, 11.18s/it]Infer Qwen2.5-VL-32B-Instruct/SEEDBench2_Plus, Rank 6/8:  95%|█████████▌| 270/284 [33:32<03:13, 13.83s/it]Infer Qwen2.5-VL-32B-Instruct/SEEDBench2_Plus, Rank 7/8:  86%|████████▋ | 245/284 [33:32<04:39,  7.17s/it]Infer Qwen2.5-VL-32B-Instruct/SEEDBench2_Plus, Rank 7/8:  87%|████████▋ | 246/284 [33:35<03:40,  5.80s/it]Infer Qwen2.5-VL-32B-Instruct/SEEDBench2_Plus, Rank 2/8:  80%|███████▉  | 227/285 [33:35<03:53,  4.03s/it]Infer Qwen2.5-VL-32B-Instruct/SEEDBench2_Plus, Rank 0/8:  92%|█████████▏| 261/285 [33:39<29:03, 72.63s/it]Infer Qwen2.5-VL-32B-Instruct/SEEDBench2_Plus, Rank 6/8:  95%|█████████▌| 271/284 [33:40<02:37, 12.12s/it]Infer Qwen2.5-VL-32B-Instruct/SEEDBench2_Plus, Rank 2/8:  80%|████████  | 228/285 [33:41<04:25,  4.66s/it]Infer Qwen2.5-VL-32B-Instruct/SEEDBench2_Plus, Rank 5/8:  92%|█████████▏| 260/284 [33:42<05:13, 13.05s/it]Infer Qwen2.5-VL-32B-Instruct/SEEDBench2_Plus, Rank 0/8:  92%|█████████▏| 262/285 [33:44<20:08, 52.55s/it]Infer Qwen2.5-VL-32B-Instruct/SEEDBench2_Plus, Rank 1/8:  80%|████████  | 229/285 [33:45<11:23, 12.21s/it]Infer Qwen2.5-VL-32B-Instruct/SEEDBench2_Plus, Rank 0/8:  92%|█████████▏| 263/285 [33:50<14:06, 38.48s/it]Infer Qwen2.5-VL-32B-Instruct/SEEDBench2_Plus, Rank 6/8:  96%|█████████▌| 272/284 [33:51<02:19, 11.63s/it]Infer Qwen2.5-VL-32B-Instruct/SEEDBench2_Plus, Rank 2/8:  80%|████████  | 229/285 [33:55<06:51,  7.36s/it]Infer Qwen2.5-VL-32B-Instruct/SEEDBench2_Plus, Rank 5/8:  92%|█████████▏| 261/284 [33:57<05:12, 13.60s/it]Infer Qwen2.5-VL-32B-Instruct/SEEDBench2_Plus, Rank 0/8:  93%|█████████▎| 264/285 [33:58<10:16, 29.35s/it]Infer Qwen2.5-VL-32B-Instruct/SEEDBench2_Plus, Rank 2/8:  81%|████████  | 230/285 [33:59<05:55,  6.46s/it]Infer Qwen2.5-VL-32B-Instruct/SEEDBench2_Plus, Rank 7/8:  87%|████████▋ | 247/284 [34:00<07:02, 11.43s/it]Infer Qwen2.5-VL-32B-Instruct/SEEDBench2_Plus, Rank 5/8:  92%|█████████▏| 262/284 [34:04<04:16, 11.65s/it]Infer Qwen2.5-VL-32B-Instruct/SEEDBench2_Plus, Rank 7/8:  87%|████████▋ | 248/284 [34:04<05:35,  9.33s/it]Infer Qwen2.5-VL-32B-Instruct/SEEDBench2_Plus, Rank 2/8:  81%|████████  | 231/285 [34:04<05:23,  5.98s/it]Infer Qwen2.5-VL-32B-Instruct/SEEDBench2_Plus, Rank 1/8:  81%|████████  | 230/285 [34:06<13:37, 14.86s/it]Infer Qwen2.5-VL-32B-Instruct/SEEDBench2_Plus, Rank 6/8:  96%|█████████▌| 273/284 [34:07<02:22, 12.95s/it]Infer Qwen2.5-VL-32B-Instruct/SEEDBench2_Plus, Rank 6/8:  96%|█████████▋| 274/284 [34:08<01:33,  9.39s/it]Infer Qwen2.5-VL-32B-Instruct/SEEDBench2_Plus, Rank 6/8:  97%|█████████▋| 275/284 [34:09<01:02,  6.98s/it]Infer Qwen2.5-VL-32B-Instruct/SEEDBench2_Plus, Rank 0/8:  93%|█████████▎| 265/285 [34:09<07:56, 23.84s/it]Infer Qwen2.5-VL-32B-Instruct/SEEDBench2_Plus, Rank 6/8:  97%|█████████▋| 276/284 [34:10<00:41,  5.25s/it]Infer Qwen2.5-VL-32B-Instruct/SEEDBench2_Plus, Rank 6/8:  98%|█████████▊| 277/284 [34:11<00:28,  4.04s/it]Infer Qwen2.5-VL-32B-Instruct/SEEDBench2_Plus, Rank 5/8:  93%|█████████▎| 263/284 [34:12<03:40, 10.50s/it]Infer Qwen2.5-VL-32B-Instruct/SEEDBench2_Plus, Rank 2/8:  81%|████████▏ | 232/285 [34:14<06:19,  7.16s/it]Infer Qwen2.5-VL-32B-Instruct/SEEDBench2_Plus, Rank 0/8:  93%|█████████▎| 266/285 [34:17<06:03, 19.15s/it]Infer Qwen2.5-VL-32B-Instruct/SEEDBench2_Plus, Rank 7/8:  88%|████████▊ | 249/284 [34:20<06:34, 11.28s/it]Infer Qwen2.5-VL-32B-Instruct/SEEDBench2_Plus, Rank 5/8:  93%|█████████▎| 264/284 [34:23<03:35, 10.76s/it]Infer Qwen2.5-VL-32B-Instruct/SEEDBench2_Plus, Rank 6/8:  98%|█████████▊| 278/284 [34:24<00:39,  6.64s/it]Infer Qwen2.5-VL-32B-Instruct/SEEDBench2_Plus, Rank 6/8:  98%|█████████▊| 279/284 [34:25<00:24,  4.88s/it]Infer Qwen2.5-VL-32B-Instruct/SEEDBench2_Plus, Rank 0/8:  94%|█████████▎| 267/285 [34:26<04:48, 16.04s/it]Infer Qwen2.5-VL-32B-Instruct/SEEDBench2_Plus, Rank 6/8:  99%|█████████▊| 280/284 [34:28<00:17,  4.43s/it]Infer Qwen2.5-VL-32B-Instruct/SEEDBench2_Plus, Rank 5/8:  93%|█████████▎| 265/284 [34:30<03:00,  9.52s/it]Infer Qwen2.5-VL-32B-Instruct/SEEDBench2_Plus, Rank 2/8:  82%|████████▏ | 233/285 [34:31<08:40, 10.01s/it]Infer Qwen2.5-VL-32B-Instruct/SEEDBench2_Plus, Rank 2/8:  82%|████████▏ | 234/285 [34:31<06:06,  7.19s/it]Infer Qwen2.5-VL-32B-Instruct/SEEDBench2_Plus, Rank 1/8:  81%|████████  | 231/285 [34:32<16:33, 18.40s/it]Infer Qwen2.5-VL-32B-Instruct/SEEDBench2_Plus, Rank 2/8:  82%|████████▏ | 235/285 [34:35<05:00,  6.00s/it]Infer Qwen2.5-VL-32B-Instruct/SEEDBench2_Plus, Rank 2/8:  83%|████████▎ | 236/285 [34:36<03:42,  4.55s/it]Infer Qwen2.5-VL-32B-Instruct/SEEDBench2_Plus, Rank 2/8:  83%|████████▎ | 237/285 [34:37<02:49,  3.52s/it]Infer Qwen2.5-VL-32B-Instruct/SEEDBench2_Plus, Rank 1/8:  81%|████████▏ | 232/285 [34:37<12:35, 14.26s/it]Infer Qwen2.5-VL-32B-Instruct/SEEDBench2_Plus, Rank 0/8:  94%|█████████▍| 268/285 [34:39<04:18, 15.20s/it]Infer Qwen2.5-VL-32B-Instruct/SEEDBench2_Plus, Rank 5/8:  94%|█████████▎| 266/284 [34:40<02:53,  9.65s/it]Infer Qwen2.5-VL-32B-Instruct/SEEDBench2_Plus, Rank 6/8:  99%|█████████▉| 281/284 [34:43<00:22,  7.46s/it]Infer Qwen2.5-VL-32B-Instruct/SEEDBench2_Plus, Rank 2/8:  84%|████████▎ | 238/285 [34:44<03:34,  4.57s/it]Infer Qwen2.5-VL-32B-Instruct/SEEDBench2_Plus, Rank 6/8:  99%|█████████▉| 282/284 [34:46<00:12,  6.22s/it]Infer Qwen2.5-VL-32B-Instruct/SEEDBench2_Plus, Rank 2/8:  84%|████████▍ | 239/285 [34:46<03:01,  3.94s/it]Infer Qwen2.5-VL-32B-Instruct/SEEDBench2_Plus, Rank 7/8:  88%|████████▊ | 250/284 [34:48<09:16, 16.36s/it]Infer Qwen2.5-VL-32B-Instruct/SEEDBench2_Plus, Rank 2/8:  84%|████████▍ | 240/285 [34:48<02:30,  3.33s/it]Infer Qwen2.5-VL-32B-Instruct/SEEDBench2_Plus, Rank 5/8:  94%|█████████▍| 267/284 [34:49<02:44,  9.69s/it]Infer Qwen2.5-VL-32B-Instruct/SEEDBench2_Plus, Rank 0/8:  94%|█████████▍| 269/285 [34:52<03:50, 14.39s/it]Infer Qwen2.5-VL-32B-Instruct/SEEDBench2_Plus, Rank 1/8:  82%|████████▏ | 233/285 [34:55<13:23, 15.45s/it]Infer Qwen2.5-VL-32B-Instruct/SEEDBench2_Plus, Rank 2/8:  85%|████████▍ | 241/285 [35:02<04:44,  6.47s/it]Infer Qwen2.5-VL-32B-Instruct/SEEDBench2_Plus, Rank 5/8:  94%|█████████▍| 268/284 [35:03<02:52, 10.76s/it]Infer Qwen2.5-VL-32B-Instruct/SEEDBench2_Plus, Rank 7/8:  88%|████████▊ | 251/284 [35:06<09:11, 16.70s/it]Infer Qwen2.5-VL-32B-Instruct/SEEDBench2_Plus, Rank 1/8:  82%|████████▏ | 234/285 [35:07<12:04, 14.21s/it]Infer Qwen2.5-VL-32B-Instruct/SEEDBench2_Plus, Rank 1/8:  82%|████████▏ | 235/285 [35:07<08:29, 10.19s/it]Infer Qwen2.5-VL-32B-Instruct/SEEDBench2_Plus, Rank 6/8: 100%|█████████▉| 283/284 [35:08<00:10, 10.97s/it]Infer Qwen2.5-VL-32B-Instruct/SEEDBench2_Plus, Rank 7/8:  89%|████████▊ | 252/284 [35:10<07:00, 13.13s/it]Infer Qwen2.5-VL-32B-Instruct/SEEDBench2_Plus, Rank 1/8:  83%|████████▎ | 236/285 [35:13<07:09,  8.77s/it]Infer Qwen2.5-VL-32B-Instruct/SEEDBench2_Plus, Rank 5/8:  95%|█████████▍| 269/284 [35:14<02:43, 10.90s/it]Infer Qwen2.5-VL-32B-Instruct/SEEDBench2_Plus, Rank 1/8:  83%|████████▎ | 237/285 [35:14<05:10,  6.46s/it]Infer Qwen2.5-VL-32B-Instruct/SEEDBench2_Plus, Rank 2/8:  85%|████████▍ | 242/285 [35:14<05:51,  8.17s/it]Infer Qwen2.5-VL-32B-Instruct/SEEDBench2_Plus, Rank 0/8:  95%|█████████▍| 270/285 [35:15<04:15, 17.06s/it]Infer Qwen2.5-VL-32B-Instruct/SEEDBench2_Plus, Rank 1/8:  84%|████████▎ | 238/285 [35:16<04:01,  5.13s/it]Infer Qwen2.5-VL-32B-Instruct/SEEDBench2_Plus, Rank 6/8: 100%|██████████| 284/284 [35:18<00:00, 10.63s/it]Infer Qwen2.5-VL-32B-Instruct/SEEDBench2_Plus, Rank 6/8: 100%|██████████| 284/284 [35:18<00:00,  7.46s/it]
Infer Qwen2.5-VL-32B-Instruct/SEEDBench2_Plus, Rank 5/8:  95%|█████████▌| 270/284 [35:21<02:15,  9.65s/it]Infer Qwen2.5-VL-32B-Instruct/SEEDBench2_Plus, Rank 1/8:  84%|████████▍ | 239/285 [35:22<04:03,  5.29s/it]Infer Qwen2.5-VL-32B-Instruct/SEEDBench2_Plus, Rank 0/8:  95%|█████████▌| 271/285 [35:22<03:14, 13.90s/it]Infer Qwen2.5-VL-32B-Instruct/SEEDBench2_Plus, Rank 2/8:  85%|████████▌ | 243/285 [35:23<05:54,  8.44s/it]Infer Qwen2.5-VL-32B-Instruct/SEEDBench2_Plus, Rank 7/8:  89%|████████▉ | 253/284 [35:25<07:00, 13.55s/it]Infer Qwen2.5-VL-32B-Instruct/SEEDBench2_Plus, Rank 1/8:  84%|████████▍ | 240/285 [35:26<03:43,  4.96s/it]Infer Qwen2.5-VL-32B-Instruct/SEEDBench2_Plus, Rank 7/8:  89%|████████▉ | 254/284 [35:29<05:19, 10.64s/it]Infer Qwen2.5-VL-32B-Instruct/SEEDBench2_Plus, Rank 5/8:  95%|█████████▌| 271/284 [35:31<02:06,  9.74s/it]Infer Qwen2.5-VL-32B-Instruct/SEEDBench2_Plus, Rank 0/8:  95%|█████████▌| 272/285 [35:31<02:43, 12.57s/it]Infer Qwen2.5-VL-32B-Instruct/SEEDBench2_Plus, Rank 0/8:  96%|█████████▌| 273/285 [35:32<01:48,  9.00s/it]Infer Qwen2.5-VL-32B-Instruct/SEEDBench2_Plus, Rank 7/8:  90%|████████▉ | 255/284 [35:35<04:31,  9.35s/it]Infer Qwen2.5-VL-32B-Instruct/SEEDBench2_Plus, Rank 1/8:  85%|████████▍ | 241/285 [35:36<04:44,  6.47s/it]Infer Qwen2.5-VL-32B-Instruct/SEEDBench2_Plus, Rank 7/8:  90%|█████████ | 256/284 [35:36<03:10,  6.81s/it]Infer Qwen2.5-VL-32B-Instruct/SEEDBench2_Plus, Rank 1/8:  85%|████████▍ | 242/285 [35:37<03:25,  4.77s/it]Infer Qwen2.5-VL-32B-Instruct/SEEDBench2_Plus, Rank 1/8:  85%|████████▌ | 243/285 [35:43<03:37,  5.17s/it]Infer Qwen2.5-VL-32B-Instruct/SEEDBench2_Plus, Rank 2/8:  86%|████████▌ | 244/285 [35:45<08:26, 12.36s/it]Infer Qwen2.5-VL-32B-Instruct/SEEDBench2_Plus, Rank 7/8:  90%|█████████ | 257/284 [35:45<03:23,  7.55s/it]Infer Qwen2.5-VL-32B-Instruct/SEEDBench2_Plus, Rank 0/8:  96%|█████████▌| 274/285 [35:45<01:54, 10.43s/it]Infer Qwen2.5-VL-32B-Instruct/SEEDBench2_Plus, Rank 0/8:  96%|█████████▋| 275/285 [35:46<01:15,  7.55s/it]Infer Qwen2.5-VL-32B-Instruct/SEEDBench2_Plus, Rank 7/8:  91%|█████████ | 258/284 [35:47<02:27,  5.67s/it]