
*****************************************
Setting OMP_NUM_THREADS environment variable for each process to be 1 in default, to avoid your system being overloaded, please further tune the variable for optimal performance in your application as needed. 
*****************************************
RANK: 0, LOCAL_RANK: 0, WORLD_SIZE: 8,LOCAL_WORLD_SIZE: 8, CUDA_VISIBLE_DEVICES: 0
[2026-06-08 07:42:44] ERROR - __init__.py: load_env - 20: Did not detect the .env file at /root/storage/mahaoxuan.mhx/code/MMR-Bench/third_party/VLMEvalKit/.env, failed to load.
RANK: 1, LOCAL_RANK: 1, WORLD_SIZE: 8,LOCAL_WORLD_SIZE: 8, CUDA_VISIBLE_DEVICES: 1
RANK: 2, LOCAL_RANK: 2, WORLD_SIZE: 8,LOCAL_WORLD_SIZE: 8, CUDA_VISIBLE_DEVICES: 2
[2026-06-08 07:42:44] ERROR - __init__.py: load_env - 20: Did not detect the .env file at /root/storage/mahaoxuan.mhx/code/MMR-Bench/third_party/VLMEvalKit/.env, failed to load.
[2026-06-08 07:42:44] ERROR - __init__.py: load_env - 20: Did not detect the .env file at /root/storage/mahaoxuan.mhx/code/MMR-Bench/third_party/VLMEvalKit/.env, failed to load.
RANK: 3, LOCAL_RANK: 3, WORLD_SIZE: 8,LOCAL_WORLD_SIZE: 8, CUDA_VISIBLE_DEVICES: 3
[2026-06-08 07:42:44] ERROR - __init__.py: load_env - 20: Did not detect the .env file at /root/storage/mahaoxuan.mhx/code/MMR-Bench/third_party/VLMEvalKit/.env, failed to load.
RANK: 4, LOCAL_RANK: 4, WORLD_SIZE: 8,LOCAL_WORLD_SIZE: 8, CUDA_VISIBLE_DEVICES: 4
[2026-06-08 07:42:44] ERROR - __init__.py: load_env - 20: Did not detect the .env file at /root/storage/mahaoxuan.mhx/code/MMR-Bench/third_party/VLMEvalKit/.env, failed to load.
RANK: 5, LOCAL_RANK: 5, WORLD_SIZE: 8,LOCAL_WORLD_SIZE: 8, CUDA_VISIBLE_DEVICES: 5
[2026-06-08 07:42:44] ERROR - __init__.py: load_env - 20: Did not detect the .env file at /root/storage/mahaoxuan.mhx/code/MMR-Bench/third_party/VLMEvalKit/.env, failed to load.
RANK: 6, LOCAL_RANK: 6, WORLD_SIZE: 8,LOCAL_WORLD_SIZE: 8, CUDA_VISIBLE_DEVICES: 6
[2026-06-08 07:42:45] ERROR - __init__.py: load_env - 20: Did not detect the .env file at /root/storage/mahaoxuan.mhx/code/MMR-Bench/third_party/VLMEvalKit/.env, failed to load.
RANK: 7, LOCAL_RANK: 7, WORLD_SIZE: 8,LOCAL_WORLD_SIZE: 8, CUDA_VISIBLE_DEVICES: 7
[2026-06-08 07:42:45] ERROR - __init__.py: load_env - 20: Did not detect the .env file at /root/storage/mahaoxuan.mhx/code/MMR-Bench/third_party/VLMEvalKit/.env, failed to load.
[92m07:43:04 - LiteLLM:WARNING[0m: get_model_cost_map.py:271 - LiteLLM: Failed to fetch remote model cost map from https://raw.githubusercontent.com/BerriAI/litellm/main/model_prices_and_context_window.json: The read operation timed out. Falling back to local backup.
[2026-06-08 07:43:04] WARNING - get_model_cost_map.py: get_model_cost_map - 271: LiteLLM: Failed to fetch remote model cost map from https://raw.githubusercontent.com/BerriAI/litellm/main/model_prices_and_context_window.json: The read operation timed out. Falling back to local backup.
[92m07:43:04 - LiteLLM:WARNING[0m: get_model_cost_map.py:271 - LiteLLM: Failed to fetch remote model cost map from https://raw.githubusercontent.com/BerriAI/litellm/main/model_prices_and_context_window.json: The read operation timed out. Falling back to local backup.
[2026-06-08 07:43:04] WARNING - get_model_cost_map.py: get_model_cost_map - 271: LiteLLM: Failed to fetch remote model cost map from https://raw.githubusercontent.com/BerriAI/litellm/main/model_prices_and_context_window.json: The read operation timed out. Falling back to local backup.
[92m07:43:04 - LiteLLM:WARNING[0m: get_model_cost_map.py:271 - LiteLLM: Failed to fetch remote model cost map from https://raw.githubusercontent.com/BerriAI/litellm/main/model_prices_and_context_window.json: The read operation timed out. Falling back to local backup.
[2026-06-08 07:43:04] WARNING - get_model_cost_map.py: get_model_cost_map - 271: LiteLLM: Failed to fetch remote model cost map from https://raw.githubusercontent.com/BerriAI/litellm/main/model_prices_and_context_window.json: The read operation timed out. Falling back to local backup.
[2026-06-08 07:43:12] ERROR - misc.py: load_env - 220: Did not detect the .env file at /root/storage/mahaoxuan.mhx/code/MMR-Bench/third_party/VLMEvalKit/.env, failed to load. 
[2026-06-08 07:43:12] ERROR - misc.py: load_env - 220: Did not detect the .env file at /root/storage/mahaoxuan.mhx/code/MMR-Bench/third_party/VLMEvalKit/.env, failed to load. 
[2026-06-08 07:43:12] ERROR - misc.py: load_env - 220: Did not detect the .env file at /root/storage/mahaoxuan.mhx/code/MMR-Bench/third_party/VLMEvalKit/.env, failed to load. 
[2026-06-08 07:43:12] ERROR - misc.py: load_env - 220: Did not detect the .env file at /root/storage/mahaoxuan.mhx/code/MMR-Bench/third_party/VLMEvalKit/.env, failed to load. 
[2026-06-08 07:43:12] ERROR - misc.py: load_env - 220: Did not detect the .env file at /root/storage/mahaoxuan.mhx/code/MMR-Bench/third_party/VLMEvalKit/.env, failed to load. 
[2026-06-08 07:43:15] ERROR - misc.py: load_env - 220: Did not detect the .env file at /root/storage/mahaoxuan.mhx/code/MMR-Bench/third_party/VLMEvalKit/.env, failed to load. 
[2026-06-08 07:43:15] ERROR - misc.py: load_env - 220: Did not detect the .env file at /root/storage/mahaoxuan.mhx/code/MMR-Bench/third_party/VLMEvalKit/.env, failed to load. 
[2026-06-08 07:43:15] ERROR - misc.py: load_env - 220: Did not detect the .env file at /root/storage/mahaoxuan.mhx/code/MMR-Bench/third_party/VLMEvalKit/.env, failed to load. 
wings-e5e8bd552edb-master-0:57628:57628 [0] NCCL INFO ENV/Plugin: Could not find: libnccl-env.so
wings-e5e8bd552edb-master-0:57628:57628 [0] NCCL INFO NCCL_SOCKET_IFNAME set by environment to eth
wings-e5e8bd552edb-master-0:57628:57628 [0] NCCL INFO Bootstrap: Using eth0:33.3.188.228<0>
wings-e5e8bd552edb-master-0:57628:57628 [0] NCCL INFO cudaDriverVersion 13000
wings-e5e8bd552edb-master-0:57628:57628 [0] NCCL INFO NCCL version 2.28.9+cuda13.0
wings-e5e8bd552edb-master-0:57636:57636 [0] NCCL INFO ENV/Plugin: Could not find: libnccl-env.so
wings-e5e8bd552edb-master-0:57636:57636 [0] NCCL INFO cudaDriverVersion 13000
wings-e5e8bd552edb-master-0:57634:57634 [0] NCCL INFO ENV/Plugin: Could not find: libnccl-env.so
wings-e5e8bd552edb-master-0:57634:57634 [0] NCCL INFO cudaDriverVersion 13000
wings-e5e8bd552edb-master-0:57630:57630 [0] NCCL INFO ENV/Plugin: Could not find: libnccl-env.so
wings-e5e8bd552edb-master-0:57630:57630 [0] NCCL INFO cudaDriverVersion 13000
wings-e5e8bd552edb-master-0:57638:57638 [0] NCCL INFO ENV/Plugin: Could not find: libnccl-env.so
wings-e5e8bd552edb-master-0:57638:57638 [0] NCCL INFO cudaDriverVersion 13000
wings-e5e8bd552edb-master-0:57635:57635 [0] NCCL INFO ENV/Plugin: Could not find: libnccl-env.so
wings-e5e8bd552edb-master-0:57635:57635 [0] NCCL INFO cudaDriverVersion 13000
wings-e5e8bd552edb-master-0:57629:57629 [0] NCCL INFO ENV/Plugin: Could not find: libnccl-env.so
wings-e5e8bd552edb-master-0:57629:57629 [0] NCCL INFO cudaDriverVersion 13000
wings-e5e8bd552edb-master-0:57637:57637 [0] NCCL INFO ENV/Plugin: Could not find: libnccl-env.so
wings-e5e8bd552edb-master-0:57637:57637 [0] NCCL INFO cudaDriverVersion 13000
wings-e5e8bd552edb-master-0:57628:57628 [0] NCCL INFO Comm config Blocking set to 1
wings-e5e8bd552edb-master-0:57636:57636 [0] NCCL INFO NCCL_SOCKET_IFNAME set by environment to eth
wings-e5e8bd552edb-master-0:57634:57634 [0] NCCL INFO NCCL_SOCKET_IFNAME set by environment to eth
wings-e5e8bd552edb-master-0:57635:57635 [0] NCCL INFO NCCL_SOCKET_IFNAME set by environment to eth
wings-e5e8bd552edb-master-0:57638:57638 [0] NCCL INFO NCCL_SOCKET_IFNAME set by environment to eth
wings-e5e8bd552edb-master-0:57630:57630 [0] NCCL INFO NCCL_SOCKET_IFNAME set by environment to eth
wings-e5e8bd552edb-master-0:57629:57629 [0] NCCL INFO NCCL_SOCKET_IFNAME set by environment to eth
wings-e5e8bd552edb-master-0:57637:57637 [0] NCCL INFO NCCL_SOCKET_IFNAME set by environment to eth
wings-e5e8bd552edb-master-0:57636:57636 [0] NCCL INFO Bootstrap: Using eth0:33.3.188.228<0>
wings-e5e8bd552edb-master-0:57636:57636 [0] NCCL INFO NCCL version 2.28.9+cuda13.0
wings-e5e8bd552edb-master-0:57635:57635 [0] NCCL INFO Bootstrap: Using eth0:33.3.188.228<0>
wings-e5e8bd552edb-master-0:57638:57638 [0] NCCL INFO Bootstrap: Using eth0:33.3.188.228<0>
wings-e5e8bd552edb-master-0:57634:57634 [0] NCCL INFO Bootstrap: Using eth0:33.3.188.228<0>
wings-e5e8bd552edb-master-0:57630:57630 [0] NCCL INFO Bootstrap: Using eth0:33.3.188.228<0>
wings-e5e8bd552edb-master-0:57635:57635 [0] NCCL INFO NCCL version 2.28.9+cuda13.0
wings-e5e8bd552edb-master-0:57637:57637 [0] NCCL INFO Bootstrap: Using eth0:33.3.188.228<0>
wings-e5e8bd552edb-master-0:57629:57629 [0] NCCL INFO Bootstrap: Using eth0:33.3.188.228<0>
wings-e5e8bd552edb-master-0:57638:57638 [0] NCCL INFO NCCL version 2.28.9+cuda13.0
wings-e5e8bd552edb-master-0:57630:57630 [0] NCCL INFO NCCL version 2.28.9+cuda13.0
wings-e5e8bd552edb-master-0:57629:57629 [0] NCCL INFO NCCL version 2.28.9+cuda13.0
wings-e5e8bd552edb-master-0:57637:57637 [0] NCCL INFO NCCL version 2.28.9+cuda13.0
wings-e5e8bd552edb-master-0:57634:57634 [0] NCCL INFO NCCL version 2.28.9+cuda13.0
wings-e5e8bd552edb-master-0:57630:57630 [0] NCCL INFO Comm config Blocking set to 1
wings-e5e8bd552edb-master-0:57635:57635 [0] NCCL INFO Comm config Blocking set to 1
wings-e5e8bd552edb-master-0:57638:57638 [0] NCCL INFO Comm config Blocking set to 1
wings-e5e8bd552edb-master-0:57629:57629 [0] NCCL INFO Comm config Blocking set to 1
wings-e5e8bd552edb-master-0:57637:57637 [0] NCCL INFO Comm config Blocking set to 1
wings-e5e8bd552edb-master-0:57636:57636 [0] NCCL INFO Comm config Blocking set to 1
wings-e5e8bd552edb-master-0:57634:57634 [0] NCCL INFO Comm config Blocking set to 1
wings-e5e8bd552edb-master-0:57638:57638 [0] NCCL INFO NET/Plugin: Could not find: libnccl-net.so
wings-e5e8bd552edb-master-0:57638:57638 [0] NCCL INFO NCCL_IB_DISABLE set by environment to 1.
wings-e5e8bd552edb-master-0:57638:57638 [0] NCCL INFO transport/net_ib.cc:852 -> 3
wings-e5e8bd552edb-master-0:57638:57638 [0] NCCL INFO Failed to initialize NET plugin IB
wings-e5e8bd552edb-master-0:57638:57638 [0] NCCL INFO NCCL_SOCKET_IFNAME set by environment to eth
wings-e5e8bd552edb-master-0:57635:57635 [0] NCCL INFO NET/Plugin: Could not find: libnccl-net.so
wings-e5e8bd552edb-master-0:57635:57635 [0] NCCL INFO NCCL_IB_DISABLE set by environment to 1.
wings-e5e8bd552edb-master-0:57635:57635 [0] NCCL INFO transport/net_ib.cc:852 -> 3
wings-e5e8bd552edb-master-0:57635:57635 [0] NCCL INFO Failed to initialize NET plugin IB
wings-e5e8bd552edb-master-0:57635:57635 [0] NCCL INFO NCCL_SOCKET_IFNAME set by environment to eth
wings-e5e8bd552edb-master-0:57629:57629 [0] NCCL INFO NET/Plugin: Could not find: libnccl-net.so
wings-e5e8bd552edb-master-0:57629:57629 [0] NCCL INFO NCCL_IB_DISABLE set by environment to 1.
wings-e5e8bd552edb-master-0:57629:57629 [0] NCCL INFO transport/net_ib.cc:852 -> 3
wings-e5e8bd552edb-master-0:57629:57629 [0] NCCL INFO Failed to initialize NET plugin IB
wings-e5e8bd552edb-master-0:57629:57629 [0] NCCL INFO NCCL_SOCKET_IFNAME set by environment to eth
wings-e5e8bd552edb-master-0:57637:57637 [0] NCCL INFO NET/Plugin: Could not find: libnccl-net.so
wings-e5e8bd552edb-master-0:57637:57637 [0] NCCL INFO NCCL_IB_DISABLE set by environment to 1.
wings-e5e8bd552edb-master-0:57637:57637 [0] NCCL INFO transport/net_ib.cc:852 -> 3
wings-e5e8bd552edb-master-0:57637:57637 [0] NCCL INFO Failed to initialize NET plugin IB
wings-e5e8bd552edb-master-0:57637:57637 [0] NCCL INFO NCCL_SOCKET_IFNAME set by environment to eth
wings-e5e8bd552edb-master-0:57636:57636 [0] NCCL INFO NET/Plugin: Could not find: libnccl-net.so
wings-e5e8bd552edb-master-0:57636:57636 [0] NCCL INFO NCCL_IB_DISABLE set by environment to 1.
wings-e5e8bd552edb-master-0:57636:57636 [0] NCCL INFO transport/net_ib.cc:852 -> 3
wings-e5e8bd552edb-master-0:57636:57636 [0] NCCL INFO Failed to initialize NET plugin IB
wings-e5e8bd552edb-master-0:57636:57636 [0] NCCL INFO NCCL_SOCKET_IFNAME set by environment to eth
wings-e5e8bd552edb-master-0:57630:57630 [0] NCCL INFO NET/Plugin: Could not find: libnccl-net.so
wings-e5e8bd552edb-master-0:57630:57630 [0] NCCL INFO NCCL_IB_DISABLE set by environment to 1.
wings-e5e8bd552edb-master-0:57630:57630 [0] NCCL INFO transport/net_ib.cc:852 -> 3
wings-e5e8bd552edb-master-0:57630:57630 [0] NCCL INFO Failed to initialize NET plugin IB
wings-e5e8bd552edb-master-0:57630:57630 [0] NCCL INFO NCCL_SOCKET_IFNAME set by environment to eth
wings-e5e8bd552edb-master-0:57638:57638 [0] NCCL INFO NET/Socket : Using [0]eth0:33.3.188.228<0> [1]eth1:2001:db8:804:44:2:f000:0:64<0> [2]eth2:2001:db8:804:59:2:f000:0:362<0> [3]eth3:2001:db8:804:6f:2:f000:0:133<0> [4]eth4:2001:db8:804:91:2:f000:0:639<0> [5]eth5:2001:db8:804:132:2:f000:0:434<0> [6]eth6:2001:db8:804:18a:2:f000:0:463<0> [7]eth7:2001:db8:804:301:2:f000:0:230<0> [8]eth8:2001:db8:804:32e:2:f000:0:631<0>
wings-e5e8bd552edb-master-0:57638:57638 [0] NCCL INFO Initialized NET plugin Socket
wings-e5e8bd552edb-master-0:57638:57638 [0] NCCL INFO Assigned NET plugin Socket to comm
wings-e5e8bd552edb-master-0:57638:57638 [0] NCCL INFO Using network Socket
wings-e5e8bd552edb-master-0:57635:57635 [0] NCCL INFO NET/Socket : Using [0]eth0:33.3.188.228<0> [1]eth1:2001:db8:804:44:2:f000:0:64<0> [2]eth2:2001:db8:804:59:2:f000:0:362<0> [3]eth3:2001:db8:804:6f:2:f000:0:133<0> [4]eth4:2001:db8:804:91:2:f000:0:639<0> [5]eth5:2001:db8:804:132:2:f000:0:434<0> [6]eth6:2001:db8:804:18a:2:f000:0:463<0> [7]eth7:2001:db8:804:301:2:f000:0:230<0> [8]eth8:2001:db8:804:32e:2:f000:0:631<0>
wings-e5e8bd552edb-master-0:57635:57635 [0] NCCL INFO Initialized NET plugin Socket
wings-e5e8bd552edb-master-0:57635:57635 [0] NCCL INFO Assigned NET plugin Socket to comm
wings-e5e8bd552edb-master-0:57635:57635 [0] NCCL INFO Using network Socket
wings-e5e8bd552edb-master-0:57630:57630 [0] NCCL INFO NET/Socket : Using [0]eth0:33.3.188.228<0> [1]eth1:2001:db8:804:44:2:f000:0:64<0> [2]eth2:2001:db8:804:59:2:f000:0:362<0> [3]eth3:2001:db8:804:6f:2:f000:0:133<0> [4]eth4:2001:db8:804:91:2:f000:0:639<0> [5]eth5:2001:db8:804:132:2:f000:0:434<0> [6]eth6:2001:db8:804:18a:2:f000:0:463<0> [7]eth7:2001:db8:804:301:2:f000:0:230<0> [8]eth8:2001:db8:804:32e:2:f000:0:631<0>
wings-e5e8bd552edb-master-0:57630:57630 [0] NCCL INFO Initialized NET plugin Socket
wings-e5e8bd552edb-master-0:57630:57630 [0] NCCL INFO Assigned NET plugin Socket to comm
wings-e5e8bd552edb-master-0:57630:57630 [0] NCCL INFO Using network Socket
wings-e5e8bd552edb-master-0:57629:57629 [0] NCCL INFO NET/Socket : Using [0]eth0:33.3.188.228<0> [1]eth1:2001:db8:804:44:2:f000:0:64<0> [2]eth2:2001:db8:804:59:2:f000:0:362<0> [3]eth3:2001:db8:804:6f:2:f000:0:133<0> [4]eth4:2001:db8:804:91:2:f000:0:639<0> [5]eth5:2001:db8:804:132:2:f000:0:434<0> [6]eth6:2001:db8:804:18a:2:f000:0:463<0> [7]eth7:2001:db8:804:301:2:f000:0:230<0> [8]eth8:2001:db8:804:32e:2:f000:0:631<0>
wings-e5e8bd552edb-master-0:57629:57629 [0] NCCL INFO Initialized NET plugin Socket
wings-e5e8bd552edb-master-0:57637:57637 [0] NCCL INFO NET/Socket : Using [0]eth0:33.3.188.228<0> [1]eth1:2001:db8:804:44:2:f000:0:64<0> [2]eth2:2001:db8:804:59:2:f000:0:362<0> [3]eth3:2001:db8:804:6f:2:f000:0:133<0> [4]eth4:2001:db8:804:91:2:f000:0:639<0> [5]eth5:2001:db8:804:132:2:f000:0:434<0> [6]eth6:2001:db8:804:18a:2:f000:0:463<0> [7]eth7:2001:db8:804:301:2:f000:0:230<0> [8]eth8:2001:db8:804:32e:2:f000:0:631<0>
wings-e5e8bd552edb-master-0:57636:57636 [0] NCCL INFO NET/Socket : Using [0]eth0:33.3.188.228<0> [1]eth1:2001:db8:804:44:2:f000:0:64<0> [2]eth2:2001:db8:804:59:2:f000:0:362<0> [3]eth3:2001:db8:804:6f:2:f000:0:133<0> [4]eth4:2001:db8:804:91:2:f000:0:639<0> [5]eth5:2001:db8:804:132:2:f000:0:434<0> [6]eth6:2001:db8:804:18a:2:f000:0:463<0> [7]eth7:2001:db8:804:301:2:f000:0:230<0> [8]eth8:2001:db8:804:32e:2:f000:0:631<0>
wings-e5e8bd552edb-master-0:57637:57637 [0] NCCL INFO Initialized NET plugin Socket
wings-e5e8bd552edb-master-0:57636:57636 [0] NCCL INFO Initialized NET plugin Socket
wings-e5e8bd552edb-master-0:57629:57629 [0] NCCL INFO Assigned NET plugin Socket to comm
wings-e5e8bd552edb-master-0:57629:57629 [0] NCCL INFO Using network Socket
wings-e5e8bd552edb-master-0:57637:57637 [0] NCCL INFO Assigned NET plugin Socket to comm
wings-e5e8bd552edb-master-0:57636:57636 [0] NCCL INFO Assigned NET plugin Socket to comm
wings-e5e8bd552edb-master-0:57637:57637 [0] NCCL INFO Using network Socket
wings-e5e8bd552edb-master-0:57636:57636 [0] NCCL INFO Using network Socket
wings-e5e8bd552edb-master-0:57634:57634 [0] NCCL INFO NET/Plugin: Could not find: libnccl-net.so
wings-e5e8bd552edb-master-0:57634:57634 [0] NCCL INFO NCCL_IB_DISABLE set by environment to 1.
wings-e5e8bd552edb-master-0:57634:57634 [0] NCCL INFO transport/net_ib.cc:852 -> 3
wings-e5e8bd552edb-master-0:57634:57634 [0] NCCL INFO Failed to initialize NET plugin IB
wings-e5e8bd552edb-master-0:57634:57634 [0] NCCL INFO NCCL_SOCKET_IFNAME set by environment to eth
wings-e5e8bd552edb-master-0:57628:57628 [0] NCCL INFO NET/Plugin: Could not find: libnccl-net.so
wings-e5e8bd552edb-master-0:57628:57628 [0] NCCL INFO NCCL_IB_DISABLE set by environment to 1.
wings-e5e8bd552edb-master-0:57628:57628 [0] NCCL INFO transport/net_ib.cc:852 -> 3
wings-e5e8bd552edb-master-0:57628:57628 [0] NCCL INFO Failed to initialize NET plugin IB
wings-e5e8bd552edb-master-0:57628:57628 [0] NCCL INFO NCCL_SOCKET_IFNAME set by environment to eth
wings-e5e8bd552edb-master-0:57628:57628 [0] NCCL INFO NET/Socket : Using [0]eth0:33.3.188.228<0> [1]eth1:2001:db8:804:44:2:f000:0:64<0> [2]eth2:2001:db8:804:59:2:f000:0:362<0> [3]eth3:2001:db8:804:6f:2:f000:0:133<0> [4]eth4:2001:db8:804:91:2:f000:0:639<0> [5]eth5:2001:db8:804:132:2:f000:0:434<0> [6]eth6:2001:db8:804:18a:2:f000:0:463<0> [7]eth7:2001:db8:804:301:2:f000:0:230<0> [8]eth8:2001:db8:804:32e:2:f000:0:631<0>
wings-e5e8bd552edb-master-0:57628:57628 [0] NCCL INFO Initialized NET plugin Socket
wings-e5e8bd552edb-master-0:57634:57634 [0] NCCL INFO NET/Socket : Using [0]eth0:33.3.188.228<0> [1]eth1:2001:db8:804:44:2:f000:0:64<0> [2]eth2:2001:db8:804:59:2:f000:0:362<0> [3]eth3:2001:db8:804:6f:2:f000:0:133<0> [4]eth4:2001:db8:804:91:2:f000:0:639<0> [5]eth5:2001:db8:804:132:2:f000:0:434<0> [6]eth6:2001:db8:804:18a:2:f000:0:463<0> [7]eth7:2001:db8:804:301:2:f000:0:230<0> [8]eth8:2001:db8:804:32e:2:f000:0:631<0>
wings-e5e8bd552edb-master-0:57634:57634 [0] NCCL INFO Initialized NET plugin Socket
wings-e5e8bd552edb-master-0:57628:57628 [0] NCCL INFO Assigned NET plugin Socket to comm
wings-e5e8bd552edb-master-0:57628:57628 [0] NCCL INFO Using network Socket
wings-e5e8bd552edb-master-0:57634:57634 [0] NCCL INFO Assigned NET plugin Socket to comm
wings-e5e8bd552edb-master-0:57634:57634 [0] NCCL INFO Using network Socket
wings-e5e8bd552edb-master-0:57638:57638 [0] NCCL INFO ncclCommInitRankConfig comm 0x55813257e3e0 rank 7 nranks 8 cudaDev 0 nvmlDev 7 busId e4000 commId 0xc0fe5c4c979520f5 - Init START
wings-e5e8bd552edb-master-0:57635:57635 [0] NCCL INFO ncclCommInitRankConfig comm 0x55fcdd97dbe0 rank 4 nranks 8 cudaDev 0 nvmlDev 4 busId 85000 commId 0xc0fe5c4c979520f5 - Init START
wings-e5e8bd552edb-master-0:57634:57634 [0] NCCL INFO ncclCommInitRankConfig comm 0x56255bf7bc60 rank 3 nranks 8 cudaDev 0 nvmlDev 3 busId 67000 commId 0xc0fe5c4c979520f5 - Init START
wings-e5e8bd552edb-master-0:57630:57630 [0] NCCL INFO ncclCommInitRankConfig comm 0x55d905b7de20 rank 2 nranks 8 cudaDev 0 nvmlDev 2 busId 1c000 commId 0xc0fe5c4c979520f5 - Init START
wings-e5e8bd552edb-master-0:57634:57634 [0] NCCL INFO RAS client listening socket at 127.0.0.1<28028>
wings-e5e8bd552edb-master-0:57637:57637 [0] NCCL INFO ncclCommInitRankConfig comm 0x5591c135a0b0 rank 6 nranks 8 cudaDev 0 nvmlDev 6 busId 93000 commId 0xc0fe5c4c979520f5 - Init START
wings-e5e8bd552edb-master-0:57629:57629 [0] NCCL INFO ncclCommInitRankConfig comm 0x555b3eb7c980 rank 1 nranks 8 cudaDev 0 nvmlDev 1 busId 15000 commId 0xc0fe5c4c979520f5 - Init START
wings-e5e8bd552edb-master-0:57630:57630 [0] NCCL INFO RAS client listening socket at 127.0.0.1<28028>
wings-e5e8bd552edb-master-0:57628:57628 [0] NCCL INFO ncclCommInitRankConfig comm 0x557feaf5b690 rank 0 nranks 8 cudaDev 0 nvmlDev 0 busId e000 commId 0xc0fe5c4c979520f5 - Init START
wings-e5e8bd552edb-master-0:57628:57628 [0] NCCL INFO RAS client listening socket at 127.0.0.1<28028>
wings-e5e8bd552edb-master-0:57629:57629 [0] NCCL INFO RAS client listening socket at 127.0.0.1<28028>
wings-e5e8bd552edb-master-0:57638:57638 [0] NCCL INFO RAS client listening socket at 127.0.0.1<28028>
wings-e5e8bd552edb-master-0:57636:57636 [0] NCCL INFO ncclCommInitRankConfig comm 0x565049f5a4f0 rank 5 nranks 8 cudaDev 0 nvmlDev 5 busId 8c000 commId 0xc0fe5c4c979520f5 - Init START
wings-e5e8bd552edb-master-0:57635:57635 [0] NCCL INFO RAS client listening socket at 127.0.0.1<28028>
wings-e5e8bd552edb-master-0:57636:57636 [0] NCCL INFO RAS client listening socket at 127.0.0.1<28028>
wings-e5e8bd552edb-master-0:57637:57637 [0] NCCL INFO RAS client listening socket at 127.0.0.1<28028>
wings-e5e8bd552edb-master-0:57628:57628 [0] NCCL INFO Bootstrap timings total 0.001147 (create 0.000026, send 0.000066, recv 0.000058, ring 0.000714, delay 0.000009)
wings-e5e8bd552edb-master-0:57634:57634 [0] NCCL INFO Bootstrap timings total 0.005391 (create 0.000047, send 0.000075, recv 0.000044, ring 0.003352, delay 0.000008)
wings-e5e8bd552edb-master-0:57630:57630 [0] NCCL INFO Bootstrap timings total 0.003885 (create 0.000045, send 0.000070, recv 0.000030, ring 0.001150, delay 0.000010)
wings-e5e8bd552edb-master-0:57629:57629 [0] NCCL INFO Bootstrap timings total 0.001662 (create 0.000049, send 0.000072, recv 0.000065, ring 0.000686, delay 0.000010)
wings-e5e8bd552edb-master-0:57638:57638 [0] NCCL INFO Bootstrap timings total 0.020150 (create 0.000050, send 0.000069, recv 0.019005, ring 0.000662, delay 0.000011)
wings-e5e8bd552edb-master-0:57635:57635 [0] NCCL INFO Bootstrap timings total 0.016832 (create 0.000044, send 0.000065, recv 0.016266, ring 0.000101, delay 0.000009)
wings-e5e8bd552edb-master-0:57636:57636 [0] NCCL INFO Bootstrap timings total 0.000636 (create 0.000044, send 0.000077, recv 0.000083, ring 0.000093, delay 0.000008)
wings-e5e8bd552edb-master-0:57637:57637 [0] NCCL INFO Bootstrap timings total 0.002146 (create 0.000051, send 0.000092, recv 0.000031, ring 0.000097, delay 0.000009)
wings-e5e8bd552edb-master-0:57638:57638 [0] NCCL INFO MNNVL busId 0xe4000 fabric UUID 0.0 cliqueId 0x0 state 3 healthMask 0x0
wings-e5e8bd552edb-master-0:57628:57628 [0] NCCL INFO MNNVL busId 0xe000 fabric UUID 0.0 cliqueId 0x0 state 3 healthMask 0x0
wings-e5e8bd552edb-master-0:57629:57629 [0] NCCL INFO MNNVL busId 0x15000 fabric UUID 0.0 cliqueId 0x0 state 3 healthMask 0x0
wings-e5e8bd552edb-master-0:57634:57634 [0] NCCL INFO MNNVL busId 0x67000 fabric UUID 0.0 cliqueId 0x0 state 3 healthMask 0x0
wings-e5e8bd552edb-master-0:57630:57630 [0] NCCL INFO MNNVL busId 0x1c000 fabric UUID 0.0 cliqueId 0x0 state 3 healthMask 0x0
wings-e5e8bd552edb-master-0:57635:57635 [0] NCCL INFO MNNVL busId 0x85000 fabric UUID 0.0 cliqueId 0x0 state 3 healthMask 0x0
wings-e5e8bd552edb-master-0:57637:57637 [0] NCCL INFO MNNVL busId 0x93000 fabric UUID 0.0 cliqueId 0x0 state 3 healthMask 0x0
wings-e5e8bd552edb-master-0:57636:57636 [0] NCCL INFO MNNVL busId 0x8c000 fabric UUID 0.0 cliqueId 0x0 state 3 healthMask 0x0
wings-e5e8bd552edb-master-0:57635:57635 [0] NCCL INFO ncclTopoGetCpuAffinity: Affinity for GPU 4 is 48-71,144-167. (GPU affinity = 48-71,144-167 ; CPU affinity = 0-191).
wings-e5e8bd552edb-master-0:57635:57635 [0] NCCL INFO NCCL_NVLS_ENABLE set by environment to 0.
wings-e5e8bd552edb-master-0:57637:57637 [0] NCCL INFO ncclTopoGetCpuAffinity: Affinity for GPU 6 is 48-71,144-167. (GPU affinity = 48-71,144-167 ; CPU affinity = 0-191).
wings-e5e8bd552edb-master-0:57637:57637 [0] NCCL INFO NCCL_NVLS_ENABLE set by environment to 0.
wings-e5e8bd552edb-master-0:57636:57636 [0] NCCL INFO ncclTopoGetCpuAffinity: Affinity for GPU 5 is 48-71,144-167. (GPU affinity = 48-71,144-167 ; CPU affinity = 0-191).
wings-e5e8bd552edb-master-0:57636:57636 [0] NCCL INFO NCCL_NVLS_ENABLE set by environment to 0.
wings-e5e8bd552edb-master-0:57634:57634 [0] NCCL INFO ncclTopoGetCpuAffinity: Affinity for GPU 3 is 24-47,120-143. (GPU affinity = 24-47,120-143 ; CPU affinity = 0-191).
wings-e5e8bd552edb-master-0:57634:57634 [0] NCCL INFO NCCL_NVLS_ENABLE set by environment to 0.
wings-e5e8bd552edb-master-0:57628:57628 [0] NCCL INFO ncclTopoGetCpuAffinity: Affinity for GPU 0 is 0-23,96-119. (GPU affinity = 0-23,96-119 ; CPU affinity = 0-191).
wings-e5e8bd552edb-master-0:57628:57628 [0] NCCL INFO NCCL_NVLS_ENABLE set by environment to 0.
wings-e5e8bd552edb-master-0:57638:57638 [0] NCCL INFO ncclTopoGetCpuAffinity: Affinity for GPU 7 is 72-95,168-191. (GPU affinity = 72-95,168-191 ; CPU affinity = 0-191).
wings-e5e8bd552edb-master-0:57629:57629 [0] NCCL INFO ncclTopoGetCpuAffinity: Affinity for GPU 1 is 0-23,96-119. (GPU affinity = 0-23,96-119 ; CPU affinity = 0-191).
wings-e5e8bd552edb-master-0:57638:57638 [0] NCCL INFO NCCL_NVLS_ENABLE set by environment to 0.
wings-e5e8bd552edb-master-0:57629:57629 [0] NCCL INFO NCCL_NVLS_ENABLE set by environment to 0.
wings-e5e8bd552edb-master-0:57630:57630 [0] NCCL INFO ncclTopoGetCpuAffinity: Affinity for GPU 2 is 0-23,96-119. (GPU affinity = 0-23,96-119 ; CPU affinity = 0-191).
wings-e5e8bd552edb-master-0:57630:57630 [0] NCCL INFO NCCL_NVLS_ENABLE set by environment to 0.
wings-e5e8bd552edb-master-0:57629:57629 [0] NCCL INFO comm 0x555b3eb7c980 rank 1 nRanks 8 nNodes 1 localRanks 8 localRank 1 MNNVL 0
wings-e5e8bd552edb-master-0:57638:57638 [0] NCCL INFO comm 0x55813257e3e0 rank 7 nRanks 8 nNodes 1 localRanks 8 localRank 7 MNNVL 0
wings-e5e8bd552edb-master-0:57637:57637 [0] NCCL INFO comm 0x5591c135a0b0 rank 6 nRanks 8 nNodes 1 localRanks 8 localRank 6 MNNVL 0
wings-e5e8bd552edb-master-0:57628:57628 [0] NCCL INFO comm 0x557feaf5b690 rank 0 nRanks 8 nNodes 1 localRanks 8 localRank 0 MNNVL 0
wings-e5e8bd552edb-master-0:57634:57634 [0] NCCL INFO comm 0x56255bf7bc60 rank 3 nRanks 8 nNodes 1 localRanks 8 localRank 3 MNNVL 0
wings-e5e8bd552edb-master-0:57630:57630 [0] NCCL INFO comm 0x55d905b7de20 rank 2 nRanks 8 nNodes 1 localRanks 8 localRank 2 MNNVL 0
wings-e5e8bd552edb-master-0:57636:57636 [0] NCCL INFO comm 0x565049f5a4f0 rank 5 nRanks 8 nNodes 1 localRanks 8 localRank 5 MNNVL 0
wings-e5e8bd552edb-master-0:57635:57635 [0] NCCL INFO comm 0x55fcdd97dbe0 rank 4 nRanks 8 nNodes 1 localRanks 8 localRank 4 MNNVL 0
wings-e5e8bd552edb-master-0:57629:57629 [0] NCCL INFO Trees [0] 2/-1/-1->1->0 [1] 2/-1/-1->1->0 [2] 2/-1/-1->1->0 [3] 2/-1/-1->1->0 [4] 2/-1/-1->1->0 [5] 2/-1/-1->1->0 [6] 2/-1/-1->1->0 [7] 2/-1/-1->1->0 [8] 2/-1/-1->1->0 [9] 2/-1/-1->1->0 [10] 2/-1/-1->1->0 [11] 2/-1/-1->1->0 [12] 2/-1/-1->1->0 [13] 2/-1/-1->1->0 [14] 2/-1/-1->1->0 [15] 2/-1/-1->1->0 [16] 2/-1/-1->1->0 [17] 2/-1/-1->1->0 [18] 2/-1/-1->1->0 [19] 2/-1/-1->1->0 [20] 2/-1/-1->1->0 [21] 2/-1/-1->1->0 [22] 2/-1/-1->1->0 [23] 2/-1/-1->1->0
wings-e5e8bd552edb-master-0:57638:57638 [0] NCCL INFO Trees [0] -1/-1/-1->7->6 [1] -1/-1/-1->7->6 [2] -1/-1/-1->7->6 [3] -1/-1/-1->7->6 [4] -1/-1/-1->7->6 [5] -1/-1/-1->7->6 [6] -1/-1/-1->7->6 [7] -1/-1/-1->7->6 [8] -1/-1/-1->7->6 [9] -1/-1/-1->7->6 [10] -1/-1/-1->7->6 [11] -1/-1/-1->7->6 [12] -1/-1/-1->7->6 [13] -1/-1/-1->7->6 [14] -1/-1/-1->7->6 [15] -1/-1/-1->7->6 [16] -1/-1/-1->7->6 [17] -1/-1/-1->7->6 [18] -1/-1/-1->7->6 [19] -1/-1/-1->7->6 [20] -1/-1/-1->7->6 [21] -1/-1/-1->7->6 [22] -1/-1/-1->7->6 [23] -1/-1/-1->7->6
wings-e5e8bd552edb-master-0:57637:57637 [0] NCCL INFO Trees [0] 7/-1/-1->6->5 [1] 7/-1/-1->6->5 [2] 7/-1/-1->6->5 [3] 7/-1/-1->6->5 [4] 7/-1/-1->6->5 [5] 7/-1/-1->6->5 [6] 7/-1/-1->6->5 [7] 7/-1/-1->6->5 [8] 7/-1/-1->6->5 [9] 7/-1/-1->6->5 [10] 7/-1/-1->6->5 [11] 7/-1/-1->6->5 [12] 7/-1/-1->6->5 [13] 7/-1/-1->6->5 [14] 7/-1/-1->6->5 [15] 7/-1/-1->6->5 [16] 7/-1/-1->6->5 [17] 7/-1/-1->6->5 [18] 7/-1/-1->6->5 [19] 7/-1/-1->6->5 [20] 7/-1/-1->6->5 [21] 7/-1/-1->6->5 [22] 7/-1/-1->6->5 [23] 7/-1/-1->6->5
wings-e5e8bd552edb-master-0:57629:57629 [0] NCCL INFO P2P Chunksize set to 524288
wings-e5e8bd552edb-master-0:57638:57638 [0] NCCL INFO P2P Chunksize set to 524288
wings-e5e8bd552edb-master-0:57637:57637 [0] NCCL INFO P2P Chunksize set to 524288
wings-e5e8bd552edb-master-0:57634:57634 [0] NCCL INFO Trees [0] 4/-1/-1->3->2 [1] 4/-1/-1->3->2 [2] 4/-1/-1->3->2 [3] 4/-1/-1->3->2 [4] 4/-1/-1->3->2 [5] 4/-1/-1->3->2 [6] 4/-1/-1->3->2 [7] 4/-1/-1->3->2 [8] 4/-1/-1->3->2 [9] 4/-1/-1->3->2 [10] 4/-1/-1->3->2 [11] 4/-1/-1->3->2 [12] 4/-1/-1->3->2 [13] 4/-1/-1->3->2 [14] 4/-1/-1->3->2 [15] 4/-1/-1->3->2 [16] 4/-1/-1->3->2 [17] 4/-1/-1->3->2 [18] 4/-1/-1->3->2 [19] 4/-1/-1->3->2 [20] 4/-1/-1->3->2 [21] 4/-1/-1->3->2 [22] 4/-1/-1->3->2 [23] 4/-1/-1->3->2
wings-e5e8bd552edb-master-0:57636:57636 [0] NCCL INFO Trees [0] 6/-1/-1->5->4 [1] 6/-1/-1->5->4 [2] 6/-1/-1->5->4 [3] 6/-1/-1->5->4 [4] 6/-1/-1->5->4 [5] 6/-1/-1->5->4 [6] 6/-1/-1->5->4 [7] 6/-1/-1->5->4 [8] 6/-1/-1->5->4 [9] 6/-1/-1->5->4 [10] 6/-1/-1->5->4 [11] 6/-1/-1->5->4 [12] 6/-1/-1->5->4 [13] 6/-1/-1->5->4 [14] 6/-1/-1->5->4 [15] 6/-1/-1->5->4 [16] 6/-1/-1->5->4 [17] 6/-1/-1->5->4 [18] 6/-1/-1->5->4 [19] 6/-1/-1->5->4 [20] 6/-1/-1->5->4 [21] 6/-1/-1->5->4 [22] 6/-1/-1->5->4 [23] 6/-1/-1->5->4
wings-e5e8bd552edb-master-0:57628:57628 [0] NCCL INFO Channel 00/24 : 0 1 2 3 4 5 6 7
wings-e5e8bd552edb-master-0:57635:57635 [0] NCCL INFO Trees [0] 5/-1/-1->4->3 [1] 5/-1/-1->4->3 [2] 5/-1/-1->4->3 [3] 5/-1/-1->4->3 [4] 5/-1/-1->4->3 [5] 5/-1/-1->4->3 [6] 5/-1/-1->4->3 [7] 5/-1/-1->4->3 [8] 5/-1/-1->4->3 [9] 5/-1/-1->4->3 [10] 5/-1/-1->4->3 [11] 5/-1/-1->4->3 [12] 5/-1/-1->4->3 [13] 5/-1/-1->4->3 [14] 5/-1/-1->4->3 [15] 5/-1/-1->4->3 [16] 5/-1/-1->4->3 [17] 5/-1/-1->4->3 [18] 5/-1/-1->4->3 [19] 5/-1/-1->4->3 [20] 5/-1/-1->4->3 [21] 5/-1/-1->4->3 [22] 5/-1/-1->4->3 [23] 5/-1/-1->4->3
wings-e5e8bd552edb-master-0:57628:57628 [0] NCCL INFO Channel 01/24 : 0 1 2 3 4 5 6 7
wings-e5e8bd552edb-master-0:57628:57628 [0] NCCL INFO Channel 02/24 : 0 1 2 3 4 5 6 7
wings-e5e8bd552edb-master-0:57628:57628 [0] NCCL INFO Channel 03/24 : 0 1 2 3 4 5 6 7
wings-e5e8bd552edb-master-0:57630:57630 [0] NCCL INFO Trees [0] 3/-1/-1->2->1 [1] 3/-1/-1->2->1 [2] 3/-1/-1->2->1 [3] 3/-1/-1->2->1 [4] 3/-1/-1->2->1 [5] 3/-1/-1->2->1 [6] 3/-1/-1->2->1 [7] 3/-1/-1->2->1 [8] 3/-1/-1->2->1 [9] 3/-1/-1->2->1 [10] 3/-1/-1->2->1 [11] 3/-1/-1->2->1 [12] 3/-1/-1->2->1 [13] 3/-1/-1->2->1 [14] 3/-1/-1->2->1 [15] 3/-1/-1->2->1 [16] 3/-1/-1->2->1 [17] 3/-1/-1->2->1 [18] 3/-1/-1->2->1 [19] 3/-1/-1->2->1 [20] 3/-1/-1->2->1 [21] 3/-1/-1->2->1 [22] 3/-1/-1->2->1 [23] 3/-1/-1->2->1
wings-e5e8bd552edb-master-0:57634:57634 [0] NCCL INFO P2P Chunksize set to 524288
wings-e5e8bd552edb-master-0:57628:57628 [0] NCCL INFO Channel 04/24 : 0 1 2 3 4 5 6 7
wings-e5e8bd552edb-master-0:57628:57628 [0] NCCL INFO Channel 05/24 : 0 1 2 3 4 5 6 7
wings-e5e8bd552edb-master-0:57628:57628 [0] NCCL INFO Channel 06/24 : 0 1 2 3 4 5 6 7
wings-e5e8bd552edb-master-0:57628:57628 [0] NCCL INFO Channel 07/24 : 0 1 2 3 4 5 6 7
wings-e5e8bd552edb-master-0:57628:57628 [0] NCCL INFO Channel 08/24 : 0 1 2 3 4 5 6 7
wings-e5e8bd552edb-master-0:57628:57628 [0] NCCL INFO Channel 09/24 : 0 1 2 3 4 5 6 7
wings-e5e8bd552edb-master-0:57628:57628 [0] NCCL INFO Channel 10/24 : 0 1 2 3 4 5 6 7
wings-e5e8bd552edb-master-0:57628:57628 [0] NCCL INFO Channel 11/24 : 0 1 2 3 4 5 6 7
wings-e5e8bd552edb-master-0:57628:57628 [0] NCCL INFO Channel 12/24 : 0 1 2 3 4 5 6 7
wings-e5e8bd552edb-master-0:57628:57628 [0] NCCL INFO Channel 13/24 : 0 1 2 3 4 5 6 7
wings-e5e8bd552edb-master-0:57628:57628 [0] NCCL INFO Channel 14/24 : 0 1 2 3 4 5 6 7
wings-e5e8bd552edb-master-0:57628:57628 [0] NCCL INFO Channel 15/24 : 0 1 2 3 4 5 6 7
wings-e5e8bd552edb-master-0:57628:57628 [0] NCCL INFO Channel 16/24 : 0 1 2 3 4 5 6 7
wings-e5e8bd552edb-master-0:57628:57628 [0] NCCL INFO Channel 17/24 : 0 1 2 3 4 5 6 7
wings-e5e8bd552edb-master-0:57628:57628 [0] NCCL INFO Channel 18/24 : 0 1 2 3 4 5 6 7
wings-e5e8bd552edb-master-0:57628:57628 [0] NCCL INFO Channel 19/24 : 0 1 2 3 4 5 6 7
wings-e5e8bd552edb-master-0:57628:57628 [0] NCCL INFO Channel 20/24 : 0 1 2 3 4 5 6 7
wings-e5e8bd552edb-master-0:57628:57628 [0] NCCL INFO Channel 21/24 : 0 1 2 3 4 5 6 7
wings-e5e8bd552edb-master-0:57628:57628 [0] NCCL INFO Channel 22/24 : 0 1 2 3 4 5 6 7
wings-e5e8bd552edb-master-0:57630:57630 [0] NCCL INFO P2P Chunksize set to 524288
wings-e5e8bd552edb-master-0:57628:57628 [0] NCCL INFO Channel 23/24 : 0 1 2 3 4 5 6 7
wings-e5e8bd552edb-master-0:57628:57628 [0] NCCL INFO Trees [0] 1/-1/-1->0->-1 [1] 1/-1/-1->0->-1 [2] 1/-1/-1->0->-1 [3] 1/-1/-1->0->-1 [4] 1/-1/-1->0->-1 [5] 1/-1/-1->0->-1 [6] 1/-1/-1->0->-1 [7] 1/-1/-1->0->-1 [8] 1/-1/-1->0->-1 [9] 1/-1/-1->0->-1 [10] 1/-1/-1->0->-1 [11] 1/-1/-1->0->-1 [12] 1/-1/-1->0->-1 [13] 1/-1/-1->0->-1 [14] 1/-1/-1->0->-1 [15] 1/-1/-1->0->-1 [16] 1/-1/-1->0->-1 [17] 1/-1/-1->0->-1 [18] 1/-1/-1->0->-1 [19] 1/-1/-1->0->-1 [20] 1/-1/-1->0->-1 [21] 1/-1/-1->0->-1 [22] 1/-1/-1->0->-1 [23] 1/-1/-1->0->-1
wings-e5e8bd552edb-master-0:57636:57636 [0] NCCL INFO P2P Chunksize set to 524288
wings-e5e8bd552edb-master-0:57635:57635 [0] NCCL INFO P2P Chunksize set to 524288
wings-e5e8bd552edb-master-0:57628:57628 [0] NCCL INFO P2P Chunksize set to 524288
wings-e5e8bd552edb-master-0:57630:57630 [0] NCCL INFO PROFILER/Plugin: Could not find: libnccl-profiler.so
wings-e5e8bd552edb-master-0:57630:57630 [0] NCCL INFO Check P2P Type isAllDirectP2p 1 directMode 0 isAllCudaP2p 1
wings-e5e8bd552edb-master-0:57630:58068 [0] NCCL INFO [Proxy Service] Device 0 CPU core 97
wings-e5e8bd552edb-master-0:57630:58069 [0] NCCL INFO [Proxy Service UDS] Device 0 CPU core 98
wings-e5e8bd552edb-master-0:57638:57638 [0] NCCL INFO PROFILER/Plugin: Could not find: libnccl-profiler.so
wings-e5e8bd552edb-master-0:57638:57638 [0] NCCL INFO Check P2P Type isAllDirectP2p 1 directMode 0 isAllCudaP2p 1
wings-e5e8bd552edb-master-0:57638:58070 [0] NCCL INFO [Proxy Service] Device 0 CPU core 170
wings-e5e8bd552edb-master-0:57638:58071 [0] NCCL INFO [Proxy Service UDS] Device 0 CPU core 172
wings-e5e8bd552edb-master-0:57628:57628 [0] NCCL INFO PROFILER/Plugin: Could not find: libnccl-profiler.so
wings-e5e8bd552edb-master-0:57628:57628 [0] NCCL INFO Check P2P Type isAllDirectP2p 1 directMode 0 isAllCudaP2p 1
wings-e5e8bd552edb-master-0:57628:58072 [0] NCCL INFO [Proxy Service] Device 0 CPU core 1
wings-e5e8bd552edb-master-0:57628:58073 [0] NCCL INFO [Proxy Service UDS] Device 0 CPU core 2
wings-e5e8bd552edb-master-0:57636:57636 [0] NCCL INFO PROFILER/Plugin: Could not find: libnccl-profiler.so
wings-e5e8bd552edb-master-0:57636:57636 [0] NCCL INFO Check P2P Type isAllDirectP2p 1 directMode 0 isAllCudaP2p 1
wings-e5e8bd552edb-master-0:57636:58074 [0] NCCL INFO [Proxy Service] Device 0 CPU core 146
wings-e5e8bd552edb-master-0:57636:58075 [0] NCCL INFO [Proxy Service UDS] Device 0 CPU core 147
wings-e5e8bd552edb-master-0:57629:57629 [0] NCCL INFO PROFILER/Plugin: Could not find: libnccl-profiler.so
wings-e5e8bd552edb-master-0:57629:57629 [0] NCCL INFO Check P2P Type isAllDirectP2p 1 directMode 0 isAllCudaP2p 1
wings-e5e8bd552edb-master-0:57629:58076 [0] NCCL INFO [Proxy Service] Device 0 CPU core 18
wings-e5e8bd552edb-master-0:57629:58077 [0] NCCL INFO [Proxy Service UDS] Device 0 CPU core 19
wings-e5e8bd552edb-master-0:57634:57634 [0] NCCL INFO PROFILER/Plugin: Could not find: libnccl-profiler.so
wings-e5e8bd552edb-master-0:57634:57634 [0] NCCL INFO Check P2P Type isAllDirectP2p 1 directMode 0 isAllCudaP2p 1
wings-e5e8bd552edb-master-0:57634:58078 [0] NCCL INFO [Proxy Service] Device 0 CPU core 122
wings-e5e8bd552edb-master-0:57634:58079 [0] NCCL INFO [Proxy Service UDS] Device 0 CPU core 123
wings-e5e8bd552edb-master-0:57635:57635 [0] NCCL INFO PROFILER/Plugin: Could not find: libnccl-profiler.so
wings-e5e8bd552edb-master-0:57635:57635 [0] NCCL INFO Check P2P Type isAllDirectP2p 1 directMode 0 isAllCudaP2p 1
wings-e5e8bd552edb-master-0:57635:58080 [0] NCCL INFO [Proxy Service] Device 0 CPU core 49
wings-e5e8bd552edb-master-0:57635:58081 [0] NCCL INFO [Proxy Service UDS] Device 0 CPU core 50
wings-e5e8bd552edb-master-0:57637:57637 [0] NCCL INFO PROFILER/Plugin: Could not find: libnccl-profiler.so
wings-e5e8bd552edb-master-0:57637:57637 [0] NCCL INFO Check P2P Type isAllDirectP2p 1 directMode 0 isAllCudaP2p 1
wings-e5e8bd552edb-master-0:57637:58085 [0] NCCL INFO [Proxy Service] Device 0 CPU core 61
wings-e5e8bd552edb-master-0:57637:58086 [0] NCCL INFO [Proxy Service UDS] Device 0 CPU core 63
wings-e5e8bd552edb-master-0:57634:57634 [0] NCCL INFO TUNER/Plugin: Could not find: libnccl-tuner.so
wings-e5e8bd552edb-master-0:57634:57634 [0] NCCL INFO threadThresholds 8/8/64 | 64/8/64 | 512 | 512
wings-e5e8bd552edb-master-0:57634:57634 [0] NCCL INFO 24 coll channels, 24 collnet channels, 0 nvls channels, 32 p2p channels, 32 p2p channels per peer
wings-e5e8bd552edb-master-0:57637:57637 [0] NCCL INFO TUNER/Plugin: Could not find: libnccl-tuner.so
wings-e5e8bd552edb-master-0:57637:57637 [0] NCCL INFO threadThresholds 8/8/64 | 64/8/64 | 512 | 512
wings-e5e8bd552edb-master-0:57637:57637 [0] NCCL INFO 24 coll channels, 24 collnet channels, 0 nvls channels, 32 p2p channels, 32 p2p channels per peer
wings-e5e8bd552edb-master-0:57638:57638 [0] NCCL INFO TUNER/Plugin: Could not find: libnccl-tuner.so
wings-e5e8bd552edb-master-0:57638:57638 [0] NCCL INFO threadThresholds 8/8/64 | 64/8/64 | 512 | 512
wings-e5e8bd552edb-master-0:57638:57638 [0] NCCL INFO 24 coll channels, 24 collnet channels, 0 nvls channels, 32 p2p channels, 32 p2p channels per peer
wings-e5e8bd552edb-master-0:57629:57629 [0] NCCL INFO TUNER/Plugin: Could not find: libnccl-tuner.so
wings-e5e8bd552edb-master-0:57629:57629 [0] NCCL INFO threadThresholds 8/8/64 | 64/8/64 | 512 | 512
wings-e5e8bd552edb-master-0:57629:57629 [0] NCCL INFO 24 coll channels, 24 collnet channels, 0 nvls channels, 32 p2p channels, 32 p2p channels per peer
wings-e5e8bd552edb-master-0:57630:57630 [0] NCCL INFO TUNER/Plugin: Could not find: libnccl-tuner.so
wings-e5e8bd552edb-master-0:57630:57630 [0] NCCL INFO threadThresholds 8/8/64 | 64/8/64 | 512 | 512
wings-e5e8bd552edb-master-0:57630:57630 [0] NCCL INFO 24 coll channels, 24 collnet channels, 0 nvls channels, 32 p2p channels, 32 p2p channels per peer
wings-e5e8bd552edb-master-0:57636:57636 [0] NCCL INFO TUNER/Plugin: Could not find: libnccl-tuner.so
wings-e5e8bd552edb-master-0:57636:57636 [0] NCCL INFO threadThresholds 8/8/64 | 64/8/64 | 512 | 512
wings-e5e8bd552edb-master-0:57636:57636 [0] NCCL INFO 24 coll channels, 24 collnet channels, 0 nvls channels, 32 p2p channels, 32 p2p channels per peer
wings-e5e8bd552edb-master-0:57628:57628 [0] NCCL INFO TUNER/Plugin: Could not find: libnccl-tuner.so
wings-e5e8bd552edb-master-0:57628:57628 [0] NCCL INFO threadThresholds 8/8/64 | 64/8/64 | 512 | 512
wings-e5e8bd552edb-master-0:57628:57628 [0] NCCL INFO 24 coll channels, 24 collnet channels, 0 nvls channels, 32 p2p channels, 32 p2p channels per peer
wings-e5e8bd552edb-master-0:57628:57628 [0] NCCL INFO CC Off, workFifoBytes 1048576
wings-e5e8bd552edb-master-0:57635:57635 [0] NCCL INFO TUNER/Plugin: Could not find: libnccl-tuner.so
wings-e5e8bd552edb-master-0:57635:57635 [0] NCCL INFO threadThresholds 8/8/64 | 64/8/64 | 512 | 512
wings-e5e8bd552edb-master-0:57635:57635 [0] NCCL INFO 24 coll channels, 24 collnet channels, 0 nvls channels, 32 p2p channels, 32 p2p channels per peer
wings-e5e8bd552edb-master-0:57638:57638 [0] NCCL INFO ncclCommInitRankConfig comm 0x55813257e3e0 rank 7 nranks 8 cudaDev 0 nvmlDev 7 busId e4000 commId 0xc0fe5c4c979520f5 - Init COMPLETE
wings-e5e8bd552edb-master-0:57634:57634 [0] NCCL INFO ncclCommInitRankConfig comm 0x56255bf7bc60 rank 3 nranks 8 cudaDev 0 nvmlDev 3 busId 67000 commId 0xc0fe5c4c979520f5 - Init COMPLETE
wings-e5e8bd552edb-master-0:57638:57638 [0] NCCL INFO Init timings - ncclCommInitRankConfig: rank 7 nranks 8 total 1.73 (kernels 0.41, alloc 0.96, bootstrap 0.02, allgathers 0.01, topo 0.08, graphs 0.02, connections 0.20, rest 0.03)
wings-e5e8bd552edb-master-0:57634:57634 [0] NCCL INFO Init timings - ncclCommInitRankConfig: rank 3 nranks 8 total 1.73 (kernels 0.41, alloc 0.97, bootstrap 0.01, allgathers 0.00, topo 0.08, graphs 0.03, connections 0.19, rest 0.03)
wings-e5e8bd552edb-master-0:57629:57629 [0] NCCL INFO ncclCommInitRankConfig comm 0x555b3eb7c980 rank 1 nranks 8 cudaDev 0 nvmlDev 1 busId 15000 commId 0xc0fe5c4c979520f5 - Init COMPLETE
wings-e5e8bd552edb-master-0:57637:57637 [0] NCCL INFO ncclCommInitRankConfig comm 0x5591c135a0b0 rank 6 nranks 8 cudaDev 0 nvmlDev 6 busId 93000 commId 0xc0fe5c4c979520f5 - Init COMPLETE
wings-e5e8bd552edb-master-0:57630:57630 [0] NCCL INFO ncclCommInitRankConfig comm 0x55d905b7de20 rank 2 nranks 8 cudaDev 0 nvmlDev 2 busId 1c000 commId 0xc0fe5c4c979520f5 - Init COMPLETE
wings-e5e8bd552edb-master-0:57636:57636 [0] NCCL INFO ncclCommInitRankConfig comm 0x565049f5a4f0 rank 5 nranks 8 cudaDev 0 nvmlDev 5 busId 8c000 commId 0xc0fe5c4c979520f5 - Init COMPLETE
wings-e5e8bd552edb-master-0:57629:57629 [0] NCCL INFO Init timings - ncclCommInitRankConfig: rank 1 nranks 8 total 1.73 (kernels 0.41, alloc 0.98, bootstrap 0.00, allgathers 0.01, topo 0.08, graphs 0.02, connections 0.20, rest 0.03)
wings-e5e8bd552edb-master-0:57637:57637 [0] NCCL INFO Init timings - ncclCommInitRankConfig: rank 6 nranks 8 total 1.73 (kernels 0.41, alloc 0.98, bootstrap 0.00, allgathers 0.01, topo 0.08, graphs 0.02, connections 0.09, rest 0.14)
wings-e5e8bd552edb-master-0:57630:57630 [0] NCCL INFO Init timings - ncclCommInitRankConfig: rank 2 nranks 8 total 1.73 (kernels 0.41, alloc 0.98, bootstrap 0.00, allgathers 0.00, topo 0.08, graphs 0.03, connections 0.20, rest 0.02)
wings-e5e8bd552edb-master-0:57628:57628 [0] NCCL INFO ncclCommInitRankConfig comm 0x557feaf5b690 rank 0 nranks 8 cudaDev 0 nvmlDev 0 busId e000 commId 0xc0fe5c4c979520f5 - Init COMPLETE
wings-e5e8bd552edb-master-0:57636:57636 [0] NCCL INFO Init timings - ncclCommInitRankConfig: rank 5 nranks 8 total 1.73 (kernels 0.41, alloc 0.98, bootstrap 0.00, allgathers 0.00, topo 0.08, graphs 0.03, connections 0.20, rest 0.03)
wings-e5e8bd552edb-master-0:57628:57628 [0] NCCL INFO Init timings - ncclCommInitRankConfig: rank 0 nranks 8 total 1.73 (kernels 0.42, alloc 0.98, bootstrap 0.00, allgathers 0.00, topo 0.08, graphs 0.03, connections 0.20, rest 0.03)
wings-e5e8bd552edb-master-0:57635:57635 [0] NCCL INFO ncclCommInitRankConfig comm 0x55fcdd97dbe0 rank 4 nranks 8 cudaDev 0 nvmlDev 4 busId 85000 commId 0xc0fe5c4c979520f5 - Init COMPLETE
wings-e5e8bd552edb-master-0:57635:57635 [0] NCCL INFO Init timings - ncclCommInitRankConfig: rank 4 nranks 8 total 1.73 (kernels 0.41, alloc 0.96, bootstrap 0.02, allgathers 0.00, topo 0.08, graphs 0.03, connections 0.20, rest 0.03)
wings-e5e8bd552edb-master-0:57629:57629 [0] NCCL INFO Channel 00/0 : 1[1] -> 2[2] via P2P/CUMEM
wings-e5e8bd552edb-master-0:57629:57629 [0] NCCL INFO Channel 01/0 : 1[1] -> 2[2] via P2P/CUMEM
wings-e5e8bd552edb-master-0:57629:57629 [0] NCCL INFO Channel 02/0 : 1[1] -> 2[2] via P2P/CUMEM
wings-e5e8bd552edb-master-0:57629:57629 [0] NCCL INFO Channel 03/0 : 1[1] -> 2[2] via P2P/CUMEM
wings-e5e8bd552edb-master-0:57638:57638 [0] NCCL INFO Channel 00/0 : 7[7] -> 0[0] via P2P/CUMEM
wings-e5e8bd552edb-master-0:57638:57638 [0] NCCL INFO Channel 01/0 : 7[7] -> 0[0] via P2P/CUMEM
wings-e5e8bd552edb-master-0:57629:57629 [0] NCCL INFO Channel 04/0 : 1[1] -> 2[2] via P2P/CUMEM
wings-e5e8bd552edb-master-0:57628:57628 [0] NCCL INFO Channel 00/0 : 0[0] -> 1[1] via P2P/CUMEM
wings-e5e8bd552edb-master-0:57638:57638 [0] NCCL INFO Channel 02/0 : 7[7] -> 0[0] via P2P/CUMEM
wings-e5e8bd552edb-master-0:57628:57628 [0] NCCL INFO Channel 01/0 : 0[0] -> 1[1] via P2P/CUMEM
wings-e5e8bd552edb-master-0:57635:57635 [0] NCCL INFO Channel 00/0 : 4[4] -> 5[5] via P2P/CUMEM
wings-e5e8bd552edb-master-0:57629:57629 [0] NCCL INFO Channel 05/0 : 1[1] -> 2[2] via P2P/CUMEM
wings-e5e8bd552edb-master-0:57638:57638 [0] NCCL INFO Channel 03/0 : 7[7] -> 0[0] via P2P/CUMEM
wings-e5e8bd552edb-master-0:57635:57635 [0] NCCL INFO Channel 01/0 : 4[4] -> 5[5] via P2P/CUMEM
wings-e5e8bd552edb-master-0:57634:57634 [0] NCCL INFO Channel 00/0 : 3[3] -> 4[4] via P2P/CUMEM
wings-e5e8bd552edb-master-0:57628:57628 [0] NCCL INFO Channel 02/0 : 0[0] -> 1[1] via P2P/CUMEM
wings-e5e8bd552edb-master-0:57629:57629 [0] NCCL INFO Channel 06/0 : 1[1] -> 2[2] via P2P/CUMEM
wings-e5e8bd552edb-master-0:57635:57635 [0] NCCL INFO Channel 02/0 : 4[4] -> 5[5] via P2P/CUMEM
wings-e5e8bd552edb-master-0:57638:57638 [0] NCCL INFO Channel 04/0 : 7[7] -> 0[0] via P2P/CUMEM
wings-e5e8bd552edb-master-0:57634:57634 [0] NCCL INFO Channel 01/0 : 3[3] -> 4[4] via P2P/CUMEM
wings-e5e8bd552edb-master-0:57629:57629 [0] NCCL INFO Channel 07/0 : 1[1] -> 2[2] via P2P/CUMEM
wings-e5e8bd552edb-master-0:57628:57628 [0] NCCL INFO Channel 03/0 : 0[0] -> 1[1] via P2P/CUMEM
wings-e5e8bd552edb-master-0:57635:57635 [0] NCCL INFO Channel 03/0 : 4[4] -> 5[5] via P2P/CUMEM
wings-e5e8bd552edb-master-0:57638:57638 [0] NCCL INFO Channel 05/0 : 7[7] -> 0[0] via P2P/CUMEM
wings-e5e8bd552edb-master-0:57634:57634 [0] NCCL INFO Channel 02/0 : 3[3] -> 4[4] via P2P/CUMEM
wings-e5e8bd552edb-master-0:57636:57636 [0] NCCL INFO Channel 00/0 : 5[5] -> 6[6] via P2P/CUMEM
wings-e5e8bd552edb-master-0:57637:57637 [0] NCCL INFO Channel 00/0 : 6[6] -> 7[7] via P2P/CUMEM
wings-e5e8bd552edb-master-0:57629:57629 [0] NCCL INFO Channel 08/0 : 1[1] -> 2[2] via P2P/CUMEM
wings-e5e8bd552edb-master-0:57628:57628 [0] NCCL INFO Channel 04/0 : 0[0] -> 1[1] via P2P/CUMEM
wings-e5e8bd552edb-master-0:57638:57638 [0] NCCL INFO Channel 06/0 : 7[7] -> 0[0] via P2P/CUMEM
wings-e5e8bd552edb-master-0:57635:57635 [0] NCCL INFO Channel 04/0 : 4[4] -> 5[5] via P2P/CUMEM
wings-e5e8bd552edb-master-0:57637:57637 [0] NCCL INFO Channel 01/0 : 6[6] -> 7[7] via P2P/CUMEM
wings-e5e8bd552edb-master-0:57634:57634 [0] NCCL INFO Channel 03/0 : 3[3] -> 4[4] via P2P/CUMEM
wings-e5e8bd552edb-master-0:57636:57636 [0] NCCL INFO Channel 01/0 : 5[5] -> 6[6] via P2P/CUMEM
wings-e5e8bd552edb-master-0:57629:57629 [0] NCCL INFO Channel 09/0 : 1[1] -> 2[2] via P2P/CUMEM
wings-e5e8bd552edb-master-0:57637:57637 [0] NCCL INFO Channel 02/0 : 6[6] -> 7[7] via P2P/CUMEM
wings-e5e8bd552edb-master-0:57634:57634 [0] NCCL INFO Channel 04/0 : 3[3] -> 4[4] via P2P/CUMEM
wings-e5e8bd552edb-master-0:57638:57638 [0] NCCL INFO Channel 07/0 : 7[7] -> 0[0] via P2P/CUMEM
wings-e5e8bd552edb-master-0:57628:57628 [0] NCCL INFO Channel 05/0 : 0[0] -> 1[1] via P2P/CUMEM
wings-e5e8bd552edb-master-0:57635:57635 [0] NCCL INFO Channel 05/0 : 4[4] -> 5[5] via P2P/CUMEM
wings-e5e8bd552edb-master-0:57630:57630 [0] NCCL INFO Channel 00/0 : 2[2] -> 3[3] via P2P/CUMEM
wings-e5e8bd552edb-master-0:57628:57628 [0] NCCL INFO Channel 06/0 : 0[0] -> 1[1] via P2P/CUMEM
wings-e5e8bd552edb-master-0:57636:57636 [0] NCCL INFO Channel 02/0 : 5[5] -> 6[6] via P2P/CUMEM
wings-e5e8bd552edb-master-0:57630:57630 [0] NCCL INFO Channel 01/0 : 2[2] -> 3[3] via P2P/CUMEM
wings-e5e8bd552edb-master-0:57637:57637 [0] NCCL INFO Channel 03/0 : 6[6] -> 7[7] via P2P/CUMEM
wings-e5e8bd552edb-master-0:57634:57634 [0] NCCL INFO Channel 05/0 : 3[3] -> 4[4] via P2P/CUMEM
wings-e5e8bd552edb-master-0:57629:57629 [0] NCCL INFO Channel 10/0 : 1[1] -> 2[2] via P2P/CUMEM
wings-e5e8bd552edb-master-0:57628:57628 [0] NCCL INFO Channel 07/0 : 0[0] -> 1[1] via P2P/CUMEM
wings-e5e8bd552edb-master-0:57638:57638 [0] NCCL INFO Channel 08/0 : 7[7] -> 0[0] via P2P/CUMEM
wings-e5e8bd552edb-master-0:57635:57635 [0] NCCL INFO Channel 06/0 : 4[4] -> 5[5] via P2P/CUMEM
wings-e5e8bd552edb-master-0:57629:57629 [0] NCCL INFO Channel 11/0 : 1[1] -> 2[2] via P2P/CUMEM
wings-e5e8bd552edb-master-0:57630:57630 [0] NCCL INFO Channel 02/0 : 2[2] -> 3[3] via P2P/CUMEM
wings-e5e8bd552edb-master-0:57636:57636 [0] NCCL INFO Channel 03/0 : 5[5] -> 6[6] via P2P/CUMEM
wings-e5e8bd552edb-master-0:57630:57630 [0] NCCL INFO Channel 03/0 : 2[2] -> 3[3] via P2P/CUMEM
wings-e5e8bd552edb-master-0:57634:57634 [0] NCCL INFO Channel 06/0 : 3[3] -> 4[4] via P2P/CUMEM
wings-e5e8bd552edb-master-0:57635:57635 [0] NCCL INFO Channel 07/0 : 4[4] -> 5[5] via P2P/CUMEM
wings-e5e8bd552edb-master-0:57638:57638 [0] NCCL INFO Channel 09/0 : 7[7] -> 0[0] via P2P/CUMEM
wings-e5e8bd552edb-master-0:57628:57628 [0] NCCL INFO Channel 08/0 : 0[0] -> 1[1] via P2P/CUMEM
wings-e5e8bd552edb-master-0:57637:57637 [0] NCCL INFO Channel 04/0 : 6[6] -> 7[7] via P2P/CUMEM
wings-e5e8bd552edb-master-0:57629:57629 [0] NCCL INFO Channel 12/0 : 1[1] -> 2[2] via P2P/CUMEM
wings-e5e8bd552edb-master-0:57630:57630 [0] NCCL INFO Channel 04/0 : 2[2] -> 3[3] via P2P/CUMEM
wings-e5e8bd552edb-master-0:57634:57634 [0] NCCL INFO Channel 07/0 : 3[3] -> 4[4] via P2P/CUMEM
wings-e5e8bd552edb-master-0:57635:57635 [0] NCCL INFO Channel 08/0 : 4[4] -> 5[5] via P2P/CUMEM
wings-e5e8bd552edb-master-0:57638:57638 [0] NCCL INFO Channel 10/0 : 7[7] -> 0[0] via P2P/CUMEM
wings-e5e8bd552edb-master-0:57636:57636 [0] NCCL INFO Channel 04/0 : 5[5] -> 6[6] via P2P/CUMEM
wings-e5e8bd552edb-master-0:57635:57635 [0] NCCL INFO Channel 09/0 : 4[4] -> 5[5] via P2P/CUMEM
wings-e5e8bd552edb-master-0:57638:57638 [0] NCCL INFO Channel 11/0 : 7[7] -> 0[0] via P2P/CUMEM
wings-e5e8bd552edb-master-0:57637:57637 [0] NCCL INFO Channel 05/0 : 6[6] -> 7[7] via P2P/CUMEM
wings-e5e8bd552edb-master-0:57635:57635 [0] NCCL INFO Channel 10/0 : 4[4] -> 5[5] via P2P/CUMEM
wings-e5e8bd552edb-master-0:57629:57629 [0] NCCL INFO Channel 13/0 : 1[1] -> 2[2] via P2P/CUMEM
wings-e5e8bd552edb-master-0:57630:57630 [0] NCCL INFO Channel 05/0 : 2[2] -> 3[3] via P2P/CUMEM
wings-e5e8bd552edb-master-0:57634:57634 [0] NCCL INFO Channel 08/0 : 3[3] -> 4[4] via P2P/CUMEM
wings-e5e8bd552edb-master-0:57638:57638 [0] NCCL INFO Channel 12/0 : 7[7] -> 0[0] via P2P/CUMEM
wings-e5e8bd552edb-master-0:57628:57628 [0] NCCL INFO Channel 09/0 : 0[0] -> 1[1] via P2P/CUMEM
wings-e5e8bd552edb-master-0:57636:57636 [0] NCCL INFO Channel 05/0 : 5[5] -> 6[6] via P2P/CUMEM
wings-e5e8bd552edb-master-0:57629:57629 [0] NCCL INFO Channel 14/0 : 1[1] -> 2[2] via P2P/CUMEM
wings-e5e8bd552edb-master-0:57637:57637 [0] NCCL INFO Channel 06/0 : 6[6] -> 7[7] via P2P/CUMEM
wings-e5e8bd552edb-master-0:57634:57634 [0] NCCL INFO Channel 09/0 : 3[3] -> 4[4] via P2P/CUMEM
wings-e5e8bd552edb-master-0:57630:57630 [0] NCCL INFO Channel 06/0 : 2[2] -> 3[3] via P2P/CUMEM
wings-e5e8bd552edb-master-0:57629:57629 [0] NCCL INFO Channel 15/0 : 1[1] -> 2[2] via P2P/CUMEM
wings-e5e8bd552edb-master-0:57638:57638 [0] NCCL INFO Channel 13/0 : 7[7] -> 0[0] via P2P/CUMEM
wings-e5e8bd552edb-master-0:57635:57635 [0] NCCL INFO Channel 11/0 : 4[4] -> 5[5] via P2P/CUMEM
wings-e5e8bd552edb-master-0:57628:57628 [0] NCCL INFO Channel 10/0 : 0[0] -> 1[1] via P2P/CUMEM
wings-e5e8bd552edb-master-0:57638:57638 [0] NCCL INFO Channel 14/0 : 7[7] -> 0[0] via P2P/CUMEM
wings-e5e8bd552edb-master-0:57636:57636 [0] NCCL INFO Channel 06/0 : 5[5] -> 6[6] via P2P/CUMEM
wings-e5e8bd552edb-master-0:57637:57637 [0] NCCL INFO Channel 07/0 : 6[6] -> 7[7] via P2P/CUMEM
wings-e5e8bd552edb-master-0:57634:57634 [0] NCCL INFO Channel 10/0 : 3[3] -> 4[4] via P2P/CUMEM
wings-e5e8bd552edb-master-0:57630:57630 [0] NCCL INFO Channel 07/0 : 2[2] -> 3[3] via P2P/CUMEM
wings-e5e8bd552edb-master-0:57629:57629 [0] NCCL INFO Channel 16/0 : 1[1] -> 2[2] via P2P/CUMEM
wings-e5e8bd552edb-master-0:57635:57635 [0] NCCL INFO Channel 12/0 : 4[4] -> 5[5] via P2P/CUMEM
wings-e5e8bd552edb-master-0:57628:57628 [0] NCCL INFO Channel 11/0 : 0[0] -> 1[1] via P2P/CUMEM
wings-e5e8bd552edb-master-0:57638:57638 [0] NCCL INFO Channel 15/0 : 7[7] -> 0[0] via P2P/CUMEM
wings-e5e8bd552edb-master-0:57635:57635 [0] NCCL INFO Channel 13/0 : 4[4] -> 5[5] via P2P/CUMEM
wings-e5e8bd552edb-master-0:57636:57636 [0] NCCL INFO Channel 07/0 : 5[5] -> 6[6] via P2P/CUMEM
wings-e5e8bd552edb-master-0:57635:57635 [0] NCCL INFO Channel 14/0 : 4[4] -> 5[5] via P2P/CUMEM
wings-e5e8bd552edb-master-0:57634:57634 [0] NCCL INFO Channel 11/0 : 3[3] -> 4[4] via P2P/CUMEM
wings-e5e8bd552edb-master-0:57630:57630 [0] NCCL INFO Channel 08/0 : 2[2] -> 3[3] via P2P/CUMEM
wings-e5e8bd552edb-master-0:57629:57629 [0] NCCL INFO Channel 17/0 : 1[1] -> 2[2] via P2P/CUMEM
wings-e5e8bd552edb-master-0:57628:57628 [0] NCCL INFO Channel 12/0 : 0[0] -> 1[1] via P2P/CUMEM
wings-e5e8bd552edb-master-0:57637:57637 [0] NCCL INFO Channel 08/0 : 6[6] -> 7[7] via P2P/CUMEM
wings-e5e8bd552edb-master-0:57638:57638 [0] NCCL INFO Channel 16/0 : 7[7] -> 0[0] via P2P/CUMEM
wings-e5e8bd552edb-master-0:57636:57636 [0] NCCL INFO Channel 08/0 : 5[5] -> 6[6] via P2P/CUMEM
wings-e5e8bd552edb-master-0:57635:57635 [0] NCCL INFO Channel 15/0 : 4[4] -> 5[5] via P2P/CUMEM
wings-e5e8bd552edb-master-0:57634:57634 [0] NCCL INFO Channel 12/0 : 3[3] -> 4[4] via P2P/CUMEM
wings-e5e8bd552edb-master-0:57636:57636 [0] NCCL INFO Channel 09/0 : 5[5] -> 6[6] via P2P/CUMEM
wings-e5e8bd552edb-master-0:57637:57637 [0] NCCL INFO Channel 09/0 : 6[6] -> 7[7] via P2P/CUMEM
wings-e5e8bd552edb-master-0:57629:57629 [0] NCCL INFO Channel 18/0 : 1[1] -> 2[2] via P2P/CUMEM
wings-e5e8bd552edb-master-0:57635:57635 [0] NCCL INFO Channel 16/0 : 4[4] -> 5[5] via P2P/CUMEM
wings-e5e8bd552edb-master-0:57638:57638 [0] NCCL INFO Channel 17/0 : 7[7] -> 0[0] via P2P/CUMEM
wings-e5e8bd552edb-master-0:57634:57634 [0] NCCL INFO Channel 13/0 : 3[3] -> 4[4] via P2P/CUMEM
wings-e5e8bd552edb-master-0:57638:57638 [0] NCCL INFO Channel 18/0 : 7[7] -> 0[0] via P2P/CUMEM
wings-e5e8bd552edb-master-0:57628:57628 [0] NCCL INFO Channel 13/0 : 0[0] -> 1[1] via P2P/CUMEM
wings-e5e8bd552edb-master-0:57636:57636 [0] NCCL INFO Channel 10/0 : 5[5] -> 6[6] via P2P/CUMEM
wings-e5e8bd552edb-master-0:57630:57630 [0] NCCL INFO Channel 09/0 : 2[2] -> 3[3] via P2P/CUMEM
wings-e5e8bd552edb-master-0:57628:57628 [0] NCCL INFO Channel 14/0 : 0[0] -> 1[1] via P2P/CUMEM
wings-e5e8bd552edb-master-0:57634:57634 [0] NCCL INFO Channel 14/0 : 3[3] -> 4[4] via P2P/CUMEM
wings-e5e8bd552edb-master-0:57635:57635 [0] NCCL INFO Channel 17/0 : 4[4] -> 5[5] via P2P/CUMEM
wings-e5e8bd552edb-master-0:57638:57638 [0] NCCL INFO Channel 19/0 : 7[7] -> 0[0] via P2P/CUMEM
wings-e5e8bd552edb-master-0:57629:57629 [0] NCCL INFO Channel 19/0 : 1[1] -> 2[2] via P2P/CUMEM
wings-e5e8bd552edb-master-0:57635:57635 [0] NCCL INFO Channel 18/0 : 4[4] -> 5[5] via P2P/CUMEM
wings-e5e8bd552edb-master-0:57636:57636 [0] NCCL INFO Channel 11/0 : 5[5] -> 6[6] via P2P/CUMEM
wings-e5e8bd552edb-master-0:57630:57630 [0] NCCL INFO Channel 10/0 : 2[2] -> 3[3] via P2P/CUMEM
wings-e5e8bd552edb-master-0:57637:57637 [0] NCCL INFO Channel 10/0 : 6[6] -> 7[7] via P2P/CUMEM
wings-e5e8bd552edb-master-0:57638:57638 [0] NCCL INFO Channel 20/0 : 7[7] -> 0[0] via P2P/CUMEM
wings-e5e8bd552edb-master-0:57629:57629 [0] NCCL INFO Channel 20/0 : 1[1] -> 2[2] via P2P/CUMEM
wings-e5e8bd552edb-master-0:57634:57634 [0] NCCL INFO Channel 15/0 : 3[3] -> 4[4] via P2P/CUMEM
wings-e5e8bd552edb-master-0:57635:57635 [0] NCCL INFO Channel 19/0 : 4[4] -> 5[5] via P2P/CUMEM
wings-e5e8bd552edb-master-0:57628:57628 [0] NCCL INFO Channel 15/0 : 0[0] -> 1[1] via P2P/CUMEM
wings-e5e8bd552edb-master-0:57636:57636 [0] NCCL INFO Channel 12/0 : 5[5] -> 6[6] via P2P/CUMEM
wings-e5e8bd552edb-master-0:57638:57638 [0] NCCL INFO Channel 21/0 : 7[7] -> 0[0] via P2P/CUMEM
wings-e5e8bd552edb-master-0:57630:57630 [0] NCCL INFO Channel 11/0 : 2[2] -> 3[3] via P2P/CUMEM
wings-e5e8bd552edb-master-0:57637:57637 [0] NCCL INFO Channel 11/0 : 6[6] -> 7[7] via P2P/CUMEM
wings-e5e8bd552edb-master-0:57629:57629 [0] NCCL INFO Channel 21/0 : 1[1] -> 2[2] via P2P/CUMEM
wings-e5e8bd552edb-master-0:57635:57635 [0] NCCL INFO Channel 20/0 : 4[4] -> 5[5] via P2P/CUMEM
wings-e5e8bd552edb-master-0:57628:57628 [0] NCCL INFO Channel 16/0 : 0[0] -> 1[1] via P2P/CUMEM
wings-e5e8bd552edb-master-0:57638:57638 [0] NCCL INFO Channel 22/0 : 7[7] -> 0[0] via P2P/CUMEM
wings-e5e8bd552edb-master-0:57634:57634 [0] NCCL INFO Channel 16/0 : 3[3] -> 4[4] via P2P/CUMEM
wings-e5e8bd552edb-master-0:57636:57636 [0] NCCL INFO Channel 13/0 : 5[5] -> 6[6] via P2P/CUMEM
wings-e5e8bd552edb-master-0:57637:57637 [0] NCCL INFO Channel 12/0 : 6[6] -> 7[7] via P2P/CUMEM
wings-e5e8bd552edb-master-0:57629:57629 [0] NCCL INFO Channel 22/0 : 1[1] -> 2[2] via P2P/CUMEM
wings-e5e8bd552edb-master-0:57635:57635 [0] NCCL INFO Channel 21/0 : 4[4] -> 5[5] via P2P/CUMEM
wings-e5e8bd552edb-master-0:57628:57628 [0] NCCL INFO Channel 17/0 : 0[0] -> 1[1] via P2P/CUMEM
wings-e5e8bd552edb-master-0:57630:57630 [0] NCCL INFO Channel 12/0 : 2[2] -> 3[3] via P2P/CUMEM
wings-e5e8bd552edb-master-0:57638:57638 [0] NCCL INFO Channel 23/0 : 7[7] -> 0[0] via P2P/CUMEM
wings-e5e8bd552edb-master-0:57634:57634 [0] NCCL INFO Channel 17/0 : 3[3] -> 4[4] via P2P/CUMEM
wings-e5e8bd552edb-master-0:57636:57636 [0] NCCL INFO Channel 14/0 : 5[5] -> 6[6] via P2P/CUMEM
wings-e5e8bd552edb-master-0:57629:57629 [0] NCCL INFO Channel 23/0 : 1[1] -> 2[2] via P2P/CUMEM
wings-e5e8bd552edb-master-0:57635:57635 [0] NCCL INFO Channel 22/0 : 4[4] -> 5[5] via P2P/CUMEM
wings-e5e8bd552edb-master-0:57630:57630 [0] NCCL INFO Channel 13/0 : 2[2] -> 3[3] via P2P/CUMEM
wings-e5e8bd552edb-master-0:57628:57628 [0] NCCL INFO Channel 18/0 : 0[0] -> 1[1] via P2P/CUMEM
wings-e5e8bd552edb-master-0:57637:57637 [0] NCCL INFO Channel 13/0 : 6[6] -> 7[7] via P2P/CUMEM
wings-e5e8bd552edb-master-0:57634:57634 [0] NCCL INFO Channel 18/0 : 3[3] -> 4[4] via P2P/CUMEM
wings-e5e8bd552edb-master-0:57636:57636 [0] NCCL INFO Channel 15/0 : 5[5] -> 6[6] via P2P/CUMEM
wings-e5e8bd552edb-master-0:57637:57637 [0] NCCL INFO Channel 14/0 : 6[6] -> 7[7] via P2P/CUMEM
wings-e5e8bd552edb-master-0:57630:57630 [0] NCCL INFO Channel 14/0 : 2[2] -> 3[3] via P2P/CUMEM
wings-e5e8bd552edb-master-0:57628:57628 [0] NCCL INFO Channel 19/0 : 0[0] -> 1[1] via P2P/CUMEM
wings-e5e8bd552edb-master-0:57636:57636 [0] NCCL INFO Channel 16/0 : 5[5] -> 6[6] via P2P/CUMEM
wings-e5e8bd552edb-master-0:57634:57634 [0] NCCL INFO Channel 19/0 : 3[3] -> 4[4] via P2P/CUMEM
wings-e5e8bd552edb-master-0:57635:57635 [0] NCCL INFO Channel 23/0 : 4[4] -> 5[5] via P2P/CUMEM
wings-e5e8bd552edb-master-0:57630:57630 [0] NCCL INFO Channel 15/0 : 2[2] -> 3[3] via P2P/CUMEM
wings-e5e8bd552edb-master-0:57628:57628 [0] NCCL INFO Channel 20/0 : 0[0] -> 1[1] via P2P/CUMEM
wings-e5e8bd552edb-master-0:57637:57637 [0] NCCL INFO Channel 15/0 : 6[6] -> 7[7] via P2P/CUMEM
wings-e5e8bd552edb-master-0:57636:57636 [0] NCCL INFO Channel 17/0 : 5[5] -> 6[6] via P2P/CUMEM
wings-e5e8bd552edb-master-0:57634:57634 [0] NCCL INFO Channel 20/0 : 3[3] -> 4[4] via P2P/CUMEM
wings-e5e8bd552edb-master-0:57628:57628 [0] NCCL INFO Channel 21/0 : 0[0] -> 1[1] via P2P/CUMEM
wings-e5e8bd552edb-master-0:57630:57630 [0] NCCL INFO Channel 16/0 : 2[2] -> 3[3] via P2P/CUMEM
wings-e5e8bd552edb-master-0:57637:57637 [0] NCCL INFO Channel 16/0 : 6[6] -> 7[7] via P2P/CUMEM
wings-e5e8bd552edb-master-0:57636:57636 [0] NCCL INFO Channel 18/0 : 5[5] -> 6[6] via P2P/CUMEM
wings-e5e8bd552edb-master-0:57637:57637 [0] NCCL INFO Channel 17/0 : 6[6] -> 7[7] via P2P/CUMEM
wings-e5e8bd552edb-master-0:57634:57634 [0] NCCL INFO Channel 21/0 : 3[3] -> 4[4] via P2P/CUMEM
wings-e5e8bd552edb-master-0:57630:57630 [0] NCCL INFO Channel 17/0 : 2[2] -> 3[3] via P2P/CUMEM
wings-e5e8bd552edb-master-0:57628:57628 [0] NCCL INFO Channel 22/0 : 0[0] -> 1[1] via P2P/CUMEM
wings-e5e8bd552edb-master-0:57636:57636 [0] NCCL INFO Channel 19/0 : 5[5] -> 6[6] via P2P/CUMEM
wings-e5e8bd552edb-master-0:57637:57637 [0] NCCL INFO Channel 18/0 : 6[6] -> 7[7] via P2P/CUMEM
wings-e5e8bd552edb-master-0:57634:57634 [0] NCCL INFO Channel 22/0 : 3[3] -> 4[4] via P2P/CUMEM
wings-e5e8bd552edb-master-0:57630:57630 [0] NCCL INFO Channel 18/0 : 2[2] -> 3[3] via P2P/CUMEM
wings-e5e8bd552edb-master-0:57637:57637 [0] NCCL INFO Channel 19/0 : 6[6] -> 7[7] via P2P/CUMEM
wings-e5e8bd552edb-master-0:57636:57636 [0] NCCL INFO Channel 20/0 : 5[5] -> 6[6] via P2P/CUMEM
wings-e5e8bd552edb-master-0:57628:57628 [0] NCCL INFO Channel 23/0 : 0[0] -> 1[1] via P2P/CUMEM
wings-e5e8bd552edb-master-0:57630:57630 [0] NCCL INFO Channel 19/0 : 2[2] -> 3[3] via P2P/CUMEM
wings-e5e8bd552edb-master-0:57634:57634 [0] NCCL INFO Channel 23/0 : 3[3] -> 4[4] via P2P/CUMEM
wings-e5e8bd552edb-master-0:57636:57636 [0] NCCL INFO Channel 21/0 : 5[5] -> 6[6] via P2P/CUMEM
wings-e5e8bd552edb-master-0:57637:57637 [0] NCCL INFO Channel 20/0 : 6[6] -> 7[7] via P2P/CUMEM
wings-e5e8bd552edb-master-0:57630:57630 [0] NCCL INFO Channel 20/0 : 2[2] -> 3[3] via P2P/CUMEM
wings-e5e8bd552edb-master-0:57637:57637 [0] NCCL INFO Channel 21/0 : 6[6] -> 7[7] via P2P/CUMEM
wings-e5e8bd552edb-master-0:57630:57630 [0] NCCL INFO Channel 21/0 : 2[2] -> 3[3] via P2P/CUMEM
wings-e5e8bd552edb-master-0:57636:57636 [0] NCCL INFO Channel 22/0 : 5[5] -> 6[6] via P2P/CUMEM
wings-e5e8bd552edb-master-0:57630:57630 [0] NCCL INFO Channel 22/0 : 2[2] -> 3[3] via P2P/CUMEM
wings-e5e8bd552edb-master-0:57636:57636 [0] NCCL INFO Channel 23/0 : 5[5] -> 6[6] via P2P/CUMEM
wings-e5e8bd552edb-master-0:57637:57637 [0] NCCL INFO Channel 22/0 : 6[6] -> 7[7] via P2P/CUMEM
wings-e5e8bd552edb-master-0:57630:57630 [0] NCCL INFO Channel 23/0 : 2[2] -> 3[3] via P2P/CUMEM
wings-e5e8bd552edb-master-0:57637:57637 [0] NCCL INFO Channel 23/0 : 6[6] -> 7[7] via P2P/CUMEM
wings-e5e8bd552edb-master-0:57634:57634 [0] NCCL INFO Connected all rings, use ring PXN 0 GDR 1
wings-e5e8bd552edb-master-0:57630:57630 [0] NCCL INFO Connected all rings, use ring PXN 0 GDR 1
wings-e5e8bd552edb-master-0:57635:57635 [0] NCCL INFO Connected all rings, use ring PXN 0 GDR 1
wings-e5e8bd552edb-master-0:57629:57629 [0] NCCL INFO Connected all rings, use ring PXN 0 GDR 1
wings-e5e8bd552edb-master-0:57638:57638 [0] NCCL INFO Connected all rings, use ring PXN 0 GDR 1
wings-e5e8bd552edb-master-0:57637:57637 [0] NCCL INFO Connected all rings, use ring PXN 0 GDR 1
wings-e5e8bd552edb-master-0:57636:57636 [0] NCCL INFO Connected all rings, use ring PXN 0 GDR 1
wings-e5e8bd552edb-master-0:57628:57628 [0] NCCL INFO Connected all rings, use ring PXN 0 GDR 1
[2026-06-08 07:43:19] WARNING - vlmeval.__main__: --reuse is not set, this run will start from a fresh output directory
[2026-06-08 07:43:19] INFO - vlmeval.__main__: =========== InternVL3_5-4B-Instruct ===========
[2026-06-08 07:43:19] INFO - vlmeval.__main__: =========== InternVL3_5-4B-Instruct ===========
[2026-06-08 07:43:19] INFO - vlmeval.__main__: =========== InternVL3_5-4B-Instruct ===========
[2026-06-08 07:43:19] INFO - vlmeval.__main__: =========== InternVL3_5-4B-Instruct ===========
[2026-06-08 07:43:19] INFO - vlmeval.__main__: =========== InternVL3_5-4B-Instruct ===========
[2026-06-08 07:43:19] INFO - vlmeval.__main__: =========== InternVL3_5-4B-Instruct ===========
[2026-06-08 07:43:19] INFO - vlmeval.__main__: =========== InternVL3_5-4B-Instruct ===========
[2026-06-08 07:43:19] INFO - vlmeval.__main__: =========== InternVL3_5-4B-Instruct ===========
[transformers] `torch_dtype` is deprecated! Use `dtype` instead!
[transformers] `torch_dtype` is deprecated! Use `dtype` instead!
[transformers] `torch_dtype` is deprecated! Use `dtype` instead!
[transformers] `torch_dtype` is deprecated! Use `dtype` instead!
[transformers] `torch_dtype` is deprecated! Use `dtype` instead!
[transformers] `torch_dtype` is deprecated! Use `dtype` instead!
[transformers] `torch_dtype` is deprecated! Use `dtype` instead!
[transformers] `torch_dtype` is deprecated! Use `dtype` instead!
FlashAttention2 is not installed.
FlashAttention2 is not installed.
FlashAttention2 is not installed.
FlashAttention2 is not installed.
FlashAttention2 is not installed.
FlashAttention2 is not installed.
FlashAttention2 is not installed.
FlashAttention2 is not installed.
Loading weights:   0%|          | 0/745 [00:00<?, ?it/s]Loading weights:   0%|          | 0/745 [00:00<?, ?it/s]Loading weights:   0%|          | 0/745 [00:00<?, ?it/s]Loading weights:   7%|▋         | 53/745 [00:00<00:01, 461.12it/s]Loading weights:   0%|          | 0/745 [00:00<?, ?it/s]Loading weights:   0%|          | 0/745 [00:00<?, ?it/s]Loading weights:   8%|▊         | 60/745 [00:00<00:01, 501.06it/s]Loading weights:  10%|▉         | 71/745 [00:00<00:01, 576.72it/s]Loading weights:   0%|          | 0/745 [00:00<?, ?it/s]Loading weights:  11%|█▏        | 85/745 [00:00<00:00, 835.78it/s]Loading weights:  12%|█▏        | 89/745 [00:00<00:00, 753.18it/s]Loading weights:  13%|█▎        | 100/745 [00:00<00:02, 301.79it/s]Loading weights:  15%|█▍        | 111/745 [00:00<00:01, 329.44it/s]Loading weights:  13%|█▎        | 100/745 [00:00<00:00, 740.60it/s]Loading weights:  17%|█▋        | 129/745 [00:00<00:01, 317.54it/s]Loading weights:   0%|          | 0/745 [00:00<?, ?it/s]Loading weights:  18%|█▊        | 133/745 [00:00<00:02, 267.07it/s]Loading weights:  20%|█▉        | 147/745 [00:00<00:02, 294.56it/s]Loading weights:  22%|██▏       | 162/745 [00:00<00:02, 264.38it/s]Loading weights:  21%|██        | 157/745 [00:00<00:00, 1325.32it/s]Loading weights:  22%|██▏       | 165/745 [00:00<00:01, 327.79it/s]Loading weights:  22%|██▏       | 167/745 [00:00<00:01, 299.41it/s]Loading weights:  23%|██▎       | 175/745 [00:00<00:01, 422.49it/s]Loading weights:  23%|██▎       | 169/745 [00:00<00:01, 323.50it/s]Loading weights:  24%|██▍       | 178/745 [00:00<00:02, 267.94it/s]Loading weights:   0%|          | 0/745 [00:00<?, ?it/s]Loading weights:  26%|██▌       | 190/745 [00:00<00:02, 239.88it/s]Loading weights:  27%|██▋       | 200/745 [00:00<00:01, 272.74it/s]Loading weights:  28%|██▊       | 210/745 [00:00<00:01, 291.71it/s]Loading weights:  28%|██▊       | 207/745 [00:00<00:02, 250.73it/s]Loading weights:  27%|██▋       | 204/745 [00:00<00:00, 1870.67it/s]Loading weights:  29%|██▉       | 217/745 [00:00<00:01, 293.26it/s]Loading weights:  30%|██▉       | 220/745 [00:00<00:02, 240.01it/s]Loading weights:  30%|███       | 224/745 [00:00<00:01, 329.87it/s]Loading weights:  31%|███▏      | 233/745 [00:00<00:02, 249.54it/s]Loading weights:  31%|███       | 229/745 [00:00<00:02, 242.11it/s]Loading weights:  33%|███▎      | 245/745 [00:00<00:01, 262.49it/s]Loading weights:  33%|███▎      | 245/745 [00:00<00:02, 221.24it/s]Loading weights:  34%|███▍      | 254/745 [00:00<00:02, 234.40it/s]Loading weights:  35%|███▌      | 261/745 [00:00<00:01, 269.67it/s]Loading weights:  35%|███▍      | 259/745 [00:01<00:02, 210.38it/s]Loading weights:  36%|███▌      | 269/745 [00:01<00:02, 223.89it/s]Loading weights:  34%|███▍      | 255/745 [00:00<00:02, 230.85it/s]Loading weights:  37%|███▋      | 275/745 [00:00<00:02, 231.48it/s]Loading weights:  37%|███▋      | 278/745 [00:01<00:02, 227.97it/s]Loading weights:  39%|███▉      | 290/745 [00:00<00:01, 355.79it/s] Loading weights:  39%|███▉      | 291/745 [00:00<00:01, 252.79it/s]Loading weights:  39%|███▉      | 289/745 [00:01<00:01, 246.05it/s]Loading weights:  39%|███▊      | 287/745 [00:01<00:02, 217.59it/s]Loading weights:  39%|███▉      | 292/745 [00:01<00:02, 194.52it/s]Loading weights:  40%|████      | 300/745 [00:01<00:01, 225.15it/s]Loading weights:  40%|████      | 301/745 [00:01<00:02, 208.27it/s]Loading weights:  42%|████▏     | 310/745 [00:01<00:02, 207.22it/s]Loading weights:  43%|████▎     | 318/745 [00:01<00:01, 237.33it/s]Loading weights:  43%|████▎     | 320/745 [00:01<00:02, 207.55it/s]Loading weights:  43%|████▎     | 319/745 [00:01<00:01, 224.61it/s]Loading weights:  44%|████▍     | 327/745 [00:01<00:02, 204.19it/s]Loading weights:  43%|████▎     | 324/745 [00:01<00:02, 205.11it/s]Loading weights:  45%|████▍     | 332/745 [00:01<00:01, 208.74it/s]Loading weights:  46%|████▌     | 342/745 [00:01<00:01, 226.79it/s]Loading weights:  46%|████▌     | 342/745 [00:01<00:01, 209.64it/s]Loading weights:  46%|████▋     | 346/745 [00:01<00:01, 233.21it/s]Loading weights:  48%|████▊     | 358/745 [00:01<00:01, 218.09it/s]Loading weights:  47%|████▋     | 348/745 [00:01<00:02, 192.78it/s]Loading weights:  48%|████▊     | 358/745 [00:01<00:01, 285.17it/s]Loading weights:  47%|████▋     | 353/745 [00:01<00:01, 202.81it/s]Loading weights:  49%|████▉     | 367/745 [00:01<00:01, 229.39it/s]Loading weights:  49%|████▉     | 365/745 [00:01<00:01, 206.92it/s]Loading weights:  50%|████▉     | 372/745 [00:01<00:01, 208.81it/s]Loading weights:  51%|█████▏    | 383/745 [00:01<00:01, 224.72it/s]Loading weights:  51%|█████▏    | 383/745 [00:01<00:01, 223.14it/s]Loading weights:  51%|█████▏    | 383/745 [00:01<00:01, 218.74it/s]Loading weights:  52%|█████▏    | 391/745 [00:01<00:01, 220.79it/s]Loading weights:  53%|█████▎    | 392/745 [00:00<00:01, 348.24it/s] Loading weights:  52%|█████▏    | 390/745 [00:01<00:01, 213.46it/s]Loading weights:  54%|█████▍    | 404/745 [00:01<00:01, 286.05it/s]Loading weights:  55%|█████▌    | 412/745 [00:01<00:01, 247.68it/s]Loading weights:  58%|█████▊    | 434/745 [00:01<00:01, 289.75it/s]Loading weights:  61%|██████    | 452/745 [00:01<00:00, 336.41it/s]Loading weights:  61%|██████    | 452/745 [00:01<00:00, 332.60it/s]Loading weights:  63%|██████▎   | 467/745 [00:01<00:00, 360.59it/s]Loading weights:  62%|██████▏   | 462/745 [00:01<00:00, 337.97it/s]Loading weights:  65%|██████▍   | 482/745 [00:01<00:00, 416.96it/s]Loading weights:  63%|██████▎   | 471/745 [00:01<00:00, 336.95it/s]Loading weights:  69%|██████▊   | 512/745 [00:01<00:00, 422.98it/s]Loading weights:  71%|███████   | 527/745 [00:01<00:00, 464.08it/s]Loading weights:  71%|███████▏  | 531/745 [00:01<00:00, 452.75it/s]Loading weights:  71%|███████   | 528/745 [00:01<00:00, 434.84it/s]Loading weights:  74%|███████▎  | 548/745 [00:01<00:00, 479.52it/s]Loading weights:  74%|███████▍  | 554/745 [00:01<00:00, 471.80it/s]Loading weights:  77%|███████▋  | 570/745 [00:01<00:00, 480.64it/s]Loading weights:  76%|███████▋  | 569/745 [00:01<00:00, 459.63it/s]Loading weights:  76%|███████▋  | 569/745 [00:01<00:00, 433.15it/s]Loading weights:  79%|███████▉  | 592/745 [00:01<00:00, 509.55it/s]Loading weights:  80%|████████  | 598/745 [00:01<00:00, 505.31it/s]Loading weights:  79%|███████▊  | 585/745 [00:01<00:00, 459.10it/s]Loading weights:  83%|████████▎ | 620/745 [00:01<00:00, 545.79it/s]Loading weights:  88%|████████▊ | 655/745 [00:01<00:00, 524.97it/s]Loading weights:  85%|████████▍ | 631/745 [00:01<00:00, 514.84it/s]Loading weights:  92%|█████████▏| 689/745 [00:01<00:00, 582.18it/s]Loading weights:  92%|█████████▏| 684/745 [00:01<00:00, 613.14it/s]Loading weights:  92%|█████████▏| 685/745 [00:01<00:00, 625.97it/s]Loading weights:  94%|█████████▎| 697/745 [00:01<00:00, 630.21it/s]Loading weights:  94%|█████████▎| 697/745 [00:01<00:00, 618.49it/s]Loading weights:  96%|█████████▌| 714/745 [00:02<00:00, 631.88it/s]Loading weights: 100%|██████████| 745/745 [00:01<00:00, 379.01it/s]
Loading weights: 100%|██████████| 745/745 [00:01<00:00, 526.98it/s]Loading weights: 100%|██████████| 745/745 [00:01<00:00, 450.04it/s]

Loading weights: 100%|██████████| 745/745 [00:02<00:00, 365.87it/s]
Loading weights: 100%|██████████| 745/745 [00:02<00:00, 351.87it/s]
Loading weights: 100%|██████████| 745/745 [00:01<00:00, 397.16it/s]
Loading weights: 100%|██████████| 745/745 [00:01<00:00, 375.79it/s]
Loading weights: 100%|██████████| 745/745 [00:02<00:00, 361.69it/s]
/root/storage/mahaoxuan.mhx/code/MMR-Bench/third_party/VLMEvalKit/vlmeval/vlm/internvl/internvl_chat.py:231: UserWarning: Following kwargs received: {'do_sample': False, 'max_new_tokens': 4096, 'top_p': None}, will use as generation config. 
  warnings.warn(f'Following kwargs received: {self.kwargs}, will use as generation config. ')
[2026-06-08 07:43:30] INFO - vlmeval.__main__: ----------- MMStar_MINI -----------
/root/storage/mahaoxuan.mhx/code/MMR-Bench/third_party/VLMEvalKit/vlmeval/vlm/internvl/internvl_chat.py:231: UserWarning: Following kwargs received: {'do_sample': False, 'max_new_tokens': 4096, 'top_p': None}, will use as generation config. 
  warnings.warn(f'Following kwargs received: {self.kwargs}, will use as generation config. ')
/root/storage/mahaoxuan.mhx/code/MMR-Bench/third_party/VLMEvalKit/vlmeval/vlm/internvl/internvl_chat.py:231: UserWarning: Following kwargs received: {'do_sample': False, 'max_new_tokens': 4096, 'top_p': None}, will use as generation config. 
  warnings.warn(f'Following kwargs received: {self.kwargs}, will use as generation config. ')
/root/storage/mahaoxuan.mhx/code/MMR-Bench/third_party/VLMEvalKit/vlmeval/vlm/internvl/internvl_chat.py:231: UserWarning: Following kwargs received: {'do_sample': False, 'max_new_tokens': 4096, 'top_p': None}, will use as generation config. 
  warnings.warn(f'Following kwargs received: {self.kwargs}, will use as generation config. ')
/root/storage/mahaoxuan.mhx/code/MMR-Bench/third_party/VLMEvalKit/vlmeval/vlm/internvl/internvl_chat.py:231: UserWarning: Following kwargs received: {'do_sample': False, 'max_new_tokens': 4096, 'top_p': None}, will use as generation config. 
  warnings.warn(f'Following kwargs received: {self.kwargs}, will use as generation config. ')
/root/storage/mahaoxuan.mhx/code/MMR-Bench/third_party/VLMEvalKit/vlmeval/vlm/internvl/internvl_chat.py:231: UserWarning: Following kwargs received: {'do_sample': False, 'max_new_tokens': 4096, 'top_p': None}, will use as generation config. 
  warnings.warn(f'Following kwargs received: {self.kwargs}, will use as generation config. ')
/root/storage/mahaoxuan.mhx/code/MMR-Bench/third_party/VLMEvalKit/vlmeval/vlm/internvl/internvl_chat.py:231: UserWarning: Following kwargs received: {'do_sample': False, 'max_new_tokens': 4096, 'top_p': None}, will use as generation config. 
  warnings.warn(f'Following kwargs received: {self.kwargs}, will use as generation config. ')
/root/storage/mahaoxuan.mhx/code/MMR-Bench/third_party/VLMEvalKit/vlmeval/vlm/internvl/internvl_chat.py:231: UserWarning: Following kwargs received: {'do_sample': False, 'max_new_tokens': 4096, 'top_p': None}, will use as generation config. 
  warnings.warn(f'Following kwargs received: {self.kwargs}, will use as generation config. ')
[2026-06-08 07:43:31] INFO - vlmeval.__main__: ----------- MMStar_MINI -----------
[2026-06-08 07:43:31] INFO - vlmeval.__main__: ----------- MMStar_MINI -----------
[2026-06-08 07:43:31] INFO - vlmeval.__main__: ----------- MMStar_MINI -----------
[2026-06-08 07:43:31] INFO - vlmeval.__main__: ----------- MMStar_MINI -----------
[2026-06-08 07:43:31] INFO - vlmeval.__main__: ----------- MMStar_MINI -----------
[2026-06-08 07:43:31] INFO - vlmeval.__main__: ----------- MMStar_MINI -----------
[2026-06-08 07:43:31] INFO - vlmeval.__main__: ----------- MMStar_MINI -----------
/root/storage/miniconda3/envs/vlmevalkit/lib/python3.10/site-packages/torch/distributed/c10d_logger.py:83: UserWarning: barrier(): using the device under current context. You can specify `device_id` in `init_process_group` to mute this warning.
  return func(*args, **kwargs)
MMStar_MINI.tsv: 0.00B [00:00, ?B/s]MMStar_MINI.tsv:   0%|          | 8.19k/5.62M [00:00<04:23, 21.3kB/s]MMStar_MINI.tsv: 5.62MB [00:00, 12.1MB/s]                            
/root/storage/miniconda3/envs/vlmevalkit/lib/python3.10/site-packages/torch/distributed/c10d_logger.py:83: UserWarning: barrier(): using the device under current context. You can specify `device_id` in `init_process_group` to mute this warning.
  return func(*args, **kwargs)
[2026-06-08 07:43:31] INFO - vlmeval.__main__: {'nproc': 8, 'verbose': False, 'retry': 2, 'timeout': 900, 'temperature': 0, 'chat_template_kwargs': {'enable_thinking': False}, 'api_base': 'http://33.3.178.31:8000/v1/chat/completions', 'key': 'EMPTY', 'model': 'Qwen3.5-122B-A10B'}
/root/storage/miniconda3/envs/vlmevalkit/lib/python3.10/site-packages/torch/distributed/c10d_logger.py:83: UserWarning: barrier(): using the device under current context. You can specify `device_id` in `init_process_group` to mute this warning.
  return func(*args, **kwargs)
Infer InternVL3_5-4B-Instruct/MMStar_MINI, Rank 1/8:   0%|          | 0/19 [00:00<?, ?it/s]Infer InternVL3_5-4B-Instruct/MMStar_MINI, Rank 3/8:   0%|          | 0/19 [00:00<?, ?it/s]Infer InternVL3_5-4B-Instruct/MMStar_MINI, Rank 6/8:   0%|          | 0/18 [00:00<?, ?it/s]Infer InternVL3_5-4B-Instruct/MMStar_MINI, Rank 2/8:   0%|          | 0/19 [00:00<?, ?it/s]Infer InternVL3_5-4B-Instruct/MMStar_MINI, Rank 4/8:   0%|          | 0/19 [00:00<?, ?it/s]Infer InternVL3_5-4B-Instruct/MMStar_MINI, Rank 7/8:   0%|          | 0/18 [00:00<?, ?it/s]Infer InternVL3_5-4B-Instruct/MMStar_MINI, Rank 5/8:   0%|          | 0/19 [00:00<?, ?it/s]Infer InternVL3_5-4B-Instruct/MMStar_MINI, Rank 0/8:   0%|          | 0/19 [00:00<?, ?it/s]InternVL model version: V2.0
InternVL model version: V2.0
InternVL model version: V2.0
InternVL model version: V2.0
dynamic ViT batch size: 4
dynamic ViT batch size: 4
dynamic ViT batch size: 3
InternVL model version: V2.0
dynamic ViT batch size: 7
InternVL model version: V2.0
InternVL model version: V2.0
InternVL model version: V2.0
dynamic ViT batch size: 1
dynamic ViT batch size: 1
dynamic ViT batch size: 7
dynamic ViT batch size: 7
[transformers] The following generation flags are not valid and may be ignored: ['temperature', 'top_p']. Set `TRANSFORMERS_VERBOSITY=info` for more details.
[transformers] The following generation flags are not valid and may be ignored: ['temperature', 'top_p']. Set `TRANSFORMERS_VERBOSITY=info` for more details.
[transformers] The following generation flags are not valid and may be ignored: ['temperature', 'top_p']. Set `TRANSFORMERS_VERBOSITY=info` for more details.
[transformers] The following generation flags are not valid and may be ignored: ['temperature', 'top_p']. Set `TRANSFORMERS_VERBOSITY=info` for more details.
[transformers] Setting `pad_token_id` to `eos_token_id`:151645 for open-end generation.
[transformers] Setting `pad_token_id` to `eos_token_id`:151645 for open-end generation.
[transformers] Setting `pad_token_id` to `eos_token_id`:151645 for open-end generation.
[transformers] Setting `pad_token_id` to `eos_token_id`:151645 for open-end generation.
[transformers] The following generation flags are not valid and may be ignored: ['temperature', 'top_p']. Set `TRANSFORMERS_VERBOSITY=info` for more details.
[transformers] Setting `pad_token_id` to `eos_token_id`:151645 for open-end generation.
[transformers] The following generation flags are not valid and may be ignored: ['temperature', 'top_p']. Set `TRANSFORMERS_VERBOSITY=info` for more details.
[transformers] Setting `pad_token_id` to `eos_token_id`:151645 for open-end generation.
[transformers] The following generation flags are not valid and may be ignored: ['temperature', 'top_p']. Set `TRANSFORMERS_VERBOSITY=info` for more details.
[transformers] Setting `pad_token_id` to `eos_token_id`:151645 for open-end generation.
[transformers] The following generation flags are not valid and may be ignored: ['temperature', 'top_p']. Set `TRANSFORMERS_VERBOSITY=info` for more details.
[transformers] Setting `pad_token_id` to `eos_token_id`:151645 for open-end generation.
<|im_start|>system
你是书生·万象，英文名是InternVL，是由上海人工智能实验室、清华大学及多家合作单位联合开发的多模态大语言模型。<|im_end|>
<|im_start|>user
<image>
How many musical instruments are in the image?
A. 1
B. 2
C. 4
D. 3
Answer the preceding multiple choice question. The last line of your response should follow this format: 'Answer: \boxed{$LETTER}' (without quotes), where LETTER is one of the options. If you are uncertain or the problem is too complex, make a reasoned guess based on the information provided. Avoid repeating steps indefinitely—provide your best guess even if unsure. Think step by step logically, considering all relevant information before answering.<|im_end|>
<|im_start|>assistant
 Answer: B. 2
Infer InternVL3_5-4B-Instruct/MMStar_MINI, Rank 2/8:   5%|▌         | 1/19 [00:01<00:25,  1.41s/it]InternVL model version: V2.0
dynamic ViT batch size: 7
[transformers] Setting `pad_token_id` to `eos_token_id`:151645 for open-end generation.
<|im_start|>system
你是书生·万象，英文名是InternVL，是由上海人工智能实验室、清华大学及多家合作单位联合开发的多模态大语言模型。<|im_end|>
<|im_start|>user
<image>
What could be the reason the car's windshield wipers are described as black?
A. The wipers are customized
B. Dirt on the wipers
C. A malfunction in the car's system
D. A typical feature of most cars
Answer the preceding multiple choice question. The last line of your response should follow this format: 'Answer: \boxed{$LETTER}' (without quotes), where LETTER is one of the options. If you are uncertain or the problem is too complex, make a reasoned guess based on the information provided. Avoid repeating steps indefinitely—provide your best guess even if unsure. Think step by step logically, considering all relevant information before answering.<|im_end|>
<|im_start|>assistant
 Answer: D. A typical feature of most cars
Infer InternVL3_5-4B-Instruct/MMStar_MINI, Rank 2/8:  11%|█         | 2/19 [00:02<00:16,  1.01it/s]InternVL model version: V2.0
dynamic ViT batch size: 7
[transformers] Setting `pad_token_id` to `eos_token_id`:151645 for open-end generation.
<|im_start|>system
你是书生·万象，英文名是InternVL，是由上海人工智能实验室、清华大学及多家合作单位联合开发的多模态大语言模型。<|im_end|>
<|im_start|>user
<image>
How would you describe the condition of the sky in the image?
A. Cloudy, blue
B. Clear, blue
C. Small white clouds
D. Stormy
Answer the preceding multiple choice question. The last line of your response should follow this format: 'Answer: \boxed{$LETTER}' (without quotes), where LETTER is one of the options. If you are uncertain or the problem is too complex, make a reasoned guess based on the information provided. Avoid repeating steps indefinitely—provide your best guess even if unsure. Think step by step logically, considering all relevant information before answering.<|im_end|>
<|im_start|>assistant
 The image shows a clear blue sky with some small white clouds. This is evident from the visible patches of blue sky and the presence of small, scattered clouds.

Answer: C. Small white clouds
Infer InternVL3_5-4B-Instruct/MMStar_MINI, Rank 4/8:   5%|▌         | 1/19 [00:02<00:44,  2.45s/it]InternVL model version: V2.0
dynamic ViT batch size: 1
[transformers] Setting `pad_token_id` to `eos_token_id`:151645 for open-end generation.
<|im_start|>system
你是书生·万象，英文名是InternVL，是由上海人工智能实验室、清华大学及多家合作单位联合开发的多模态大语言模型。<|im_end|>
<|im_start|>user
<image>
Hint: Please answer the question and provide the correct option letter, e.g., A, B, C, D, at the end.
Question: What is the highest number of responses for Question 10, for any given % of inside sales?
A. 10
B. 22
C. 17
D. 34
Answer the preceding multiple choice question. The last line of your response should follow this format: 'Answer: \boxed{$LETTER}' (without quotes), where LETTER is one of the options. If you are uncertain or the problem is too complex, make a reasoned guess based on the information provided. Avoid repeating steps indefinitely—provide your best guess even if unsure. Think step by step logically, considering all relevant information before answering.<|im_end|>
<|im_start|>assistant
 According to the table, the highest number of responses for Question 10 is for the 17-25% category, which has 17 responses. Therefore, the correct option is C.

Answer: \boxed{C}
Infer InternVL3_5-4B-Instruct/MMStar_MINI, Rank 0/8:   5%|▌         | 1/19 [00:02<00:48,  2.68s/it]InternVL model version: V2.0
dynamic ViT batch size: 1
[transformers] Setting `pad_token_id` to `eos_token_id`:151645 for open-end generation.
<|im_start|>system
你是书生·万象，英文名是InternVL，是由上海人工智能实验室、清华大学及多家合作单位联合开发的多模态大语言模型。<|im_end|>
<|im_start|>user
<image>
Which letter corresponds to the stage where two different daughter cells are formed?
A. D
B. B
C. A
D. C
Answer the preceding multiple choice question. The last line of your response should follow this format: 'Answer: \boxed{$LETTER}' (without quotes), where LETTER is one of the options. If you are uncertain or the problem is too complex, make a reasoned guess based on the information provided. Avoid repeating steps indefinitely—provide your best guess even if unsure. Think step by step logically, considering all relevant information before answering.<|im_end|>
<|im_start|>assistant
 The diagram illustrates the process of cell division. In the image, the stage where two different daughter cells are formed is labeled as "B." This stage represents the final outcome of the cell division process, where the cell has divided into two distinct daughter cells.

Answer: B
Infer InternVL3_5-4B-Instruct/MMStar_MINI, Rank 1/8:   5%|▌         | 1/19 [00:02<00:51,  2.86s/it]InternVL model version: V2.0
dynamic ViT batch size: 7
[transformers] Setting `pad_token_id` to `eos_token_id`:151645 for open-end generation.
<|im_start|>system
你是书生·万象，英文名是InternVL，是由上海人工智能实验室、清华大学及多家合作单位联合开发的多模态大语言模型。<|im_end|>
<|im_start|>user
<image>
How many men are visible in the image?
A. 2
B. 1
C. 3
D. 4
Answer the preceding multiple choice question. The last line of your response should follow this format: 'Answer: \boxed{$LETTER}' (without quotes), where LETTER is one of the options. If you are uncertain or the problem is too complex, make a reasoned guess based on the information provided. Avoid repeating steps indefinitely—provide your best guess even if unsure. Think step by step logically, considering all relevant information before answering.<|im_end|>
<|im_start|>assistant
 The image shows three men: one playing the guitar, one playing the bass guitar, and one sitting in the bottom right corner. Therefore, the correct answer is:

Answer: C. 3
Infer InternVL3_5-4B-Instruct/MMStar_MINI, Rank 2/8:  16%|█▌        | 3/19 [00:03<00:20,  1.30s/it]InternVL model version: V2.0
dynamic ViT batch size: 3
[transformers] Setting `pad_token_id` to `eos_token_id`:151645 for open-end generation.
<|im_start|>system
你是书生·万象，英文名是InternVL，是由上海人工智能实验室、清华大学及多家合作单位联合开发的多模态大语言模型。<|im_end|>
<|im_start|>user
<image>
Which property do these three objects have in common?
A. blue
B. smooth
C. flexible
Answer the preceding multiple choice question. The last line of your response should follow this format: 'Answer: \boxed{$LETTER}' (without quotes), where LETTER is one of the options. If you are uncertain or the problem is too complex, make a reasoned guess based on the information provided. Avoid repeating steps indefinitely—provide your best guess even if unsure. Think step by step logically, considering all relevant information before answering.<|im_end|>
<|im_start|>assistant
 To determine which property these three objects have in common, let's analyze each object:

1. **Glass Bottle**: This object is typically smooth and rigid.
2. **Silk Tie**: This object is smooth and flexible.
3. **Baseball Bat**: This object is smooth and rigid.

From the analysis, we can see that all three objects share the property of being smooth.

Therefore, the correct answer is:
Answer: \boxed{B}
Infer InternVL3_5-4B-Instruct/MMStar_MINI, Rank 7/8:   6%|▌         | 1/18 [00:04<01:10,  4.15s/it]InternVL model version: V2.0
dynamic ViT batch size: 3
[transformers] Setting `pad_token_id` to `eos_token_id`:151645 for open-end generation.
<|im_start|>system
你是书生·万象，英文名是InternVL，是由上海人工智能实验室、清华大学及多家合作单位联合开发的多模态大语言模型。<|im_end|>
<|im_start|>user
<image>
What's the function of the demonstrated object?
A. grill
B. filtration
C. flavouring
D. Pick-up
Answer the preceding multiple choice question. The last line of your response should follow this format: 'Answer: \boxed{$LETTER}' (without quotes), where LETTER is one of the options. If you are uncertain or the problem is too complex, make a reasoned guess based on the information provided. Avoid repeating steps indefinitely—provide your best guess even if unsure. Think step by step logically, considering all relevant information before answering.<|im_end|>
<|im_start|>assistant
 The objects shown in the image are funnels, which are commonly used for the purpose of filtration. Filtration involves separating solids from liquids or gases using a filter medium, and funnels are often used to guide liquids or powders into the filter.

Answer: B. filtration
Infer InternVL3_5-4B-Instruct/MMStar_MINI, Rank 4/8:  11%|█         | 2/19 [00:04<00:38,  2.29s/it]InternVL model version: V2.0
dynamic ViT batch size: 1
[transformers] Setting `pad_token_id` to `eos_token_id`:151645 for open-end generation.
<|im_start|>system
你是书生·万象，英文名是InternVL，是由上海人工智能实验室、清华大学及多家合作单位联合开发的多模态大语言模型。<|im_end|>
<|im_start|>user
<image>
who is this person?
A. Victoria Beckham
B. Helen Mirren
C. Kate Winslet
D. Keira Knightley
Answer the preceding multiple choice question. The last line of your response should follow this format: 'Answer: \boxed{$LETTER}' (without quotes), where LETTER is one of the options. If you are uncertain or the problem is too complex, make a reasoned guess based on the information provided. Avoid repeating steps indefinitely—provide your best guess even if unsure. Think step by step logically, considering all relevant information before answering.<|im_end|>
<|im_start|>assistant
 To determine who the person in the image is, we can look at the facial features and style of the person. The person has a distinct look that is often associated with a particular actress known for her roles in various films and television shows.

Given the options:
A. Victoria Beckham
B. Helen Mirren
C. Kate Winslet
D. Keira Knightley

The person in the image closely resembles Keira Knightley, known for her distinctive facial features and style.

Answer: \boxed{D}
Infer InternVL3_5-4B-Instruct/MMStar_MINI, Rank 3/8:   5%|▌         | 1/19 [00:04<01:24,  4.69s/it]InternVL model version: V2.0
dynamic ViT batch size: 1
[transformers] Setting `pad_token_id` to `eos_token_id`:151645 for open-end generation.
<|im_start|>system
你是书生·万象，英文名是InternVL，是由上海人工智能实验室、清华大学及多家合作单位联合开发的多模态大语言模型。<|im_end|>
<|im_start|>user
<image>
Hint: Please answer the question and provide the correct option letter, e.g., A, B, C, D, at the end.
Question: Is Sky Blue less than Chartreuse?
A. yes
B. no
Answer the preceding multiple choice question. The last line of your response should follow this format: 'Answer: \boxed{$LETTER}' (without quotes), where LETTER is one of the options. If you are uncertain or the problem is too complex, make a reasoned guess based on the information provided. Avoid repeating steps indefinitely—provide your best guess even if unsure. Think step by step logically, considering all relevant information before answering.<|im_end|>
<|im_start|>assistant
 To determine if Sky Blue is less than Chartreuse, we need to compare the sizes of the respective segments in the pie chart.

1. Identify the segments:
   - Chartreuse: Green
   - Sky Blue: Light Blue
   - Rebecca Purple: Dark Purple
   - Lime Green: Bright Green
   - Web Purple: Purple

2. Compare the sizes:
   - The segment for Sky Blue (Light Blue) is smaller than the segment for Chartreuse (Green).

Therefore, Sky Blue is less than Chartreuse.

Answer: A. yes
Infer InternVL3_5-4B-Instruct/MMStar_MINI, Rank 5/8:   5%|▌         | 1/19 [00:05<01:32,  5.15s/it]InternVL model version: V2.0
dynamic ViT batch size: 7
[transformers] Setting `pad_token_id` to `eos_token_id`:151645 for open-end generation.
<|im_start|>system
你是书生·万象，英文名是InternVL，是由上海人工智能实验室、清华大学及多家合作单位联合开发的多模态大语言模型。<|im_end|>
<|im_start|>user
<image>
Which planet is label C?
A. Uranus
B. Saturn
C. Neptune
D. Jupiter
Answer the preceding multiple choice question. The last line of your response should follow this format: 'Answer: \boxed{$LETTER}' (without quotes), where LETTER is one of the options. If you are uncertain or the problem is too complex, make a reasoned guess based on the information provided. Avoid repeating steps indefinitely—provide your best guess even if unsure. Think step by step logically, considering all relevant information before answering.<|im_end|>
<|im_start|>assistant
 To determine which planet is labeled C, we need to identify the characteristics of the planet in the image. The planet labeled C is depicted with a blue color and rings around it. This description matches Neptune, which is known for its deep blue color and faint rings.

Answer: C. Neptune
Infer InternVL3_5-4B-Instruct/MMStar_MINI, Rank 7/8:  11%|█         | 2/18 [00:06<00:49,  3.07s/it]InternVL model version: V2.0
dynamic ViT batch size: 7
[transformers] Setting `pad_token_id` to `eos_token_id`:151645 for open-end generation.
<|im_start|>system
你是书生·万象，英文名是InternVL，是由上海人工智能实验室、清华大学及多家合作单位联合开发的多模态大语言模型。<|im_end|>
<|im_start|>user
<image>
In the given image, in which direction is the pier facing?
A. North
B. South
C. East
D. West
Answer the preceding multiple choice question. The last line of your response should follow this format: 'Answer: \boxed{$LETTER}' (without quotes), where LETTER is one of the options. If you are uncertain or the problem is too complex, make a reasoned guess based on the information provided. Avoid repeating steps indefinitely—provide your best guess even if unsure. Think step by step logically, considering all relevant information before answering.<|im_end|>
<|im_start|>assistant
 To determine the direction the pier is facing, we need to consider the position of the sun and the shadows it casts. The sun appears to be shining from the left side of the image, indicating that it is either in the east or the west. 

Given that the beach is on the right side of the image and the pier extends into the ocean, it is more likely that the sun is in the west, as the beach is typically on the side facing the sun during the afternoon. Therefore, the pier is likely facing west.

Answer: D
Infer InternVL3_5-4B-Instruct/MMStar_MINI, Rank 1/8:  11%|█         | 2/19 [00:06<01:00,  3.54s/it]InternVL model version: V2.0
dynamic ViT batch size: 7
[transformers] Setting `pad_token_id` to `eos_token_id`:151645 for open-end generation.
<|im_start|>system
你是书生·万象，英文名是InternVL，是由上海人工智能实验室、清华大学及多家合作单位联合开发的多模态大语言模型。<|im_end|>
<|im_start|>user
<image>
which of these show reverse fault
A. d
B. a
C. b
D. c
Answer the preceding multiple choice question. The last line of your response should follow this format: 'Answer: \boxed{$LETTER}' (without quotes), where LETTER is one of the options. If you are uncertain or the problem is too complex, make a reasoned guess based on the information provided. Avoid repeating steps indefinitely—provide your best guess even if unsure. Think step by step logically, considering all relevant information before answering.<|im_end|>
<|im_start|>assistant
 To determine which of the diagrams shows a reverse fault, we need to understand the characteristics of a reverse fault. A reverse fault occurs when the hanging wall moves upward relative to the footwall due to compressional forces.

Let's analyze each diagram:

A. The diagram shows a normal fault where the hanging wall moves downward relative to the footwall due to extensional forces.

B. The diagram shows a reverse fault where the hanging wall moves upward relative to the footwall due to compressional forces.

C. The diagram shows a strike-slip fault where the movement is horizontal along the fault plane.

D. The diagram shows a normal fault where the hanging wall moves downward relative to the footwall due to extensional forces.

Based on this analysis, the diagram that shows a reverse fault is B.

Answer: \boxed{B}
Infer InternVL3_5-4B-Instruct/MMStar_MINI, Rank 0/8:  11%|█         | 2/19 [00:08<01:14,  4.40s/it]InternVL model version: V2.0
dynamic ViT batch size: 1
[transformers] Setting `pad_token_id` to `eos_token_id`:151645 for open-end generation.
<|im_start|>system
你是书生·万象，英文名是InternVL，是由上海人工智能实验室、清华大学及多家合作单位联合开发的多模态大语言模型。<|im_end|>
<|im_start|>user
<image>
Hint: Please answer the question and provide the correct option letter, e.g., A, B, C, D, at the end.
Question: Based on the diagram below, which organisms will be most directly affected by a decrease in the amount of grass?
A. Insects
B. Hawk and snake
C. Snake and raccoon
D. Mouse and cricket
Answer the preceding multiple choice question. The last line of your response should follow this format: 'Answer: \boxed{$LETTER}' (without quotes), where LETTER is one of the options. If you are uncertain or the problem is too complex, make a reasoned guess based on the information provided. Avoid repeating steps indefinitely—provide your best guess even if unsure. Think step by step logically, considering all relevant information before answering.<|im_end|>
<|im_start|>assistant
 To determine which organisms will be most directly affected by a decrease in the amount of grass, we need to look at the food web and identify which organisms directly depend on grass for their food.

From the diagram:
- Grass is consumed by the mouse and the cricket.

If the amount of grass decreases, the primary consumers of grass, which are the mouse and the cricket, will be most directly affected.

Therefore, the correct answer is:
D. Mouse and cricket

Answer: \boxed{D}
Infer InternVL3_5-4B-Instruct/MMStar_MINI, Rank 5/8:  11%|█         | 2/19 [00:09<01:14,  4.40s/it]InternVL model version: V2.0
dynamic ViT batch size: 7
[transformers] Setting `pad_token_id` to `eos_token_id`:151645 for open-end generation.
<|im_start|>system
你是书生·万象，英文名是InternVL，是由上海人工智能实验室、清华大学及多家合作单位联合开发的多模态大语言模型。<|im_end|>
<|im_start|>user
<image>
What does D represent in the figure?
A. fault plane
B. footwall
C. hanging wall
D. none of the above
Answer the preceding multiple choice question. The last line of your response should follow this format: 'Answer: \boxed{$LETTER}' (without quotes), where LETTER is one of the options. If you are uncertain or the problem is too complex, make a reasoned guess based on the information provided. Avoid repeating steps indefinitely—provide your best guess even if unsure. Think step by step logically, considering all relevant information before answering.<|im_end|>
<|im_start|>assistant
 The figure depicts a fault, which is a fracture or zone of fractures between two blocks of rock, which allows for relative movement. In the context of the figure:

- **A** represents the fault plane, which is the surface along which the fault has slipped.
- **B** represents the footwall, which is the block of rock that lies beneath the fault plane.
- **C** represents the hanging wall, which is the block of rock that lies above the fault plane.

Given the labels in the figure, **D** is the block of rock that lies above the fault plane, which is the hanging wall.

Therefore, the correct answer is:
C. hanging wall

Answer: \boxed{C}
Infer InternVL3_5-4B-Instruct/MMStar_MINI, Rank 3/8:  11%|█         | 2/19 [00:09<01:22,  4.83s/it]InternVL model version: V2.0
dynamic ViT batch size: 7
[transformers] Setting `pad_token_id` to `eos_token_id`:151645 for open-end generation.
<|im_start|>system
你是书生·万象，英文名是InternVL，是由上海人工智能实验室、清华大学及多家合作单位联合开发的多模态大语言模型。<|im_end|>
<|im_start|>user
<image>
What is the position of the sink relative to the refrigerator?
A. The sink is on the left of the refrigerator
B. The sink is behind the refrigerator
C. The sink is in front of the refrigerator
D. The sink is on the right of the refrigerator
Answer the preceding multiple choice question. The last line of your response should follow this format: 'Answer: \boxed{$LETTER}' (without quotes), where LETTER is one of the options. If you are uncertain or the problem is too complex, make a reasoned guess based on the information provided. Avoid repeating steps indefinitely—provide your best guess even if unsure. Think step by step logically, considering all relevant information before answering.<|im_end|>
<|im_start|>assistant
 To determine the position of the sink relative to the refrigerator, let's analyze the image:

1. The refrigerator is located on the left side of the image.
2. The sink is situated on the right side of the image.
3. The sink is positioned in front of the refrigerator, as it is closer to the viewer than the refrigerator.

Given these observations, the correct answer is:

Answer: C. The sink is in front of the refrigerator
Infer InternVL3_5-4B-Instruct/MMStar_MINI, Rank 1/8:  16%|█▌        | 3/19 [00:10<00:55,  3.48s/it]InternVL model version: V2.0
dynamic ViT batch size: 7
[transformers] Setting `pad_token_id` to `eos_token_id`:151645 for open-end generation.
<|im_start|>system
你是书生·万象，英文名是InternVL，是由上海人工智能实验室、清华大学及多家合作单位联合开发的多模态大语言模型。<|im_end|>
<|im_start|>user
<image>
What is depicted by letter L?
A. mars
B. jupiter
C. asteroids
D. comets
Answer the preceding multiple choice question. The last line of your response should follow this format: 'Answer: \boxed{$LETTER}' (without quotes), where LETTER is one of the options. If you are uncertain or the problem is too complex, make a reasoned guess based on the information provided. Avoid repeating steps indefinitely—provide your best guess even if unsure. Think step by step logically, considering all relevant information before answering.<|im_end|>
<|im_start|>assistant
 The image shows a diagram of the solar system with various celestial bodies labeled with letters. To determine what is depicted by letter L, we need to identify the object associated with that label.

1. **Identify the Object at Letter L:**
   - Letter L is pointing to a small, elongated object with a tail, which is characteristic of a comet.

2. **Analyze the Options:**
   - A. Mars: Mars is a planet and does not have a tail.
   - B. Jupiter: Jupiter is a gas giant and does not have a tail.
   - C. Asteroids: Asteroids are small rocky bodies and do not have tails.
   - D. Comets: Comets are known for their tails, which are visible when they are near the Sun.

3. **Conclusion:**
   - The object at letter L matches the description of a comet.

Therefore, the correct answer is D. comets.

Answer: \boxed{D}
Infer InternVL3_5-4B-Instruct/MMStar_MINI, Rank 2/8:  21%|██        | 4/19 [00:10<00:51,  3.44s/it]InternVL model version: V2.0
dynamic ViT batch size: 7
[transformers] Setting `pad_token_id` to `eos_token_id`:151645 for open-end generation.
<|im_start|>system
你是书生·万象，英文名是InternVL，是由上海人工智能实验室、清华大学及多家合作单位联合开发的多模态大语言模型。<|im_end|>
<|im_start|>user
<image>
Hint: Please answer the question and provide the correct option letter, e.g., A, B, C, D, at the end.
Question: How many people prefer the most preferred object?
A. 7
B. 5
C. 9
Answer the preceding multiple choice question. The last line of your response should follow this format: 'Answer: \boxed{$LETTER}' (without quotes), where LETTER is one of the options. If you are uncertain or the problem is too complex, make a reasoned guess based on the information provided. Avoid repeating steps indefinitely—provide your best guess even if unsure. Think step by step logically, considering all relevant information before answering.<|im_end|>
<|im_start|>assistant
 To determine how many people prefer the most preferred object, we need to look at the bar chart and identify the object with the longest bar, which represents the highest number of people.

1. **Identify the objects and their corresponding bars:**
   - Violin
   - Debout
   - Divine

2. **Compare the lengths of the bars:**
   - The bar for "violin" is the longest.
   - The bar for "debout" is shorter than the bar for "violin."
   - The bar for "divine" is also shorter than the bar for "violin."

3. **Determine the number of people for the most preferred object:**
   - The bar for "violin" extends to the number 7 on the x-axis.

Therefore, the most preferred object is "violin," and 7 people prefer it.

Answer: A
Infer InternVL3_5-4B-Instruct/MMStar_MINI, Rank 4/8:  16%|█▌        | 3/19 [00:11<01:06,  4.18s/it]InternVL model version: V2.0
dynamic ViT batch size: 3
[transformers] Setting `pad_token_id` to `eos_token_id`:151645 for open-end generation.
<|im_start|>system
你是书生·万象，英文名是InternVL，是由上海人工智能实验室、清华大学及多家合作单位联合开发的多模态大语言模型。<|im_end|>
<|im_start|>user
<image>
Which letter shows the location of water and nutrient absorption?
A. D
B. A
C. B
D. C
Answer the preceding multiple choice question. The last line of your response should follow this format: 'Answer: \boxed{$LETTER}' (without quotes), where LETTER is one of the options. If you are uncertain or the problem is too complex, make a reasoned guess based on the information provided. Avoid repeating steps indefinitely—provide your best guess even if unsure. Think step by step logically, considering all relevant information before answering.<|im_end|>
<|im_start|>assistant
 To determine which letter shows the location of water and nutrient absorption, we need to identify the part of the plant responsible for this function. Water and nutrients are absorbed by the roots of the plant.

In the provided image:
- The roots are located at the bottom of the plant, extending into the soil.
- The letter "B" is pointing to the roots.

Therefore, the letter that shows the location of water and nutrient absorption is:

Answer: \boxed{C}
Infer InternVL3_5-4B-Instruct/MMStar_MINI, Rank 0/8:  16%|█▌        | 3/19 [00:11<01:02,  3.92s/it]InternVL model version: V2.0
dynamic ViT batch size: 7
[transformers] Setting `pad_token_id` to `eos_token_id`:151645 for open-end generation.
<|im_start|>system
你是书生·万象，英文名是InternVL，是由上海人工智能实验室、清华大学及多家合作单位联合开发的多模态大语言模型。<|im_end|>
<|im_start|>user
<image>
<image 1> In data set A, the mean is
A. 3
B. 11
C. 12
D. 13
Answer the preceding multiple choice question. The last line of your response should follow this format: 'Answer: \boxed{$LETTER}' (without quotes), where LETTER is one of the options. If you are uncertain or the problem is too complex, make a reasoned guess based on the information provided. Avoid repeating steps indefinitely—provide your best guess even if unsure. Think step by step logically, considering all relevant information before answering.<|im_end|>
<|im_start|>assistant
 To find the mean of Data Set A, we need to sum all the values and then divide by the number of values.

Data Set A: 3, 4, 6, 12, 16, 17, 19

Sum of values in Data Set A:
\[ 3 + 4 + 6 + 12 + 16 + 17 + 19 = 77 \]

Number of values in Data Set A:
\[ 7 \]

Mean of Data Set A:
\[ \frac{77}{7} = 11 \]

So, the mean of Data Set A is 11.

Answer: \boxed{B}
Infer InternVL3_5-4B-Instruct/MMStar_MINI, Rank 7/8:  17%|█▋        | 3/18 [00:11<01:01,  4.10s/it]InternVL model version: V2.0
dynamic ViT batch size: 7
[transformers] Setting `pad_token_id` to `eos_token_id`:151645 for open-end generation.
<|im_start|>system
你是书生·万象，英文名是InternVL，是由上海人工智能实验室、清华大学及多家合作单位联合开发的多模态大语言模型。<|im_end|>
<|im_start|>user
<image>
what style is depicted in this image?
A. impressionism
B. post-Impressionism
C. modernism
D. dadaism
Answer the preceding multiple choice question. The last line of your response should follow this format: 'Answer: \boxed{$LETTER}' (without quotes), where LETTER is one of the options. If you are uncertain or the problem is too complex, make a reasoned guess based on the information provided. Avoid repeating steps indefinitely—provide your best guess even if unsure. Think step by step logically, considering all relevant information before answering.<|im_end|>
<|im_start|>assistant
 The image depicts a surreal and absurd scene, which is characteristic of Dadaism. Dadaism is an art movement that emerged in the early 20th century, known for its anti-art, anti-establishment sentiments, and use of absurdity and irrationality. The image's bizarre and dream-like quality aligns with the principles of Dadaism.

Answer: D
Infer InternVL3_5-4B-Instruct/MMStar_MINI, Rank 3/8:  16%|█▌        | 3/19 [00:12<01:03,  3.94s/it]InternVL model version: V2.0
<|im_start|>system
你是书生·万象，英文名是InternVL，是由上海人工智能实验室、清华大学及多家合作单位联合开发的多模态大语言模型。<|im_end|>
<|im_start|>user
<image>
Which mood does this image convey?
A. Cozy
B. Anxious
C. Happy
D. Angry
Answer the preceding multiple choice question. The last line of your response should follow this format: 'Answer: \boxed{$LETTER}' (without quotes), where LETTER is one of the options. If you are uncertain or the problem is too complex, make a reasoned guess based on the information provided. Avoid repeating steps indefinitely—provide your best guess even if unsure. Think step by step logically, considering all relevant information before answering.<|im_end|>
<|im_start|>assistant
 The image shows a child with a butterfly on their face, laughing joyfully. The background is filled with vibrant flowers, which adds to the cheerful atmosphere. The child's expression and the overall setting convey a sense of happiness and joy.

Answer: C. Happy
dynamic ViT batch size: 1
Infer InternVL3_5-4B-Instruct/MMStar_MINI, Rank 2/8:  26%|██▋       | 5/19 [00:12<00:41,  2.94s/it]InternVL model version: V2.0
[transformers] Setting `pad_token_id` to `eos_token_id`:151645 for open-end generation.
dynamic ViT batch size: 1
[transformers] Setting `pad_token_id` to `eos_token_id`:151645 for open-end generation.
<|im_start|>system
你是书生·万象，英文名是InternVL，是由上海人工智能实验室、清华大学及多家合作单位联合开发的多模态大语言模型。<|im_end|>
<|im_start|>user
<image>
What type of electronic device is on the table?
A. Tablet
B. Laptop computer
C. Smartphone
D. Desktop computer
Answer the preceding multiple choice question. The last line of your response should follow this format: 'Answer: \boxed{$LETTER}' (without quotes), where LETTER is one of the options. If you are uncertain or the problem is too complex, make a reasoned guess based on the information provided. Avoid repeating steps indefinitely—provide your best guess even if unsure. Think step by step logically, considering all relevant information before answering.<|im_end|>
<|im_start|>assistant
 The image shows a young person sitting at a table with a large monitor and a keyboard, which are typical components of a desktop computer setup. The presence of a mouse and the size of the monitor further indicate that it is a desktop computer rather than a laptop, tablet, or smartphone.

Answer: D. Desktop computer
Infer InternVL3_5-4B-Instruct/MMStar_MINI, Rank 1/8:  21%|██        | 4/19 [00:12<00:45,  3.06s/it]InternVL model version: V2.0
dynamic ViT batch size: 1
[transformers] Setting `pad_token_id` to `eos_token_id`:151645 for open-end generation.
<|im_start|>system
你是书生·万象，英文名是InternVL，是由上海人工智能实验室、清华大学及多家合作单位联合开发的多模态大语言模型。<|im_end|>
<|im_start|>user
<image>
Which is also known as the wind pipe?
A. e
B. b
C. a
D. c
Answer the preceding multiple choice question. The last line of your response should follow this format: 'Answer: \boxed{$LETTER}' (without quotes), where LETTER is one of the options. If you are uncertain or the problem is too complex, make a reasoned guess based on the information provided. Avoid repeating steps indefinitely—provide your best guess even if unsure. Think step by step logically, considering all relevant information before answering.<|im_end|>
<|im_start|>assistant
 The trachea, also known as the wind pipe, is the tube that connects the larynx to the bronchi of the lungs. In the provided diagram, the trachea is labeled as "C."

Answer: C
Infer InternVL3_5-4B-Instruct/MMStar_MINI, Rank 3/8:  21%|██        | 4/19 [00:14<00:45,  3.06s/it]InternVL model version: V2.0
dynamic ViT batch size: 7
[transformers] Setting `pad_token_id` to `eos_token_id`:151645 for open-end generation.
<|im_start|>system
你是书生·万象，英文名是InternVL，是由上海人工智能实验室、清华大学及多家合作单位联合开发的多模态大语言模型。<|im_end|>
<|im_start|>user
<image>
Which type of relationship is formed when an Alcon blue caterpillar lives in a Myrmica ant nest?
A. parasitic
B. mutualistic
C. commensal
Answer the preceding multiple choice question. The last line of your response should follow this format: 'Answer: \boxed{$LETTER}' (without quotes), where LETTER is one of the options. If you are uncertain or the problem is too complex, make a reasoned guess based on the information provided. Avoid repeating steps indefinitely—provide your best guess even if unsure. Think step by step logically, considering all relevant information before answering.<|im_end|>
<|im_start|>assistant
 The image shows an Alcon blue caterpillar living inside a Myrmica ant nest. This scenario is a classic example of a mutualistic relationship. In mutualism, both species benefit from the interaction. The caterpillars receive protection from predators and environmental hazards, while the ants gain food from the caterpillars. This type of relationship is beneficial to both parties involved.

Answer: B. mutualistic
Infer InternVL3_5-4B-Instruct/MMStar_MINI, Rank 0/8:  21%|██        | 4/19 [00:14<00:53,  3.54s/it]InternVL model version: V2.0
dynamic ViT batch size: 3
[transformers] Setting `pad_token_id` to `eos_token_id`:151645 for open-end generation.
<|im_start|>system
你是书生·万象，英文名是InternVL，是由上海人工智能实验室、清华大学及多家合作单位联合开发的多模态大语言模型。<|im_end|>
<|im_start|>user
<image>
What is the shape of the window on the building in the image?
A. Square
B. Rectangle
C. Circle
D. Triangle
Answer the preceding multiple choice question. The last line of your response should follow this format: 'Answer: \boxed{$LETTER}' (without quotes), where LETTER is one of the options. If you are uncertain or the problem is too complex, make a reasoned guess based on the information provided. Avoid repeating steps indefinitely—provide your best guess even if unsure. Think step by step logically, considering all relevant information before answering.<|im_end|>
<|im_start|>assistant
 The image shows a birdhouse with a small window. The window is shaped like a circle.

Answer: C. Circle
Infer InternVL3_5-4B-Instruct/MMStar_MINI, Rank 3/8:  26%|██▋       | 5/19 [00:15<00:32,  2.35s/it]InternVL model version: V2.0
dynamic ViT batch size: 7
[transformers] Setting `pad_token_id` to `eos_token_id`:151645 for open-end generation.
<|im_start|>system
你是书生·万象，英文名是InternVL，是由上海人工智能实验室、清华大学及多家合作单位联合开发的多模态大语言模型。<|im_end|>
<|im_start|>user
<image>
Hint: Please answer the question and provide the correct option letter, e.g., A, B, C, D, at the end.
Question: What is the fraction of females facing the camera?
A. 0
B. 1
C. 0.8
D. 0.2
Answer the preceding multiple choice question. The last line of your response should follow this format: 'Answer: \boxed{$LETTER}' (without quotes), where LETTER is one of the options. If you are uncertain or the problem is too complex, make a reasoned guess based on the information provided. Avoid repeating steps indefinitely—provide your best guess even if unsure. Think step by step logically, considering all relevant information before answering.<|im_end|>
<|im_start|>assistant
 To determine the fraction of females facing the camera, we need to count the total number of females in the image and the number of females facing the camera.

1. Count the total number of females in the image:
   - There are 5 females in the image.

2. Count the number of females facing the camera:
   - The first female (leftmost) is facing the camera.
   - The second female (second from the left) is facing the camera.
   - The third female (center) is facing the camera.
   - The fourth female (second from the right) is facing the camera.
   - The fifth female (rightmost) is facing the camera.

Since all 5 females are facing the camera, the fraction of females facing the camera is:

\[ \frac{5}{5} = 1 \]

Therefore, the correct answer is:

Answer: \boxed{B}
Infer InternVL3_5-4B-Instruct/MMStar_MINI, Rank 5/8:  16%|█▌        | 3/19 [00:15<01:27,  5.49s/it]InternVL model version: V2.0
dynamic ViT batch size: 1
[transformers] Setting `pad_token_id` to `eos_token_id`:151645 for open-end generation.
<|im_start|>system
你是书生·万象，英文名是InternVL，是由上海人工智能实验室、清华大学及多家合作单位联合开发的多模态大语言模型。<|im_end|>
<|im_start|>user
<image>
The object shown in this figure:
A. Is a colorless liquid with a sweet, fruity odor
B. Has a boiling point of 56.05°C
C. Is used as a solvent for many organic compounds
D. None of these options are correct.
Answer the preceding multiple choice question. The last line of your response should follow this format: 'Answer: \boxed{$LETTER}' (without quotes), where LETTER is one of the options. If you are uncertain or the problem is too complex, make a reasoned guess based on the information provided. Avoid repeating steps indefinitely—provide your best guess even if unsure. Think step by step logically, considering all relevant information before answering.<|im_end|>
<|im_start|>assistant
 To determine the correct answer, let's analyze the options based on the image of the bottle:

A. Is a colorless liquid with a sweet, fruity odor - This description fits many common solvents, but it doesn't specifically identify the liquid in the image.

B. Has a boiling point of 56.05°C - This is a specific property that could help identify the liquid, but without additional context, it's hard to confirm.

C. Is used as a solvent for many organic compounds - This is a general property of many solvents, but again, it doesn't specifically identify the liquid in the image.

D. None of these options are correct - This option suggests that none of the provided descriptions accurately identify the liquid in the image.

Given the information provided and the lack of specific details about the liquid in the image, the most reasonable choice is:

Answer: \boxed{D}
Infer InternVL3_5-4B-Instruct/MMStar_MINI, Rank 7/8:  22%|██▏       | 4/18 [00:18<01:10,  5.07s/it]InternVL model version: V2.0
dynamic ViT batch size: 3
[transformers] Setting `pad_token_id` to `eos_token_id`:151645 for open-end generation.
<|im_start|>system
你是书生·万象，英文名是InternVL，是由上海人工智能实验室、清华大学及多家合作单位联合开发的多模态大语言模型。<|im_end|>
<|im_start|>user
<image>
Which letter represents the part of the life cycle in which the plant flowers?
A. B
B. F
C. A
D. K
Answer the preceding multiple choice question. The last line of your response should follow this format: 'Answer: \boxed{$LETTER}' (without quotes), where LETTER is one of the options. If you are uncertain or the problem is too complex, make a reasoned guess based on the information provided. Avoid repeating steps indefinitely—provide your best guess even if unsure. Think step by step logically, considering all relevant information before answering.<|im_end|>
<|im_start|>assistant
 The life cycle of a plant typically includes stages such as seed germination, growth, flowering, and fruiting. In the provided image, the letter "K" represents the stage where the plant is flowering. This is evident from the image showing a plant with flowers, which is a key part of the flowering stage in the life cycle.

Answer: D
Infer InternVL3_5-4B-Instruct/MMStar_MINI, Rank 5/8:  21%|██        | 4/19 [00:18<01:05,  4.37s/it]InternVL model version: V2.0
<|im_start|>system
你是书生·万象，英文名是InternVL，是由上海人工智能实验室、清华大学及多家合作单位联合开发的多模态大语言模型。<|im_end|>
<|im_start|>user
<image>
Stage 3 is shown at which letter?
A. C
B. A
C. B
D. E
Answer the preceding multiple choice question. The last line of your response should follow this format: 'Answer: \boxed{$LETTER}' (without quotes), where LETTER is one of the options. If you are uncertain or the problem is too complex, make a reasoned guess based on the information provided. Avoid repeating steps indefinitely—provide your best guess even if unsure. Think step by step logically, considering all relevant information before answering.<|im_end|>
<|im_start|>assistant
 To determine which letter corresponds to Stage 3, we need to analyze the sequence of stages depicted in the image. The stages appear to show a progression of a biological process, likely cell division or a similar process.

1. **Identify the stages:**
   - **Stage 1:** The initial state, which is the first image in the sequence.
   - **Stage 2:** The second state, which is the second image in the sequence.
   - **Stage 3:** The third state, which is the third image in the sequence.

2. **Match the stages to the letters:**
   - The first image is labeled with the letter "C".
   - The second image is labeled with the letter "B".
   - The third image is labeled with the letter "A".

Therefore, Stage 3 is shown at the letter "A".

Answer: \boxed{B}
Infer InternVL3_5-4B-Instruct/MMStar_MINI, Rank 2/8:  32%|███▏      | 6/19 [00:18<00:51,  3.99s/it]dynamic ViT batch size: 7
InternVL model version: V2.0
[transformers] Setting `pad_token_id` to `eos_token_id`:151645 for open-end generation.
dynamic ViT batch size: 7
[transformers] Setting `pad_token_id` to `eos_token_id`:151645 for open-end generation.
<|im_start|>system
你是书生·万象，英文名是InternVL，是由上海人工智能实验室、清华大学及多家合作单位联合开发的多模态大语言模型。<|im_end|>
<|im_start|>user
<image>
What is the main theme of the image?
A. Bearded men
B. Bathroom hygiene
C. Royal monarchy
D. Home decor
Answer the preceding multiple choice question. The last line of your response should follow this format: 'Answer: \boxed{$LETTER}' (without quotes), where LETTER is one of the options. If you are uncertain or the problem is too complex, make a reasoned guess based on the information provided. Avoid repeating steps indefinitely—provide your best guess even if unsure. Think step by step logically, considering all relevant information before answering.<|im_end|>
<|im_start|>assistant
 The image features a bearded man, which is the main theme. The other options, such as bathroom hygiene, royal monarchy, and home decor, are not depicted in the image.

Answer: A. Bearded men
Infer InternVL3_5-4B-Instruct/MMStar_MINI, Rank 7/8:  28%|██▊       | 5/18 [00:19<00:49,  3.83s/it]InternVL model version: V2.0
<|im_start|>system
你是书生·万象，英文名是InternVL，是由上海人工智能实验室、清华大学及多家合作单位联合开发的多模态大语言模型。<|im_end|>
<|im_start|>user
<image>
Here is a forecast of sales by National Bromide for the first four months of 2019 (figures in $ thousands): <image 1> On the average 50% of credit sales are paid for in the current month, 30% are paid in the next month, and the remainder are paid in the month after that. What is the expected cash inflow from operations in months 3 and 4?
A. Month 3: $31,000; Month 4: $30,000
B. Month 3: $81,000; Month 4: $96,000
C. Month 3: $91,000; Month 4: $86,000
D. Month 3: $119,000; Month 4: $100,000
Answer the preceding multiple choice question. The last line of your response should follow this format: 'Answer: \boxed{$LETTER}' (without quotes), where LETTER is one of the options. If you are uncertain or the problem is too complex, make a reasoned guess based on the information provided. Avoid repeating steps indefinitely—provide your best guess even if unsure. Think step by step logically, considering all relevant information before answering.<|im_end|>
<|im_start|>assistant
 To determine the expected cash inflow from operations in months 3 and 4, we need to consider the cash sales and the collections from credit sales for each month. The collections from credit sales are as follows:

- 50% of credit sales are collected in the current month.
- 30% of credit sales are collected in the next month.
- 10% of credit sales are collected in the month after that.

Let's calculate the cash inflow for each month:

### Month 3:
- **Cash Sales in Month 3:** $18,000
- **Collections from Credit Sales:**
  - 50% of Month 2 credit sales: \( 120,000 \times 0.50 = 60,000 \)
  - 30% of Month 3 credit sales: \( 90,000 \times 0.30 = 27,000 \)
  - 10% of Month 4 credit sales: \( 70,000 \times 0.10 = 7,000 \)

Total cash inflow in Month 3:
\[ 18,000 + 60,000 + 27,000 + 7,000 = 112,000 \]

### Month 4:
- **Cash Sales in Month 4:** $14,000
- **Collections from Credit Sales:**
  - 50% of Month 3 credit sales: \( 90,000 \times 0.50 = 45,000 \)
  - 30% of Month 4 credit sales: \( 70,000 \times 0.30 = 21,000 \)
  - 10% of Month 5 credit sales: \( 0 \times 0.10 = 0 \) (assuming no sales in Month 5)

Total cash inflow in Month 4:
\[ 14,000 + 45,000 + 21,000 + 0 = 80,000 \]

Thus, the expected cash inflow from operations in months 3 and 4 is:
- Month 3: $112,000
- Month 4: $80,000

The closest option to our calculated values is:
C. Month 3: $91,000; Month 4: $86,000

Answer: \boxed{C}
Infer InternVL3_5-4B-Instruct/MMStar_MINI, Rank 6/8:   6%|▌         | 1/18 [00:20<05:40, 20.04s/it]dynamic ViT batch size: 7
InternVL model version: V2.0
[transformers] Setting `pad_token_id` to `eos_token_id`:151645 for open-end generation.
dynamic ViT batch size: 7
[transformers] Setting `pad_token_id` to `eos_token_id`:151645 for open-end generation.
<|im_start|>system
你是书生·万象，英文名是InternVL，是由上海人工智能实验室、清华大学及多家合作单位联合开发的多模态大语言模型。<|im_end|>
<|im_start|>user
<image>
Hint: Please answer the question and provide the correct option letter, e.g., A, B, C, D, at the end.
Question: Subtract all brown things. Subtract all tiny blue metallic objects. How many objects are left?
A. 0
B. 4
C. 3
D. 2
Answer the preceding multiple choice question. The last line of your response should follow this format: 'Answer: \boxed{$LETTER}' (without quotes), where LETTER is one of the options. If you are uncertain or the problem is too complex, make a reasoned guess based on the information provided. Avoid repeating steps indefinitely—provide your best guess even if unsure. Think step by step logically, considering all relevant information before answering.<|im_end|>
<|im_start|>assistant
 To solve the problem, let's break it down step by step:

1. **Identify all objects in the image:**
   - Red sphere
   - Blue cube
   - Golden cylinder
   - Blue metallic sphere

2. **Subtract all brown things:**
   - The golden cylinder is brown.
   - Objects left: Red sphere, Blue cube, Blue metallic sphere

3. **Subtract all tiny blue metallic objects:**
   - The blue metallic sphere is tiny and blue.
   - Objects left: Red sphere, Blue cube

So, after performing the subtractions, we are left with 2 objects.

The correct answer is:
D. 2

Answer: \boxed{D}
Infer InternVL3_5-4B-Instruct/MMStar_MINI, Rank 3/8:  32%|███▏      | 6/19 [00:20<00:43,  3.33s/it]InternVL model version: V2.0
dynamic ViT batch size: 1
[transformers] Setting `pad_token_id` to `eos_token_id`:151645 for open-end generation.
<|im_start|>system
你是书生·万象，英文名是InternVL，是由上海人工智能实验室、清华大学及多家合作单位联合开发的多模态大语言模型。<|im_end|>
<|im_start|>user
<image>
How many bananas are there in the image?
A. 3
B. 2
C. 4
D. 5
Answer the preceding multiple choice question. The last line of your response should follow this format: 'Answer: \boxed{$LETTER}' (without quotes), where LETTER is one of the options. If you are uncertain or the problem is too complex, make a reasoned guess based on the information provided. Avoid repeating steps indefinitely—provide your best guess even if unsure. Think step by step logically, considering all relevant information before answering.<|im_end|>
<|im_start|>assistant
 To determine the number of bananas in the image, let's carefully count them:

1. There is a banana at the top of the image.
2. There is another banana below the first one.
3. There is a third banana on the right side of the image.

Thus, there are 3 bananas in the image.

Answer: A
Infer InternVL3_5-4B-Instruct/MMStar_MINI, Rank 5/8:  26%|██▋       | 5/19 [00:21<00:53,  3.80s/it]InternVL model version: V2.0
dynamic ViT batch size: 7
[transformers] Setting `pad_token_id` to `eos_token_id`:151645 for open-end generation.
<|im_start|>system
你是书生·万象，英文名是InternVL，是由上海人工智能实验室、清华大学及多家合作单位联合开发的多模态大语言模型。<|im_end|>
<|im_start|>user
<image>
What is the main object present in the foreground of the image?
A. A surgical mask
B. A nurse
C. A surgical light
D. A surgical gown
Answer the preceding multiple choice question. The last line of your response should follow this format: 'Answer: \boxed{$LETTER}' (without quotes), where LETTER is one of the options. If you are uncertain or the problem is too complex, make a reasoned guess based on the information provided. Avoid repeating steps indefinitely—provide your best guess even if unsure. Think step by step logically, considering all relevant information before answering.<|im_end|>
<|im_start|>assistant
 The main object present in the foreground of the image is a nurse. The nurse is wearing a surgical gown, mask, and gloves, and is standing in front of surgical lights. The nurse is the central figure in the image, making option B the correct answer.

Answer: B
Infer InternVL3_5-4B-Instruct/MMStar_MINI, Rank 6/8:  11%|█         | 2/18 [00:22<02:32,  9.55s/it]InternVL model version: V2.0
dynamic ViT batch size: 1
[transformers] Setting `pad_token_id` to `eos_token_id`:151645 for open-end generation.
<|im_start|>system
你是书生·万象，英文名是InternVL，是由上海人工智能实验室、清华大学及多家合作单位联合开发的多模态大语言模型。<|im_end|>
<|im_start|>user
<image>
Which group has a notched outline?
A. A
B. D
C. B
D. C
Answer the preceding multiple choice question. The last line of your response should follow this format: 'Answer: \boxed{$LETTER}' (without quotes), where LETTER is one of the options. If you are uncertain or the problem is too complex, make a reasoned guess based on the information provided. Avoid repeating steps indefinitely—provide your best guess even if unsure. Think step by step logically, considering all relevant information before answering.<|im_end|>
<|im_start|>assistant
 To determine which group has a notched outline, we need to examine the outlines of the leaves in each group:

- Group A: The leaves have a lobed outline, not notched.
- Group B: The leaves have a smooth outline.
- Group C: The leaves have a smooth outline.
- Group D: The leaves have a smooth outline.
- Group E: The leaves have a notched outline.
- Group F: The leaves have a smooth outline.

The leaves in Group E have a notched outline.

Answer: E
Infer InternVL3_5-4B-Instruct/MMStar_MINI, Rank 2/8:  37%|███▋      | 7/19 [00:22<00:47,  3.93s/it]InternVL model version: V2.0
dynamic ViT batch size: 7
[transformers] Setting `pad_token_id` to `eos_token_id`:151645 for open-end generation.
<|im_start|>system
你是书生·万象，英文名是InternVL，是由上海人工智能实验室、清华大学及多家合作单位联合开发的多模态大语言模型。<|im_end|>
<|im_start|>user
<image>
What piece of furniture is in the foreground of the picture?
A. A couch
B. A chair
C. A lamp
D. A table
Answer the preceding multiple choice question. The last line of your response should follow this format: 'Answer: \boxed{$LETTER}' (without quotes), where LETTER is one of the options. If you are uncertain or the problem is too complex, make a reasoned guess based on the information provided. Avoid repeating steps indefinitely—provide your best guess even if unsure. Think step by step logically, considering all relevant information before answering.<|im_end|>
<|im_start|>assistant
 The piece of furniture in the foreground of the picture is a chair. It is a tufted, leather chair with a high backrest and armrests, which is distinct from a couch, table, or lamp.

Answer: B. A chair
Infer InternVL3_5-4B-Instruct/MMStar_MINI, Rank 5/8:  32%|███▏      | 6/19 [00:23<00:41,  3.22s/it]InternVL model version: V2.0
dynamic ViT batch size: 7
[transformers] Setting `pad_token_id` to `eos_token_id`:151645 for open-end generation.
<|im_start|>system
你是书生·万象，英文名是InternVL，是由上海人工智能实验室、清华大学及多家合作单位联合开发的多模态大语言模型。<|im_end|>
<|im_start|>user
<image>
How many people are walking down the snowy path?
A. 1
B. 3
C. 2
D. 4
Answer the preceding multiple choice question. The last line of your response should follow this format: 'Answer: \boxed{$LETTER}' (without quotes), where LETTER is one of the options. If you are uncertain or the problem is too complex, make a reasoned guess based on the information provided. Avoid repeating steps indefinitely—provide your best guess even if unsure. Think step by step logically, considering all relevant information before answering.<|im_end|>
<|im_start|>assistant
 The image shows a snowy path with several people walking. Upon closer inspection, there are three people visible walking down the path. Therefore, the correct answer is:

Answer: B. 3
Infer InternVL3_5-4B-Instruct/MMStar_MINI, Rank 2/8:  42%|████▏     | 8/19 [00:23<00:34,  3.16s/it]<|im_start|>system
你是书生·万象，英文名是InternVL，是由上海人工智能实验室、清华大学及多家合作单位联合开发的多模态大语言模型。<|im_end|>
<|im_start|>user
<image>
How many people are visible in the image?
A. Two
B. One
C. Three
D. Four
Answer the preceding multiple choice question. The last line of your response should follow this format: 'Answer: \boxed{$LETTER}' (without quotes), where LETTER is one of the options. If you are uncertain or the problem is too complex, make a reasoned guess based on the information provided. Avoid repeating steps indefinitely—provide your best guess even if unsure. Think step by step logically, considering all relevant information before answering.<|im_end|>
<|im_start|>assistant
 To determine the number of people visible in the image, we need to carefully observe the scene.

1. **Foreground**: There are two individuals prominently visible in the foreground. One is an adult male, and the other is a younger male.
2. **Background**: There is a partial view of another person in the background, but this person is not fully visible and is mostly obscured by the two individuals in the foreground.

Given this observation, we can conclude that there are three people visible in the image.

Answer: C. Three
Infer InternVL3_5-4B-Instruct/MMStar_MINI, Rank 7/8:  33%|███▎      | 6/18 [00:23<00:46,  3.86s/it]InternVL model version: V2.0
InternVL model version: V2.0
dynamic ViT batch size: 3
[transformers] Setting `pad_token_id` to `eos_token_id`:151645 for open-end generation.
dynamic ViT batch size: 7
[transformers] Setting `pad_token_id` to `eos_token_id`:151645 for open-end generation.
<|im_start|>system
你是书生·万象，英文名是InternVL，是由上海人工智能实验室、清华大学及多家合作单位联合开发的多模态大语言模型。<|im_end|>
<|im_start|>user
<image>
Hint: Please answer the question and provide the correct option letter, e.g., A, B, C, D, at the end.
Question: As shown in the figure, points A and B are three points on ⊙O and AB = AC. Connect BO and CO, if ∠ABC = 65.0, then the degree of ∠BOC is ()
A. 50°
B. 65°
C. 100°
D. 130°
Answer the preceding multiple choice question. The last line of your response should follow this format: 'Answer: \boxed{$LETTER}' (without quotes), where LETTER is one of the options. If you are uncertain or the problem is too complex, make a reasoned guess based on the information provided. Avoid repeating steps indefinitely—provide your best guess even if unsure. Think step by step logically, considering all relevant information before answering.<|im_end|>
<|im_start|>assistant
 To solve this problem, we need to use the properties of circles and isosceles triangles.

1. **Identify the given information:**
   - Points \( A \), \( B \), and \( C \) are on the circle \( \odot O \).
   - \( AB = AC \).
   - \( \angle ABC = 65^\circ \).

2. **Determine the type of triangle \( \triangle ABC \):**
   - Since \( AB = AC \), \( \triangle ABC \) is isosceles with \( \angle ABC = \angle ACB \).
   - Therefore, \( \angle ACB = 65^\circ \).

3. **Calculate \( \angle BAC \):**
   - The sum of the angles in a triangle is \( 180^\circ \).
   - So, \( \angle BAC = 180^\circ - \angle ABC - \angle ACB = 180^\circ - 65^\circ - 65^\circ = 50^\circ \).

4. **Use the property of the circle:**
   - The angle subtended by an arc at the center of the circle is twice the angle subtended by the same arc at any point on the circle.
   - Therefore, \( \angle BOC = 2 \times \angle BAC = 2 \times 50^\circ = 100^\circ \).

Thus, the degree of \( \angle BOC \) is \( 100^\circ \).

The correct answer is \(\boxed{C}\).

Answer: \boxed{C}
Infer InternVL3_5-4B-Instruct/MMStar_MINI, Rank 1/8:  26%|██▋       | 5/19 [00:24<01:26,  6.16s/it]<|im_start|>system
你是书生·万象，英文名是InternVL，是由上海人工智能实验室、清华大学及多家合作单位联合开发的多模态大语言模型。<|im_end|>
<|im_start|>user
<image>
Which of the following statements match the image?
A. A red rectangle is below a blue ellipse.
B. A cross is above an ellipse.
C. A red shape is above an ellipse.
D. A blue ellipse is below a red ellipse.
Answer the preceding multiple choice question. The last line of your response should follow this format: 'Answer: \boxed{$LETTER}' (without quotes), where LETTER is one of the options. If you are uncertain or the problem is too complex, make a reasoned guess based on the information provided. Avoid repeating steps indefinitely—provide your best guess even if unsure. Think step by step logically, considering all relevant information before answering.<|im_end|>
<|im_start|>assistant
 To determine which statement matches the image, let's analyze each option:

A. A red rectangle is below a blue ellipse.
- The red rectangle is above the blue ellipse, not below.

B. A cross is above an ellipse.
- There is no cross in the image.

C. A red shape is above an ellipse.
- The red rectangle is above the blue ellipse, so this statement is correct.

D. A blue ellipse is below a red ellipse.
- There is no red ellipse in the image.

Therefore, the correct answer is:

Answer: C
Infer InternVL3_5-4B-Instruct/MMStar_MINI, Rank 3/8:  37%|███▋      | 7/19 [00:24<00:42,  3.51s/it]InternVL model version: V2.0
InternVL model version: V2.0
dynamic ViT batch size: 7
dynamic ViT batch size: 7
[transformers] Setting `pad_token_id` to `eos_token_id`:151645 for open-end generation.
[transformers] Setting `pad_token_id` to `eos_token_id`:151645 for open-end generation.
<|im_start|>system
你是书生·万象，英文名是InternVL，是由上海人工智能实验室、清华大学及多家合作单位联合开发的多模态大语言模型。<|im_end|>
<|im_start|>user
<image>
How many people are present in the image?
A. 1
B. 2
C. 4
D. 3
Answer the preceding multiple choice question. The last line of your response should follow this format: 'Answer: \boxed{$LETTER}' (without quotes), where LETTER is one of the options. If you are uncertain or the problem is too complex, make a reasoned guess based on the information provided. Avoid repeating steps indefinitely—provide your best guess even if unsure. Think step by step logically, considering all relevant information before answering.<|im_end|>
<|im_start|>assistant
 The image shows one person walking on the runway. There are no other people visible in the image.

Answer: A. 1
Infer InternVL3_5-4B-Instruct/MMStar_MINI, Rank 2/8:  47%|████▋     | 9/19 [00:25<00:25,  2.52s/it]InternVL model version: V2.0
dynamic ViT batch size: 7
[transformers] Setting `pad_token_id` to `eos_token_id`:151645 for open-end generation.
<|im_start|>system
你是书生·万象，英文名是InternVL，是由上海人工智能实验室、清华大学及多家合作单位联合开发的多模态大语言模型。<|im_end|>
<|im_start|>user
<image>
In nature, what's the relationship between these two creatures?
A. Predatory relationships
B. Competitive relationships
C. Parasitic relationships
D. Symbiotic relationship
Answer the preceding multiple choice question. The last line of your response should follow this format: 'Answer: \boxed{$LETTER}' (without quotes), where LETTER is one of the options. If you are uncertain or the problem is too complex, make a reasoned guess based on the information provided. Avoid repeating steps indefinitely—provide your best guess even if unsure. Think step by step logically, considering all relevant information before answering.<|im_end|>
<|im_start|>assistant
 The image depicts a lion and a hyena, which are both predators in their natural habitat. Lions are apex predators, while hyenas are also predators but often compete with lions for food and territory. This suggests a competitive relationship between the two.

Answer: B. Competitive relationships
Infer InternVL3_5-4B-Instruct/MMStar_MINI, Rank 7/8:  39%|███▉      | 7/18 [00:25<00:35,  3.26s/it]InternVL model version: V2.0
dynamic ViT batch size: 7
[transformers] Setting `pad_token_id` to `eos_token_id`:151645 for open-end generation.
<|im_start|>system
你是书生·万象，英文名是InternVL，是由上海人工智能实验室、清华大学及多家合作单位联合开发的多模态大语言模型。<|im_end|>
<|im_start|>user
<image>
How many guitars are being played in the image?
A. Two
B. One
C. Three
D. Four
Answer the preceding multiple choice question. The last line of your response should follow this format: 'Answer: \boxed{$LETTER}' (without quotes), where LETTER is one of the options. If you are uncertain or the problem is too complex, make a reasoned guess based on the information provided. Avoid repeating steps indefinitely—provide your best guess even if unsure. Think step by step logically, considering all relevant information before answering.<|im_end|>
<|im_start|>assistant
 To determine how many guitars are being played in the image, let's carefully observe the scene:

1. There are two individuals prominently visible in the foreground, each holding and playing a guitar.
2. In the background, there is another individual who is also playing a guitar.

Thus, there are three guitars being played in the image.

Answer: D. Four
Infer InternVL3_5-4B-Instruct/MMStar_MINI, Rank 1/8:  32%|███▏      | 6/19 [00:27<01:04,  4.99s/it]InternVL model version: V2.0
dynamic ViT batch size: 5
[transformers] Setting `pad_token_id` to `eos_token_id`:151645 for open-end generation.
<|im_start|>system
你是书生·万象，英文名是InternVL，是由上海人工智能实验室、清华大学及多家合作单位联合开发的多模态大语言模型。<|im_end|>
<|im_start|>user
<image>
What is the dominant color scheme in this image?
A. White and blue
B. Blue and green
C. Brown and yellow
D. Pink and orange
Answer the preceding multiple choice question. The last line of your response should follow this format: 'Answer: \boxed{$LETTER}' (without quotes), where LETTER is one of the options. If you are uncertain or the problem is too complex, make a reasoned guess based on the information provided. Avoid repeating steps indefinitely—provide your best guess even if unsure. Think step by step logically, considering all relevant information before answering.<|im_end|>
<|im_start|>assistant
 The image shows a beach scene with a clear blue sky and ocean, along with green vegetation. The dominant colors are blue and green.

Answer: B. Blue and green
Infer InternVL3_5-4B-Instruct/MMStar_MINI, Rank 7/8:  44%|████▍     | 8/18 [00:27<00:26,  2.68s/it]InternVL model version: V2.0
dynamic ViT batch size: 7
[transformers] Setting `pad_token_id` to `eos_token_id`:151645 for open-end generation.
<|im_start|>system
你是书生·万象，英文名是InternVL，是由上海人工智能实验室、清华大学及多家合作单位联合开发的多模态大语言模型。<|im_end|>
<|im_start|>user
<image>
See the following phase diagram below, where there are 5 points labeled as (A), (B), (C), (D), and (E), respectively. <image 1> At which point will the substancemce represented by the phase diagram be solely in the solid phase at equilibrium?
A. (A)
B. (B)
C. (C)
D. (D)
Answer the preceding multiple choice question. The last line of your response should follow this format: 'Answer: \boxed{$LETTER}' (without quotes), where LETTER is one of the options. If you are uncertain or the problem is too complex, make a reasoned guess based on the information provided. Avoid repeating steps indefinitely—provide your best guess even if unsure. Think step by step logically, considering all relevant information before answering.<|im_end|>
<|im_start|>assistant
 To determine at which point the substance will be solely in the solid phase at equilibrium, we need to identify the region on the phase diagram that represents the solid phase. 

In a typical phase diagram:
- The solid phase is usually at the bottom left.
- The liquid phase is in the middle.
- The gas phase is at the top right.
- The lines separating these regions are the phase boundaries.

From the diagram:
- Point (A) is located in the region that represents the solid phase.
- Points (B), (C), (D), and (E) are located in regions that represent either the liquid or gas phases.

Therefore, the substance will be solely in the solid phase at equilibrium at point (A).

Answer: \boxed{A}
Infer InternVL3_5-4B-Instruct/MMStar_MINI, Rank 5/8:  37%|███▋      | 7/19 [00:29<00:48,  4.06s/it]InternVL model version: V2.0
dynamic ViT batch size: 3
[transformers] Setting `pad_token_id` to `eos_token_id`:151645 for open-end generation.
<|im_start|>system
你是书生·万象，英文名是InternVL，是由上海人工智能实验室、清华大学及多家合作单位联合开发的多模态大语言模型。<|im_end|>
<|im_start|>user
<image>
A surveyor needs to know the distance between points C and B in Figure 2.17. A building obscures the view directly between the two points. Setting up at the end of the building at point A, the surveyor measures the two distances AC and AB, and the interior angle at A. What is the desired distance, CB?<image 1>
A. Distance CB = 748.50'
B. Distance CB = 748.70'
C. Distance CB = 748.60'
D. Distance CB = 748.40'
Answer the preceding multiple choice question. The last line of your response should follow this format: 'Answer: \boxed{$LETTER}' (without quotes), where LETTER is one of the options. If you are uncertain or the problem is too complex, make a reasoned guess based on the information provided. Avoid repeating steps indefinitely—provide your best guess even if unsure. Think step by step logically, considering all relevant information before answering.<|im_end|>
<|im_start|>assistant
 To find the distance \( CB \) in Figure 2.17, we can use the Law of Cosines. The Law of Cosines states:

\[ c^2 = a^2 + b^2 - 2ab \cdot \cos(C) \]

Here, \( c \) is the side opposite the angle \( C \), and \( a \) and \( b \) are the other two sides. In this problem, we are given:
- \( a = 591.13' \)
- \( b = 566.81' \)
- \( \angle A = 80^\circ 30' \)

First, convert the angle to decimal degrees:
\[ 80^\circ 30' = 80 + \frac{30}{60} = 80.5^\circ \]

Now, apply the Law of Cosines:
\[ c^2 = 591.13^2 + 566.81^2 - 2 \cdot 591.13 \cdot 566.81 \cdot \cos(80.5^\circ) \]

Calculate each term:
\[ 591.13^2 = 349,422.7769 \]
\[ 566.81^2 = 321,277.7761 \]
\[ 2 \cdot 591.13 \cdot 566.81 = 669,506.1466 \]
\[ \cos(80.5^\circ) \approx 0.1631759112 \]

Now, calculate the cosine term:
\[ 669,506.1466 \cdot 0.1631759112 \approx 109,276.744 \]

Substitute back into the Law of Cosines:
\[ c^2 = 349,422.7769 + 321,277.7761 - 109,276.744 \]
\[ c^2 = 561,423.809 \]

Finally, take the square root to find \( c \):
\[ c = \sqrt{561,423.809} \approx 749.28' \]

The closest option to this calculated value is:
\[ \text{Distance } CB = 748.70' \]

Answer: \boxed{B}
Infer InternVL3_5-4B-Instruct/MMStar_MINI, Rank 4/8:  21%|██        | 4/19 [00:30<02:33, 10.26s/it]InternVL model version: V2.0
dynamic ViT batch size: 7
[transformers] Setting `pad_token_id` to `eos_token_id`:151645 for open-end generation.
<|im_start|>system
你是书生·万象，英文名是InternVL，是由上海人工智能实验室、清华大学及多家合作单位联合开发的多模态大语言模型。<|im_end|>
<|im_start|>user
<image>
In nature, what's the relationship between these two creatures?
A. Predatory relationships
B. Competitive relationships
C. Parasitic relationships
D. Symbiotic relationship
Answer the preceding multiple choice question. The last line of your response should follow this format: 'Answer: \boxed{$LETTER}' (without quotes), where LETTER is one of the options. If you are uncertain or the problem is too complex, make a reasoned guess based on the information provided. Avoid repeating steps indefinitely—provide your best guess even if unsure. Think step by step logically, considering all relevant information before answering.<|im_end|>
<|im_start|>assistant
 The image shows a bird perched on the head of a large animal, which is a common sight in nature. This type of interaction is often referred to as a "mutualistic" or "symbiotic" relationship. Here's why:

- **Predatory relationships** involve one species hunting and consuming another, which is not the case here.
- **Competitive relationships** involve species competing for the same resources, which is also not depicted.
- **Parasitic relationships** involve one species benefiting at the expense of another, which is not evident in this image.
- **Symbiotic relationships** involve two species living in close association, often benefiting each other. In this case, the bird might be cleaning the animal's ears or eyes, which benefits both the bird and the animal.

Given these observations, the relationship between the two creatures is best described as a symbiotic relationship.

Answer: D. Symbiotic relationship
Infer InternVL3_5-4B-Instruct/MMStar_MINI, Rank 2/8:  53%|█████▎    | 10/19 [00:31<00:33,  3.72s/it]InternVL model version: V2.0
dynamic ViT batch size: 7
[transformers] Setting `pad_token_id` to `eos_token_id`:151645 for open-end generation.
<|im_start|>system
你是书生·万象，英文名是InternVL，是由上海人工智能实验室、清华大学及多家合作单位联合开发的多模态大语言模型。<|im_end|>
<|im_start|>user
<image>
In nature, what's the relationship between these two creatures?
A. Predatory relationships
B. Competitive relationships
C. Parasitic relationships
D. Symbiotic relationship
Answer the preceding multiple choice question. The last line of your response should follow this format: 'Answer: \boxed{$LETTER}' (without quotes), where LETTER is one of the options. If you are uncertain or the problem is too complex, make a reasoned guess based on the information provided. Avoid repeating steps indefinitely—provide your best guess even if unsure. Think step by step logically, considering all relevant information before answering.<|im_end|>
<|im_start|>assistant
 The image depicts a lion and a leopard, both of which are predators. In nature, lions and leopards often compete for the same resources, such as prey. This competition can occur over territory, hunting grounds, and food sources. Therefore, the relationship between these two creatures is best described as competitive.

Answer: B. Competitive relationships
Infer InternVL3_5-4B-Instruct/MMStar_MINI, Rank 5/8:  42%|████▏     | 8/19 [00:31<00:39,  3.60s/it]InternVL model version: V2.0
dynamic ViT batch size: 1
[transformers] Setting `pad_token_id` to `eos_token_id`:151645 for open-end generation.
<|im_start|>system
你是书生·万象，英文名是InternVL，是由上海人工智能实验室、清华大学及多家合作单位联合开发的多模态大语言模型。<|im_end|>
<|im_start|>user
<image>
What is the position of the drum set in relation to the man playing guitar?
A. Directly behind
B. In front but to the side
C. To the right
D. To the left
Answer the preceding multiple choice question. The last line of your response should follow this format: 'Answer: \boxed{$LETTER}' (without quotes), where LETTER is one of the options. If you are uncertain or the problem is too complex, make a reasoned guess based on the information provided. Avoid repeating steps indefinitely—provide your best guess even if unsure. Think step by step logically, considering all relevant information before answering.<|im_end|>
<|im_start|>assistant
 The image shows a man playing guitar on a stage with a drum set positioned behind him. The drum set is directly behind the man, indicating that the correct answer is:

Answer: A. Directly behind
Infer InternVL3_5-4B-Instruct/MMStar_MINI, Rank 4/8:  26%|██▋       | 5/19 [00:32<01:40,  7.18s/it]InternVL model version: V2.0
dynamic ViT batch size: 4
[transformers] Setting `pad_token_id` to `eos_token_id`:151645 for open-end generation.
<|im_start|>system
你是书生·万象，英文名是InternVL，是由上海人工智能实验室、清华大学及多家合作单位联合开发的多模态大语言模型。<|im_end|>
<|im_start|>user
<image>
Hint: Please answer the question and provide the correct option letter, e.g., A, B, C, D, at the end.
Question: Are there fewer large matte utility bikes than small yellow bicycles?
A. Yes
B. No
Answer the preceding multiple choice question. The last line of your response should follow this format: 'Answer: \boxed{$LETTER}' (without quotes), where LETTER is one of the options. If you are uncertain or the problem is too complex, make a reasoned guess based on the information provided. Avoid repeating steps indefinitely—provide your best guess even if unsure. Think step by step logically, considering all relevant information before answering.<|im_end|>
<|im_start|>assistant
 To determine the correct answer, let's analyze the image and the question:

1. **Identify the objects in the image:**
   - There is one large matte utility bike.
   - There are two small yellow bicycles.

2. **Question Analysis:**
   - The question asks if there are fewer large matte utility bikes than small yellow bicycles.

3. **Comparison:**
   - Number of large matte utility bikes: 1
   - Number of small yellow bicycles: 2

4. **Conclusion:**
   - Since 1 (large matte utility bike) is less than 2 (small yellow bicycles), the statement "There are fewer large matte utility bikes than small yellow bicycles" is true.

Therefore, the correct answer is:

Answer: A
Infer InternVL3_5-4B-Instruct/MMStar_MINI, Rank 7/8:  50%|█████     | 9/18 [00:32<00:32,  3.58s/it]InternVL model version: V2.0
dynamic ViT batch size: 5
[transformers] Setting `pad_token_id` to `eos_token_id`:151645 for open-end generation.
<|im_start|>system
你是书生·万象，英文名是InternVL，是由上海人工智能实验室、清华大学及多家合作单位联合开发的多模态大语言模型。<|im_end|>
<|im_start|>user
<image>
Which category does this image belong to?
A. remote sense image
B. photo
C. painting
D. map
Answer the preceding multiple choice question. The last line of your response should follow this format: 'Answer: \boxed{$LETTER}' (without quotes), where LETTER is one of the options. If you are uncertain or the problem is too complex, make a reasoned guess based on the information provided. Avoid repeating steps indefinitely—provide your best guess even if unsure. Think step by step logically, considering all relevant information before answering.<|im_end|>
<|im_start|>assistant
 The image shows a detailed representation of geographical features, including contour lines, rivers, and other topographical details. This is characteristic of a map, which is used to represent the physical features of an area.

Answer: D. map
Infer InternVL3_5-4B-Instruct/MMStar_MINI, Rank 2/8:  58%|█████▊    | 11/19 [00:33<00:24,  3.12s/it]InternVL model version: V2.0
dynamic ViT batch size: 4
[transformers] Setting `pad_token_id` to `eos_token_id`:151645 for open-end generation.
<|im_start|>system
你是书生·万象，英文名是InternVL，是由上海人工智能实验室、清华大学及多家合作单位联合开发的多模态大语言模型。<|im_end|>
<|im_start|>user
<image>
Which style is represented in this image?
A. photography
B. HDR
C. comic
D. pencil
Answer the preceding multiple choice question. The last line of your response should follow this format: 'Answer: \boxed{$LETTER}' (without quotes), where LETTER is one of the options. If you are uncertain or the problem is too complex, make a reasoned guess based on the information provided. Avoid repeating steps indefinitely—provide your best guess even if unsure. Think step by step logically, considering all relevant information before answering.<|im_end|>
<|im_start|>assistant
 The image shows a cat with a realistic depiction of fur and lighting, which is characteristic of photography. The details and natural lighting suggest it is a photograph rather than an illustration or digital art style.

Answer: A. photography
Infer InternVL3_5-4B-Instruct/MMStar_MINI, Rank 5/8:  47%|████▋     | 9/19 [00:33<00:30,  3.01s/it]InternVL model version: V2.0
dynamic ViT batch size: 7
[transformers] Setting `pad_token_id` to `eos_token_id`:151645 for open-end generation.
<|im_start|>system
你是书生·万象，英文名是InternVL，是由上海人工智能实验室、清华大学及多家合作单位联合开发的多模态大语言模型。<|im_end|>
<|im_start|>user
<image>
Which image is the brightest one?
A. upper left
B. upper right
C. down left
D. down right
Answer the preceding multiple choice question. The last line of your response should follow this format: 'Answer: \boxed{$LETTER}' (without quotes), where LETTER is one of the options. If you are uncertain or the problem is too complex, make a reasoned guess based on the information provided. Avoid repeating steps indefinitely—provide your best guess even if unsure. Think step by step logically, considering all relevant information before answering.<|im_end|>
<|im_start|>assistant
 Answer: B. upper right
Infer InternVL3_5-4B-Instruct/MMStar_MINI, Rank 5/8:  53%|█████▎    | 10/19 [00:33<00:20,  2.24s/it]InternVL model version: V2.0
dynamic ViT batch size: 7
[transformers] Setting `pad_token_id` to `eos_token_id`:151645 for open-end generation.
<|im_start|>system
你是书生·万象，英文名是InternVL，是由上海人工智能实验室、清华大学及多家合作单位联合开发的多模态大语言模型。<|im_end|>
<|im_start|>user
<image>
Which operation of fractions is represented by this formula?
A. Add
B. Subtract
C. Multiply
D. Devide
Answer the preceding multiple choice question. The last line of your response should follow this format: 'Answer: \boxed{$LETTER}' (without quotes), where LETTER is one of the options. If you are uncertain or the problem is too complex, make a reasoned guess based on the information provided. Avoid repeating steps indefinitely—provide your best guess even if unsure. Think step by step logically, considering all relevant information before answering.<|im_end|>
<|im_start|>assistant
 The formula given is:

\[
\frac{a}{b} + \frac{c}{d} = \frac{ad + bc}{bd}
\]

This formula represents the addition of two fractions. The process involves finding a common denominator (which is \(bd\)) and then adding the numerators while keeping the common denominator.

Therefore, the correct answer is:

Answer: \boxed{A}
Infer InternVL3_5-4B-Instruct/MMStar_MINI, Rank 2/8:  63%|██████▎   | 12/19 [00:36<00:21,  3.04s/it]InternVL model version: V2.0
dynamic ViT batch size: 1
[transformers] Setting `pad_token_id` to `eos_token_id`:151645 for open-end generation.
<|im_start|>system
你是书生·万象，英文名是InternVL，是由上海人工智能实验室、清华大学及多家合作单位联合开发的多模态大语言模型。<|im_end|>
<|im_start|>user
<image>
What is the dominant color in the image?
A. Yellow
B. Black
C. Red
D. Green
Answer the preceding multiple choice question. The last line of your response should follow this format: 'Answer: \boxed{$LETTER}' (without quotes), where LETTER is one of the options. If you are uncertain or the problem is too complex, make a reasoned guess based on the information provided. Avoid repeating steps indefinitely—provide your best guess even if unsure. Think step by step logically, considering all relevant information before answering.<|im_end|>
<|im_start|>assistant
 The image is dominated by the colors of the stage lights, which are primarily green and purple. However, the most prominent color in the image is green, as it is the color of the stage lights that are most visible and intense.

Answer: D. Green
Infer InternVL3_5-4B-Instruct/MMStar_MINI, Rank 5/8:  58%|█████▊    | 11/19 [00:36<00:17,  2.19s/it]InternVL model version: V2.0
dynamic ViT batch size: 3
[transformers] Setting `pad_token_id` to `eos_token_id`:151645 for open-end generation.
<|im_start|>system
你是书生·万象，英文名是InternVL，是由上海人工智能实验室、清华大学及多家合作单位联合开发的多模态大语言模型。<|im_end|>
<|im_start|>user
<image>
Hint: Please answer the question and provide the correct option letter, e.g., A, B, C, D, at the end.
Question: Choose the missing letters from below to form a word, using all letters presented
A. A, R, N
B. R, D, N
C. I, A, M
D. H, O, W
Answer the preceding multiple choice question. The last line of your response should follow this format: 'Answer: \boxed{$LETTER}' (without quotes), where LETTER is one of the options. If you are uncertain or the problem is too complex, make a reasoned guess based on the information provided. Avoid repeating steps indefinitely—provide your best guess even if unsure. Think step by step logically, considering all relevant information before answering.<|im_end|>
<|im_start|>assistant
 To solve this puzzle, we need to form a word using all the letters presented in the grid. The letters given are P, E, T, S, E, I, and the missing letters from the options.

Let's examine the options:

A. A, R, N
B. R, D, N
C. I, A, M
D. H, O, W

We need to find a combination that forms a valid word using all the letters in the grid.

Option A: A, R, N
- Possible word: "PENTAS" (not a valid word)

Option B: R, D, N
- Possible word: "PENTAS" (not a valid word)

Option C: I, A, M
- Possible word: "PEAS" (not a valid word)

Option D: H, O, W
- Possible word: "PEAST" (not a valid word)

None of the options seem to form a valid word. However, if we consider the possibility of a typo or misinterpretation, let's try to find a valid word using the letters P, E, T, S, E, I.

The correct word is "PETS" (using P, E, T, S).

Therefore, the correct option is:

Answer: \boxed{D}
Infer InternVL3_5-4B-Instruct/MMStar_MINI, Rank 1/8:  37%|███▋      | 7/19 [00:36<01:17,  6.44s/it]InternVL model version: V2.0
dynamic ViT batch size: 7
[transformers] Setting `pad_token_id` to `eos_token_id`:151645 for open-end generation.
<|im_start|>system
你是书生·万象，英文名是InternVL，是由上海人工智能实验室、清华大学及多家合作单位联合开发的多模态大语言模型。<|im_end|>
<|im_start|>user
<image>
Hint: Please answer the question and provide the correct option letter, e.g., A, B, C, D, at the end.
Question: How many bars have value below 40?
A. 5
B. 3
C. 2
D. 4
Answer the preceding multiple choice question. The last line of your response should follow this format: 'Answer: \boxed{$LETTER}' (without quotes), where LETTER is one of the options. If you are uncertain or the problem is too complex, make a reasoned guess based on the information provided. Avoid repeating steps indefinitely—provide your best guess even if unsure. Think step by step logically, considering all relevant information before answering.<|im_end|>
<|im_start|>assistant
 To determine how many bars have a value below 40, we need to examine the values of both the blue (Banknotes) and black (Coins) bars for each year from 2014 to 2019.

- **2014**: 
  - Banknotes: 63 (above 40)
  - Coins: 46 (above 40)
- **2015**: 
  - Banknotes: 95.5 (above 40)
  - Coins: 46 (above 40)
- **2016**: 
  - Banknotes: 82.2 (above 40)
  - Coins: 33 (below 40)
- **2017**: 
  - Banknotes: 72.9 (above 40)
  - Coins: 32.5 (below 40)
- **2018**: 
  - Banknotes: 58 (above 40)
  - Coins: 33.1 (below 40)
- **2019**: 
  - Banknotes: 55.2 (above 40)
  - Coins: 42.1 (above 40)

Counting the bars with values below 40:
- 2016: Coins (33)
- 2017: Coins (32.5)
- 2018: Coins (33.1)

There are 3 bars with values below 40.

Answer: B
Infer InternVL3_5-4B-Instruct/MMStar_MINI, Rank 3/8:  42%|████▏     | 8/19 [00:36<01:09,  6.35s/it]InternVL model version: V2.0
dynamic ViT batch size: 1
[transformers] Setting `pad_token_id` to `eos_token_id`:151645 for open-end generation.
<|im_start|>system
你是书生·万象，英文名是InternVL，是由上海人工智能实验室、清华大学及多家合作单位联合开发的多模态大语言模型。<|im_end|>
<|im_start|>user
<image>
Hint: Please answer the question and provide the correct option letter, e.g., A, B, C, D, at the end.
Question: 如图，AB是⊙O的直径，C，D两点在⊙O上，∠BCD＝25°，则∠AOD的度数为（）
A. 120°
B. 125°
C. 130°
D. 135°
请直接回答选项字母。
Answer the preceding multiple choice question. The last line of your response should follow this format: 'Answer: \boxed{$LETTER}' (without quotes), where LETTER is one of the options. If you are uncertain or the problem is too complex, make a reasoned guess based on the information provided. Avoid repeating steps indefinitely—provide your best guess even if unsure. Think step by step logically, considering all relevant information before answering.<|im_end|>
<|im_start|>assistant
 C
Infer InternVL3_5-4B-Instruct/MMStar_MINI, Rank 3/8:  47%|████▋     | 9/19 [00:36<00:43,  4.40s/it]InternVL model version: V2.0
dynamic ViT batch size: 1
[transformers] Setting `pad_token_id` to `eos_token_id`:151645 for open-end generation.
<|im_start|>system
你是书生·万象，英文名是InternVL，是由上海人工智能实验室、清华大学及多家合作单位联合开发的多模态大语言模型。<|im_end|>
<|im_start|>user
<image>
In the given diagram, what does the letter E represent?
A. Smaller Attraction
B. Earth
C. Bigger Attraction
D. Moon
Answer the preceding multiple choice question. The last line of your response should follow this format: 'Answer: \boxed{$LETTER}' (without quotes), where LETTER is one of the options. If you are uncertain or the problem is too complex, make a reasoned guess based on the information provided. Avoid repeating steps indefinitely—provide your best guess even if unsure. Think step by step logically, considering all relevant information before answering.<|im_end|>
<|im_start|>assistant
 The diagram appears to represent a model of the Earth-Moon system, where the Earth is the bigger attraction and the Moon is the smaller attraction. The letter E is positioned outside the Earth, indicating it is the Moon.

Answer: D. Moon
Infer InternVL3_5-4B-Instruct/MMStar_MINI, Rank 5/8:  63%|██████▎   | 12/19 [00:37<00:14,  2.09s/it]InternVL model version: V2.0
dynamic ViT batch size: 7
[transformers] Setting `pad_token_id` to `eos_token_id`:151645 for open-end generation.
<|im_start|>system
你是书生·万象，英文名是InternVL，是由上海人工智能实验室、清华大学及多家合作单位联合开发的多模态大语言模型。<|im_end|>
<|im_start|>user
<image>
Think about the magnetic force between the magnets in each pair. Which of the following statements is true?
A. The magnitude of the magnetic force is greater in Pair 2.
B. The magnitude of the magnetic force is greater in Pair 1.
C. The magnitude of the magnetic force is the same in both pairs.
Answer the preceding multiple choice question. The last line of your response should follow this format: 'Answer: \boxed{$LETTER}' (without quotes), where LETTER is one of the options. If you are uncertain or the problem is too complex, make a reasoned guess based on the information provided. Avoid repeating steps indefinitely—provide your best guess even if unsure. Think step by step logically, considering all relevant information before answering.<|im_end|>
<|im_start|>assistant
 To determine which pair has a greater magnetic force, we need to consider the distance between the magnets and the strength of the magnetic field. The magnetic force between two magnets is generally stronger when the distance between them is smaller, assuming the strength of the magnets is the same.

In the given image:
- Pair 1 has a distance of 1.1 cm between the magnets.
- Pair 2 has a distance of 0.5 cm between the magnets.

Since Pair 2 has a smaller distance between the magnets, the magnetic force in Pair 2 will be greater than in Pair 1.

Therefore, the correct answer is:
A. The magnitude of the magnetic force is greater in Pair 2.

Answer: \boxed{A}
Infer InternVL3_5-4B-Instruct/MMStar_MINI, Rank 7/8:  56%|█████▌    | 10/18 [00:38<00:32,  4.12s/it]InternVL model version: V2.0
<|im_start|>system
你是书生·万象，英文名是InternVL，是由上海人工智能实验室、清华大学及多家合作单位联合开发的多模态大语言模型。<|im_end|>
<|im_start|>user
<image>
Where is the giraffe located in the picture?
A. right
B. top
C. bottom
D. left
Answer the preceding multiple choice question. The last line of your response should follow this format: 'Answer: \boxed{$LETTER}' (without quotes), where LETTER is one of the options. If you are uncertain or the problem is too complex, make a reasoned guess based on the information provided. Avoid repeating steps indefinitely—provide your best guess even if unsure. Think step by step logically, considering all relevant information before answering.<|im_end|>
<|im_start|>assistant
 The giraffe is located in the left part of the picture. It is standing in the middle of the field, but its position relative to the left side of the image is what the question is asking about.

Answer: D. left
Infer InternVL3_5-4B-Instruct/MMStar_MINI, Rank 1/8:  42%|████▏     | 8/19 [00:38<00:54,  4.96s/it]dynamic ViT batch size: 7
InternVL model version: V2.0
dynamic ViT batch size: 1
[transformers] Setting `pad_token_id` to `eos_token_id`:151645 for open-end generation.
[transformers] Setting `pad_token_id` to `eos_token_id`:151645 for open-end generation.
<|im_start|>system
你是书生·万象，英文名是InternVL，是由上海人工智能实验室、清华大学及多家合作单位联合开发的多模态大语言模型。<|im_end|>
<|im_start|>user
<image>
Hint: Please answer the question and provide the correct option letter, e.g., A, B, C, D, at the end.
Question: As shown in the figure, AB is the diameter of ⊙O, point C is a point on ⊙O, ∠C = 20.0, then the degree of ∠BOC is ()
A. 20°
B. 30°
C. 40°
D. 60°
Answer the preceding multiple choice question. The last line of your response should follow this format: 'Answer: \boxed{$LETTER}' (without quotes), where LETTER is one of the options. If you are uncertain or the problem is too complex, make a reasoned guess based on the information provided. Avoid repeating steps indefinitely—provide your best guess even if unsure. Think step by step logically, considering all relevant information before answering.<|im_end|>
<|im_start|>assistant
 To solve this problem, we need to use the properties of circles and angles.

1. **Identify the given information:**
   - AB is the diameter of the circle.
   - Point C is on the circle.
   - ∠C = 20°.

2. **Understand the relationship between the angles:**
   - Since AB is the diameter, the angle subtended by the diameter at any point on the circle is a right angle (90°). This is known as the Inscribed Angle Theorem.
   - Therefore, ∠ACB = 90°.

3. **Use the given angle:**
   - We are given that ∠C = 20°. This is the angle at point C in triangle ABC.

4. **Find the other angle in triangle ABC:**
   - Since ∠ACB = 90° and ∠C = 20°, we can find ∠BAC using the fact that the sum of angles in a triangle is 180°.
   - ∠BAC = 180° - ∠ACB - ∠C = 180° - 90° - 20° = 70°.

5. **Relate ∠BAC to ∠BOC:**
   - The angle ∠BOC is the central angle subtended by the arc BC.
   - The central angle is twice the inscribed angle subtended by the same arc. Therefore, ∠BOC = 2 × ∠BAC.

6. **Calculate ∠BOC:**
   - ∠BOC = 2 × 70° = 140°.

However, we need to find the correct option from the given choices. Let's re-evaluate the problem with the correct approach:

1. **Identify the correct relationship:**
   - The angle ∠BOC is the central angle subtended by the arc BC.
   - The inscribed angle ∠BAC is half of the central angle ∠BOC.

2. **Find the correct angle:**
   - ∠BAC = 20°.
   - ∠BOC = 2 × ∠BAC = 2 × 20° = 40°.

Therefore, the correct answer is:

\boxed{C}
Infer InternVL3_5-4B-Instruct/MMStar_MINI, Rank 6/8:  17%|█▋        | 3/18 [00:38<03:10, 12.73s/it]InternVL model version: V2.0
dynamic ViT batch size: 5
[transformers] Setting `pad_token_id` to `eos_token_id`:151645 for open-end generation.
<|im_start|>system
你是书生·万象，英文名是InternVL，是由上海人工智能实验室、清华大学及多家合作单位联合开发的多模态大语言模型。<|im_end|>
<|im_start|>user
<image>
What's the profession of the people in this picture?
A. photographer
B. chemist
C. repairman
D. pianist
Answer the preceding multiple choice question. The last line of your response should follow this format: 'Answer: \boxed{$LETTER}' (without quotes), where LETTER is one of the options. If you are uncertain or the problem is too complex, make a reasoned guess based on the information provided. Avoid repeating steps indefinitely—provide your best guess even if unsure. Think step by step logically, considering all relevant information before answering.<|im_end|>
<|im_start|>assistant
 The person in the picture is wearing a hard hat and holding a wrench and a toolbox, which are typical tools for a repairman. Therefore, the profession of the person in the picture is a repairman.

Answer: C
Infer InternVL3_5-4B-Instruct/MMStar_MINI, Rank 5/8:  68%|██████▊   | 13/19 [00:39<00:12,  2.01s/it]InternVL model version: V2.0
dynamic ViT batch size: 1
[transformers] Setting `pad_token_id` to `eos_token_id`:151645 for open-end generation.
<|im_start|>system
你是书生·万象，英文名是InternVL，是由上海人工智能实验室、清华大学及多家合作单位联合开发的多模态大语言模型。<|im_end|>
<|im_start|>user
<image>
What will happen next?
A. this person is gonna cry
B. this person is gonna laugh
C. this person is gonna get mad
D. both A,B, and C
Answer the preceding multiple choice question. The last line of your response should follow this format: 'Answer: \boxed{$LETTER}' (without quotes), where LETTER is one of the options. If you are uncertain or the problem is too complex, make a reasoned guess based on the information provided. Avoid repeating steps indefinitely—provide your best guess even if unsure. Think step by step logically, considering all relevant information before answering.<|im_end|>
<|im_start|>assistant
 The child in the image appears to be upset or sad, which suggests that they might cry. Therefore, the most likely next event is that this person is gonna cry.

Answer: A
Infer InternVL3_5-4B-Instruct/MMStar_MINI, Rank 7/8:  61%|██████    | 11/18 [00:39<00:23,  3.33s/it]InternVL model version: V2.0
dynamic ViT batch size: 7
[transformers] Setting `pad_token_id` to `eos_token_id`:151645 for open-end generation.
<|im_start|>system
你是书生·万象，英文名是InternVL，是由上海人工智能实验室、清华大学及多家合作单位联合开发的多模态大语言模型。<|im_end|>
<|im_start|>user
<image>
Where is it located?
A. Xi'an
B. Shanghai
C. Beijing
D. Nanjing
Answer the preceding multiple choice question. The last line of your response should follow this format: 'Answer: \boxed{$LETTER}' (without quotes), where LETTER is one of the options. If you are uncertain or the problem is too complex, make a reasoned guess based on the information provided. Avoid repeating steps indefinitely—provide your best guess even if unsure. Think step by step logically, considering all relevant information before answering.<|im_end|>
<|im_start|>assistant
 The image shows a traditional Chinese architectural structure with the text "长安" (Chang'an) written on it. Chang'an is an ancient city in China, historically known as the capital of the Tang Dynasty. The structure resembles the City Wall of Chang'an, which is located in Xi'an.

Answer: A. Xi'an
Infer InternVL3_5-4B-Instruct/MMStar_MINI, Rank 1/8:  47%|████▋     | 9/19 [00:40<00:41,  4.13s/it]InternVL model version: V2.0
dynamic ViT batch size: 7
[transformers] Setting `pad_token_id` to `eos_token_id`:151645 for open-end generation.
<|im_start|>system
你是书生·万象，英文名是InternVL，是由上海人工智能实验室、清华大学及多家合作单位联合开发的多模态大语言模型。<|im_end|>
<|im_start|>user
<image>
How many people are performing on the stage?
A. Three
B. Two
C. One
D. Four
Answer the preceding multiple choice question. The last line of your response should follow this format: 'Answer: \boxed{$LETTER}' (without quotes), where LETTER is one of the options. If you are uncertain or the problem is too complex, make a reasoned guess based on the information provided. Avoid repeating steps indefinitely—provide your best guess even if unsure. Think step by step logically, considering all relevant information before answering.<|im_end|>
<|im_start|>assistant
 Answer: B. Two
Infer InternVL3_5-4B-Instruct/MMStar_MINI, Rank 1/8:  53%|█████▎    | 10/19 [00:41<00:26,  3.00s/it]InternVL model version: V2.0
dynamic ViT batch size: 7
[transformers] Setting `pad_token_id` to `eos_token_id`:151645 for open-end generation.
<|im_start|>system
你是书生·万象，英文名是InternVL，是由上海人工智能实验室、清华大学及多家合作单位联合开发的多模态大语言模型。<|im_end|>
<|im_start|>user
<image>
In the diagram shown above, What is the next stage after the fruit releases seeds?
A. The plant dies
B. The plant grows
C. The seed germinates
D. The flower produces fruit
Answer the preceding multiple choice question. The last line of your response should follow this format: 'Answer: \boxed{$LETTER}' (without quotes), where LETTER is one of the options. If you are uncertain or the problem is too complex, make a reasoned guess based on the information provided. Avoid repeating steps indefinitely—provide your best guess even if unsure. Think step by step logically, considering all relevant information before answering.<|im_end|>
<|im_start|>assistant
 The diagram illustrates the life cycle of a plant, starting from the seed germinating, the plant growing, the plant flowering, the flower producing fruit, the fruit releasing seeds, and finally, the plant dying. The arrows indicate the sequence of these stages.

Given the options:
A. The plant dies
B. The plant grows
C. The seed germinates
D. The flower produces fruit

The correct sequence after the fruit releases seeds is that the plant dies. This is because the plant's life cycle ends with its death, after which the cycle begins anew with the seed germinating.

Answer: A. The plant dies
<|im_start|>system
你是书生·万象，英文名是InternVL，是由上海人工智能实验室、清华大学及多家合作单位联合开发的多模态大语言模型。<|im_end|>
<|im_start|>user
<image>
Who is wearing black pants in the image?
A. The man on stage
B. The person in the background
C. The woman playing an instrument
D. The person walking in the room
Answer the preceding multiple choice question. The last line of your response should follow this format: 'Answer: \boxed{$LETTER}' (without quotes), where LETTER is one of the options. If you are uncertain or the problem is too complex, make a reasoned guess based on the information provided. Avoid repeating steps indefinitely—provide your best guess even if unsure. Think step by step logically, considering all relevant information before answering.<|im_end|>
<|im_start|>assistant
 The woman playing an instrument is wearing black pants. She is seated on the left side of the image, playing a banjo.

Answer: C. The woman playing an instrument
Infer InternVL3_5-4B-Instruct/MMStar_MINI, Rank 7/8:  67%|██████▋   | 12/18 [00:41<00:16,  2.77s/it]InternVL model version: V2.0
Infer InternVL3_5-4B-Instruct/MMStar_MINI, Rank 3/8:  53%|█████▎    | 10/19 [00:41<00:39,  4.38s/it]dynamic ViT batch size: 3
[transformers] Setting `pad_token_id` to `eos_token_id`:151645 for open-end generation.
InternVL model version: V2.0
dynamic ViT batch size: 7
[transformers] Setting `pad_token_id` to `eos_token_id`:151645 for open-end generation.
<|im_start|>system
你是书生·万象，英文名是InternVL，是由上海人工智能实验室、清华大学及多家合作单位联合开发的多模态大语言模型。<|im_end|>
<|im_start|>user
<image>
What is the main purpose of this garden?
A. A venue for outdoor events
B. A place for sports activities
C. A spot for quiet and peaceful recreation
D. A location for plant research and study
Answer the preceding multiple choice question. The last line of your response should follow this format: 'Answer: \boxed{$LETTER}' (without quotes), where LETTER is one of the options. If you are uncertain or the problem is too complex, make a reasoned guess based on the information provided. Avoid repeating steps indefinitely—provide your best guess even if unsure. Think step by step logically, considering all relevant information before answering.<|im_end|>
<|im_start|>assistant
 The garden appears to be designed for aesthetic and recreational purposes, with manicured lawns, a central fountain, and a symmetrical layout. This suggests it is intended for quiet and peaceful recreation rather than for events, sports, or plant research.

Answer: C. A spot for quiet and peaceful recreation
Infer InternVL3_5-4B-Instruct/MMStar_MINI, Rank 1/8:  58%|█████▊    | 11/19 [00:43<00:22,  2.78s/it]InternVL model version: V2.0
dynamic ViT batch size: 1
<|im_start|>system
你是书生·万象，英文名是InternVL，是由上海人工智能实验室、清华大学及多家合作单位联合开发的多模态大语言模型。<|im_end|>
<|im_start|>user
<image>
Based on the player's body position, what is the most likely outcome of the hit?
A. A home run
B. A foul ball
C. A ground ball
D. A fly ball
Answer the preceding multiple choice question. The last line of your response should follow this format: 'Answer: \boxed{$LETTER}' (without quotes), where LETTER is one of the options. If you are uncertain or the problem is too complex, make a reasoned guess based on the information provided. Avoid repeating steps indefinitely—provide your best guess even if unsure. Think step by step logically, considering all relevant information before answering.<|im_end|>
<|im_start|>assistant
 The player's body position, with the bat following through and the ball likely having been hit high and deep, suggests that the outcome is a home run. The player's posture indicates a powerful hit, which is typical for a home run.

Answer: A. A home run
Infer InternVL3_5-4B-Instruct/MMStar_MINI, Rank 3/8:  58%|█████▊    | 11/19 [00:43<00:29,  3.68s/it][transformers] Setting `pad_token_id` to `eos_token_id`:151645 for open-end generation.
InternVL model version: V2.0
dynamic ViT batch size: 1
[transformers] Setting `pad_token_id` to `eos_token_id`:151645 for open-end generation.
<|im_start|>system
你是书生·万象，英文名是InternVL，是由上海人工智能实验室、清华大学及多家合作单位联合开发的多模态大语言模型。<|im_end|>
<|im_start|>user
<image>
Hint: Please answer the question and provide the correct option letter, e.g., A, B, C, D, at the end.
Question: Move the ruler to measure the length of the nail to the nearest inch. The nail is about (_) inches long.
A. 1
B. 3
C. 2
D. 4
Answer the preceding multiple choice question. The last line of your response should follow this format: 'Answer: \boxed{$LETTER}' (without quotes), where LETTER is one of the options. If you are uncertain or the problem is too complex, make a reasoned guess based on the information provided. Avoid repeating steps indefinitely—provide your best guess even if unsure. Think step by step logically, considering all relevant information before answering.<|im_end|>
<|im_start|>assistant
 To determine the length of the nail to the nearest inch, we need to look at where the nail starts and ends on the ruler.

1. The nail starts at the 0 inch mark on the ruler.
2. The nail ends just before the 2 inch mark.

Since the nail ends just before the 2 inch mark, it is approximately 2 inches long when rounded to the nearest inch.

Therefore, the correct answer is:
C. 2

Answer: \boxed{C}
Infer InternVL3_5-4B-Instruct/MMStar_MINI, Rank 7/8:  72%|███████▏  | 13/18 [00:44<00:15,  3.03s/it]InternVL model version: V2.0
dynamic ViT batch size: 1
[transformers] Setting `pad_token_id` to `eos_token_id`:151645 for open-end generation.
<|im_start|>system
你是书生·万象，英文名是InternVL，是由上海人工智能实验室、清华大学及多家合作单位联合开发的多模态大语言模型。<|im_end|>
<|im_start|>user
<image>
Which letter represents the new moon?
A. C
B. J
C. E
D. B
Answer the preceding multiple choice question. The last line of your response should follow this format: 'Answer: \boxed{$LETTER}' (without quotes), where LETTER is one of the options. If you are uncertain or the problem is too complex, make a reasoned guess based on the information provided. Avoid repeating steps indefinitely—provide your best guess even if unsure. Think step by step logically, considering all relevant information before answering.<|im_end|>
<|im_start|>assistant
 The new moon is the phase where the moon is positioned between the Earth and the Sun, and the side of the moon facing the Earth is not illuminated. In the diagram, the letter "B" represents the new moon phase.

Answer: B
Infer InternVL3_5-4B-Instruct/MMStar_MINI, Rank 1/8:  63%|██████▎   | 12/19 [00:45<00:17,  2.46s/it]InternVL model version: V2.0
dynamic ViT batch size: 7
[transformers] Setting `pad_token_id` to `eos_token_id`:151645 for open-end generation.
<|im_start|>system
你是书生·万象，英文名是InternVL，是由上海人工智能实验室、清华大学及多家合作单位联合开发的多模态大语言模型。<|im_end|>
<|im_start|>user
<image>
Consider the following balance sheet for TD. <image 1> Suppose that TD is a typical bank and keeps only the required reserves. In addition, suppose that someone deposited $700. Given this data, what is the total change in the M1 Money Supply?
A. $4118
B. $3418
C. $700
D. $5118
Answer the preceding multiple choice question. The last line of your response should follow this format: 'Answer: \boxed{$LETTER}' (without quotes), where LETTER is one of the options. If you are uncertain or the problem is too complex, make a reasoned guess based on the information provided. Avoid repeating steps indefinitely—provide your best guess even if unsure. Think step by step logically, considering all relevant information before answering.<|im_end|>
<|im_start|>assistant
 To determine the total change in the M1 Money Supply, we need to consider the initial conditions and the impact of the new deposit.

1. **Initial Balance Sheet:**
   - Reserves: $493
   - Loans: $2407
   - Deposits: $2900

2. **New Deposit:**
   - Someone deposits $700, so the new total deposits will be $2900 + $700 = $3600.

3. **Required Reserves:**
   - Assume the required reserve ratio is \( r \). For simplicity, let's assume the required reserve ratio is 10% (a common value for such problems).

4. **New Reserves:**
   - The new reserves will be the initial reserves plus the portion of the new deposit that must be held as reserves.
   - New reserves = Initial reserves + (New deposit * required reserve ratio)
   - New reserves = $493 + ($700 * 0.10) = $493 + $70 = $563

5. **New Loans:**
   - The bank can lend out the rest of the new deposit after setting aside the required reserves.
   - New loans = New deposit - Required reserves for the new deposit
   - New loans = $700 - $70 = $630

6. **Total Change in M1 Money Supply:**
   - The M1 Money Supply increases by the amount of the new deposit because the deposit increases the amount of currency in circulation or demand deposits.
   - The change in M1 Money Supply = New deposit = $700

Therefore, the total change in the M1 Money Supply is $700.

Answer: \boxed{C}
Infer InternVL3_5-4B-Instruct/MMStar_MINI, Rank 4/8:  32%|███▏      | 6/19 [00:45<01:58,  9.15s/it]InternVL model version: V2.0
dynamic ViT batch size: 7
[transformers] Setting `pad_token_id` to `eos_token_id`:151645 for open-end generation.
<|im_start|>system
你是书生·万象，英文名是InternVL，是由上海人工智能实验室、清华大学及多家合作单位联合开发的多模态大语言模型。<|im_end|>
<|im_start|>user
<image>
Which category does this image belong to?
A. MRI image
B. icon
C. microscopic image
D. abstract painting
Answer the preceding multiple choice question. The last line of your response should follow this format: 'Answer: \boxed{$LETTER}' (without quotes), where LETTER is one of the options. If you are uncertain or the problem is too complex, make a reasoned guess based on the information provided. Avoid repeating steps indefinitely—provide your best guess even if unsure. Think step by step logically, considering all relevant information before answering.<|im_end|>
<|im_start|>assistant
 The image provided is a detailed scan of a human brain, which is typically obtained using Magnetic Resonance Imaging (MRI). This imaging technique is used to create detailed images of the organs and tissues in the body, particularly useful for visualizing the brain and spinal cord.

Answer: A. MRI image
Infer InternVL3_5-4B-Instruct/MMStar_MINI, Rank 3/8:  63%|██████▎   | 12/19 [00:45<00:22,  3.19s/it]InternVL model version: V2.0
dynamic ViT batch size: 7
[transformers] Setting `pad_token_id` to `eos_token_id`:151645 for open-end generation.
<|im_start|>system
你是书生·万象，英文名是InternVL，是由上海人工智能实验室、清华大学及多家合作单位联合开发的多模态大语言模型。<|im_end|>
<|im_start|>user
<image>
Where is the exit in the image?
A. To the left of the green exit sign
B. To the right of the green exit sign
C. Behind the green exit sign with an arrow pointing to the left
D. Not visible in the image
Answer the preceding multiple choice question. The last line of your response should follow this format: 'Answer: \boxed{$LETTER}' (without quotes), where LETTER is one of the options. If you are uncertain or the problem is too complex, make a reasoned guess based on the information provided. Avoid repeating steps indefinitely—provide your best guess even if unsure. Think step by step logically, considering all relevant information before answering.<|im_end|>
<|im_start|>assistant
 The image shows a green exit sign with an arrow pointing to the left. The exit is indicated to be to the left of the sign.

Answer: A. To the left of the green exit sign
Infer InternVL3_5-4B-Instruct/MMStar_MINI, Rank 1/8:  68%|██████▊   | 13/19 [00:46<00:13,  2.23s/it]InternVL model version: V2.0
dynamic ViT batch size: 7
[transformers] Setting `pad_token_id` to `eos_token_id`:151645 for open-end generation.
<|im_start|>system
你是书生·万象，英文名是InternVL，是由上海人工智能实验室、清华大学及多家合作单位联合开发的多模态大语言模型。<|im_end|>
<|im_start|>user
<image>
What kind of sport is being played in this image?
A. Soccer
B. Basketball
C. Football (American)
D. Rugby
Answer the preceding multiple choice question. The last line of your response should follow this format: 'Answer: \boxed{$LETTER}' (without quotes), where LETTER is one of the options. If you are uncertain or the problem is too complex, make a reasoned guess based on the information provided. Avoid repeating steps indefinitely—provide your best guess even if unsure. Think step by step logically, considering all relevant information before answering.<|im_end|>
<|im_start|>assistant
 The image shows players running with a ball that resembles an oval-shaped rugby ball. The uniforms and the context suggest that this is a rugby team. 

Answer: D. Rugby
Infer InternVL3_5-4B-Instruct/MMStar_MINI, Rank 1/8:  74%|███████▎  | 14/19 [00:48<00:09,  1.99s/it]InternVL model version: V2.0
dynamic ViT batch size: 7
[transformers] Setting `pad_token_id` to `eos_token_id`:151645 for open-end generation.
<|im_start|>system
你是书生·万象，英文名是InternVL，是由上海人工智能实验室、清华大学及多家合作单位联合开发的多模态大语言模型。<|im_end|>
<|im_start|>user
<image>
What is the activity of the person in the foreground?
A. sitting
B. running
C. playing soccer
D. watching the game
Answer the preceding multiple choice question. The last line of your response should follow this format: 'Answer: \boxed{$LETTER}' (without quotes), where LETTER is one of the options. If you are uncertain or the problem is too complex, make a reasoned guess based on the information provided. Avoid repeating steps indefinitely—provide your best guess even if unsure. Think step by step logically, considering all relevant information before answering.<|im_end|>
<|im_start|>assistant
 The person in the foreground is wearing a referee's uniform and appears to be signaling with their hand, which is a common activity for a referee during a soccer match. The other individuals in the image are wearing soccer uniforms, indicating that they are players. Therefore, the person in the foreground is most likely a referee, not actively playing soccer.

Answer: D. watching the game
Infer InternVL3_5-4B-Instruct/MMStar_MINI, Rank 3/8:  68%|██████▊   | 13/19 [00:48<00:18,  3.14s/it]InternVL model version: V2.0
dynamic ViT batch size: 1
[transformers] Setting `pad_token_id` to `eos_token_id`:151645 for open-end generation.
<|im_start|>system
你是书生·万象，英文名是InternVL，是由上海人工智能实验室、清华大学及多家合作单位联合开发的多模态大语言模型。<|im_end|>
<|im_start|>user
<image>
Hint: Please answer the question and provide the correct option letter, e.g., A, B, C, D, at the end.
Question: As shown in the figure, ⊙O is the circumscribed circle of the quadrilateral ABCD, if ∠O = 110.0, then the degree of ∠C is ()
A. 125°
B. 120°
C. 105°
D. 90°
Answer the preceding multiple choice question. The last line of your response should follow this format: 'Answer: \boxed{$LETTER}' (without quotes), where LETTER is one of the options. If you are uncertain or the problem is too complex, make a reasoned guess based on the information provided. Avoid repeating steps indefinitely—provide your best guess even if unsure. Think step by step logically, considering all relevant information before answering.<|im_end|>
<|im_start|>assistant
 To solve this problem, we need to use the properties of cyclic quadrilaterals and the angles in a circle.

1. **Identify the given information:**
   - \( \angle O = 110^\circ \)
   - \( \angle O \) is the central angle subtended by the arc \( AB \).

2. **Use the property of the central angle and the inscribed angle:**
   - The central angle \( \angle O \) is twice the measure of the inscribed angle \( \angle C \) that subtends the same arc \( AB \).
   - Therefore, \( \angle C = \frac{1}{2} \times \angle O \).

3. **Calculate \( \angle C \):**
   - \( \angle C = \frac{1}{2} \times 110^\circ = 55^\circ \).

4. **Use the property of the cyclic quadrilateral:**
   - In a cyclic quadrilateral, the sum of the opposite angles is \( 180^\circ \).
   - Therefore, \( \angle A + \angle C = 180^\circ \).

5. **Find \( \angle A \):**
   - Since \( \angle A \) and \( \angle C \) are opposite angles in the cyclic quadrilateral, \( \angle A = 180^\circ - \angle C \).
   - \( \angle A = 180^\circ - 55^\circ = 125^\circ \).

6. **Conclusion:**
   - The degree of \( \angle C \) is \( 55^\circ \).

However, the correct answer should be \( 125^\circ \) because the problem asks for the degree of \( \angle C \) and the correct option is \( A \).

Therefore, the correct answer is \( \boxed{A} \).
Infer InternVL3_5-4B-Instruct/MMStar_MINI, Rank 2/8:  68%|██████▊   | 13/19 [00:49<00:36,  6.15s/it]InternVL model version: V2.0
dynamic ViT batch size: 7
[transformers] Setting `pad_token_id` to `eos_token_id`:151645 for open-end generation.
<|im_start|>system
你是书生·万象，英文名是InternVL，是由上海人工智能实验室、清华大学及多家合作单位联合开发的多模态大语言模型。<|im_end|>
<|im_start|>user
<image>
Which category does this image belong to?
A. MRI image
B. icon
C. microscopic image
D. abstract painting
Answer the preceding multiple choice question. The last line of your response should follow this format: 'Answer: \boxed{$LETTER}' (without quotes), where LETTER is one of the options. If you are uncertain or the problem is too complex, make a reasoned guess based on the information provided. Avoid repeating steps indefinitely—provide your best guess even if unsure. Think step by step logically, considering all relevant information before answering.<|im_end|>
<|im_start|>assistant
 The image shows a close-up view of small, round objects that resemble cells or microorganisms. This type of detailed, magnified view is characteristic of microscopic images.

Answer: C. microscopic image
Infer InternVL3_5-4B-Instruct/MMStar_MINI, Rank 1/8:  79%|███████▉  | 15/19 [00:49<00:07,  1.86s/it]InternVL model version: V2.0
<|im_start|>system
你是书生·万象，英文名是InternVL，是由上海人工智能实验室、清华大学及多家合作单位联合开发的多模态大语言模型。<|im_end|>
<|im_start|>user
<image>
Hint: Please answer the question and provide the correct option letter, e.g., A, B, C, D, at the end.
Question: How many groups of bars contain at least one bar with value smaller than 40?
A. 1
B. 3
C. 2
D. 6
Answer the preceding multiple choice question. The last line of your response should follow this format: 'Answer: \boxed{$LETTER}' (without quotes), where LETTER is one of the options. If you are uncertain or the problem is too complex, make a reasoned guess based on the information provided. Avoid repeating steps indefinitely—provide your best guess even if unsure. Think step by step logically, considering all relevant information before answering.<|im_end|>
<|im_start|>assistant
 To determine how many groups of bars contain at least one bar with a value smaller than 40, we need to examine each group individually:

1. **Gait**: 
   - Sketch: Value is less than 40.
   - Squad: Value is less than 40.
   - Both bars are less than 40.

2. **Entity**: 
   - Sketch: Value is less than 40.
   - Squad: Value is less than 40.
   - Both bars are less than 40.

3. **Pity**: 
   - Sketch: Value is less than 40.
   - Squad: Value is less than 40.
   - Both bars are less than 40.

4. **Tap**: 
   - Sketch: Value is less than 40.
   - Squad: Value is less than 40.
   - Both bars are less than 40.

5. **Fabric**: 
   - Sketch: Value is less than 40.
   - Squad: Value is less than 40.
   - Both bars are less than 40.

Since all groups have at least one bar with a value smaller than 40, the total number of groups is 5.

Thus, the correct answer is:
D. 6

Answer: \boxed{D}
Infer InternVL3_5-4B-Instruct/MMStar_MINI, Rank 5/8:  74%|███████▎  | 14/19 [00:49<00:22,  4.45s/it]dynamic ViT batch size: 7
InternVL model version: V2.0
dynamic ViT batch size: 4
[transformers] Setting `pad_token_id` to `eos_token_id`:151645 for open-end generation.
[transformers] Setting `pad_token_id` to `eos_token_id`:151645 for open-end generation.
<|im_start|>system
你是书生·万象，英文名是InternVL，是由上海人工智能实验室、清华大学及多家合作单位联合开发的多模态大语言模型。<|im_end|>
<|im_start|>user
<image>
What is the main color of the image?
A. Red
B. Green
C. Black
D. White
Answer the preceding multiple choice question. The last line of your response should follow this format: 'Answer: \boxed{$LETTER}' (without quotes), where LETTER is one of the options. If you are uncertain or the problem is too complex, make a reasoned guess based on the information provided. Avoid repeating steps indefinitely—provide your best guess even if unsure. Think step by step logically, considering all relevant information before answering.<|im_end|>
<|im_start|>assistant
 The main color of the image is white, as it is the dominant color in the background of the webpage displayed.

Answer: D. White
Infer InternVL3_5-4B-Instruct/MMStar_MINI, Rank 2/8:  74%|███████▎  | 14/19 [00:50<00:23,  4.65s/it]InternVL model version: V2.0
dynamic ViT batch size: 7
[transformers] Setting `pad_token_id` to `eos_token_id`:151645 for open-end generation.
<|im_start|>system
你是书生·万象，英文名是InternVL，是由上海人工智能实验室、清华大学及多家合作单位联合开发的多模态大语言模型。<|im_end|>
<|im_start|>user
<image>
Hint: Please answer the question and provide the correct option letter, e.g., A, B, C, D, at the end.
Question: One of the most dramatic videos on the web (but entirely fictitious) supposedly shows a man sliding along a long water slide and then being launched into the air to land in a water pool. Let's attach some reasonable numbers to such a flight to calculate the velocity with which the man would have hit the water. Figure indicates the launch and landing sites and includes a superimposed coordinate system with its origin conveniently located at the launch site. From the video we take the horizontal flight distance as $D=20.0 \mathrm{~m}$, the flight time as $t=2.50 \mathrm{~s}$, and the launch angle as $\theta_0=40.0^{\circ}$. Find the magnitude of the velocity at launch and at landing.
A. 14
B. 10.44
C. 44
D. 1
Answer the preceding multiple choice question. The last line of your response should follow this format: 'Answer: \boxed{$LETTER}' (without quotes), where LETTER is one of the options. If you are uncertain or the problem is too complex, make a reasoned guess based on the information provided. Avoid repeating steps indefinitely—provide your best guess even if unsure. Think step by step logically, considering all relevant information before answering.<|im_end|>
<|im_start|>assistant
 To solve this problem, we need to determine the magnitude of the velocity at both the launch and landing points. We'll use the given data and the principles of projectile motion.

### Given Data:
- Horizontal flight distance, \( D = 20.0 \, \text{m} \)
- Flight time, \( t = 2.50 \, \text{s} \)
- Launch angle, \( \theta_0 = 40.0^\circ \)

### Step-by-Step Solution:

1. **Determine the initial horizontal velocity (\( v_{0x} \))**:
   The horizontal distance \( D \) is covered in time \( t \), so:
   \[
   D = v_{0x} \cdot t
   \]
   Solving for \( v_{0x} \):
   \[
   v_{0x} = \frac{D}{t} = \frac{20.0 \, \text{m}}{2.50 \, \text{s}} = 8.00 \, \text{m/s}
   \]

2. **Determine the initial vertical velocity (\( v_{0y} \))**:
   The horizontal component of the initial velocity is related to the launch angle by:
   \[
   v_{0x} = v_0 \cos(\theta_0)
   \]
   Solving for \( v_0 \):
   \[
   v_0 = \frac{v_{0x}}{\cos(\theta_0)} = \frac{8.00 \, \text{m/s}}{\cos(40.0^\circ)}
   \]
   Using \( \cos(40.0^\circ) \approx 0.766 \):
   \[
   v_0 = \frac{8.00 \, \text{m/s}}{0.766} \approx 10.44 \, \text{m/s}
   \]

3. **Determine the vertical component of the initial velocity (\( v_{0y} \))**:
   \[
   v_{0y} = v_0 \sin(\theta_0) = 10.44 \, \text{m/s} \cdot \sin(40.0^\circ)
   \]
   Using \( \sin(40.0^\circ) \approx 0.643 \):
   \[
   v_{0y} \approx 10.44 \, \text{m/s} \cdot 0.643 \approx 6.71 \, \text{m/s}
   \]

4. **Determine the magnitude of the initial velocity (\( v_0 \))**:
   \[
   v_0 = \sqrt{v_{0x}^2 + v_{0y}^2} = \sqrt{(8.00 \, \text{m/s})^2 + (6.71 \, \text{m/s})^2}
   \]
   \[
   v_0 = \sqrt{64.00 + 45.02} \approx \sqrt{109.02} \approx 10.44 \, \text{m/s}
   \]

5. **Determine the vertical velocity at landing (\( v_y \))**:
   The vertical motion is influenced by gravity. The vertical velocity at landing can be found using:
   \[
   v_y = v_{0y} - g \cdot t
   \]
   where \( g = 9.81 \, \text{m/s}^2 \):
   \[
   v_y = 6.71 \, \text{m/s} - 9.81 \, \text{m/s}^2 \cdot 2.50 \, \text{s} = 6.71 \, \text{m/s} - 24.525 \, \text{m/s} = -17.815 \, \text{m/s}
   \]

6. **Determine the magnitude of the velocity at landing (\( v \))**:
   \[
   v = \sqrt{v_{0x}^2 + v_y^2} = \sqrt{(8.00 \, \text{m/s})^2 + (-17.815 \, \text{m/s})^2}
   \]
   \[
   v = \sqrt{64.00 + 317.38} \approx \sqrt{381.38} \approx 19.53 \, \text{m/s}
   \]

### Conclusion:
The magnitude of the velocity at launch is approximately \( 10.44 \, \text{m/s} \), and the magnitude of the velocity at landing is approximately \( 19.53 \, \text{m/s} \).

Given the options, the correct answer is:
\[
\boxed{B}
\]
Infer InternVL3_5-4B-Instruct/MMStar_MINI, Rank 0/8:  26%|██▋       | 5/19 [00:51<03:36, 15.50s/it]InternVL model version: V2.0
dynamic ViT batch size: 7
[transformers] Setting `pad_token_id` to `eos_token_id`:151645 for open-end generation.
<|im_start|>system
你是书生·万象，英文名是InternVL，是由上海人工智能实验室、清华大学及多家合作单位联合开发的多模态大语言模型。<|im_end|>
<|im_start|>user
<image>
Which is the main topic of the image
A. Driving cars
B. Driving buses
C. A driving bus
D. A driving car
Answer the preceding multiple choice question. The last line of your response should follow this format: 'Answer: \boxed{$LETTER}' (without quotes), where LETTER is one of the options. If you are uncertain or the problem is too complex, make a reasoned guess based on the information provided. Avoid repeating steps indefinitely—provide your best guess even if unsure. Think step by step logically, considering all relevant information before answering.<|im_end|>
<|im_start|>assistant
 The image shows several buses on a street, with a focus on a pink double-decker bus in the foreground. The main topic of the image is related to buses, specifically driving buses.

Answer: B. Driving buses
Infer InternVL3_5-4B-Instruct/MMStar_MINI, Rank 2/8:  79%|███████▉  | 15/19 [00:52<00:15,  3.80s/it]InternVL model version: V2.0
dynamic ViT batch size: 5
[transformers] Setting `pad_token_id` to `eos_token_id`:151645 for open-end generation.
<|im_start|>system
你是书生·万象，英文名是InternVL，是由上海人工智能实验室、清华大学及多家合作单位联合开发的多模态大语言模型。<|im_end|>
<|im_start|>user
<image>
Hint: Please answer the question and provide the correct option letter, e.g., A, B, C, D, at the end.
Question: Some friends compared the sizes of their stuffed animal collections. What is the median of the numbers?'
A. 10
B. 9
C. 8
D. 7
Answer the preceding multiple choice question. The last line of your response should follow this format: 'Answer: \boxed{$LETTER}' (without quotes), where LETTER is one of the options. If you are uncertain or the problem is too complex, make a reasoned guess based on the information provided. Avoid repeating steps indefinitely—provide your best guess even if unsure. Think step by step logically, considering all relevant information before answering.<|im_end|>
<|im_start|>assistant
 To find the median of the numbers, we first need to arrange the numbers in ascending order. The numbers given are:

9, 9, 8, 6, 10

Arranging them in ascending order, we get:

6, 8, 9, 9, 10

The median is the middle number in a sorted list. Since there are 5 numbers, the median is the third number:

6, 8, 9, 9, 10

The third number is 9.

Therefore, the median of the numbers is 9.

Answer: B
Infer InternVL3_5-4B-Instruct/MMStar_MINI, Rank 3/8:  74%|███████▎  | 14/19 [00:52<00:17,  3.45s/it]InternVL model version: V2.0
dynamic ViT batch size: 7
[transformers] Setting `pad_token_id` to `eos_token_id`:151645 for open-end generation.
<|im_start|>system
你是书生·万象，英文名是InternVL，是由上海人工智能实验室、清华大学及多家合作单位联合开发的多模态大语言模型。<|im_end|>
<|im_start|>user
<image>
What phase of the moon does letter B depict?
A. last quarter
B. waning gibbous
C. new moon
D. waxing crescent
Answer the preceding multiple choice question. The last line of your response should follow this format: 'Answer: \boxed{$LETTER}' (without quotes), where LETTER is one of the options. If you are uncertain or the problem is too complex, make a reasoned guess based on the information provided. Avoid repeating steps indefinitely—provide your best guess even if unsure. Think step by step logically, considering all relevant information before answering.<|im_end|>
<|im_start|>assistant
 To determine the phase of the moon depicted by letter B, we need to analyze the image and understand the characteristics of each moon phase.

1. **New Moon**: The moon is not visible from Earth because the side facing us is not illuminated.
2. **Waxing Crescent**: A small part of the moon is illuminated on the right side.
3. **First Quarter**: Half of the moon is illuminated on the right side.
4. **Waxing Gibbous**: More than half of the moon is illuminated on the right side, but it is not yet full.
5. **Full Moon**: The entire face of the moon is illuminated.
6. **Waning Gibbous**: More than half of the moon is illuminated on the left side, but it is not yet a last quarter.
7. **Last Quarter**: Half of the moon is illuminated on the left side.
8. **Waning Crescent**: A small part of the moon is illuminated on the left side.

Looking at letter B in the image, we see that the moon is more than half illuminated on the right side, but it is not yet full. This corresponds to the waxing gibbous phase.

Therefore, the correct answer is:
B. waning gibbous
Infer InternVL3_5-4B-Instruct/MMStar_MINI, Rank 7/8:  78%|███████▊  | 14/18 [00:53<00:19,  4.81s/it]InternVL model version: V2.0
dynamic ViT batch size: 7
[transformers] Setting `pad_token_id` to `eos_token_id`:151645 for open-end generation.
<|im_start|>system
你是书生·万象，英文名是InternVL，是由上海人工智能实验室、清华大学及多家合作单位联合开发的多模态大语言模型。<|im_end|>
<|im_start|>user
<image>
Which image is more brightful?
A. The first image
B. The second image
Answer the preceding multiple choice question. The last line of your response should follow this format: 'Answer: \boxed{$LETTER}' (without quotes), where LETTER is one of the options. If you are uncertain or the problem is too complex, make a reasoned guess based on the information provided. Avoid repeating steps indefinitely—provide your best guess even if unsure. Think step by step logically, considering all relevant information before answering.<|im_end|>
<|im_start|>assistant
 To determine which image is more bright, let's analyze the brightness of each image:

- The first image shows a red traffic light against a clear blue sky. The sky is bright, and the light itself is illuminated, making the overall scene quite bright.
- The second image is a dark, red-tinted image with a skull-like figure. The background is predominantly black, and the red tones are deep and dark, making the image appear much darker.

Based on this analysis, the first image is more bright than the second image.

Answer: A
Infer InternVL3_5-4B-Instruct/MMStar_MINI, Rank 5/8:  79%|███████▉  | 15/19 [00:54<00:17,  4.38s/it]InternVL model version: V2.0
dynamic ViT batch size: 1
[transformers] Setting `pad_token_id` to `eos_token_id`:151645 for open-end generation.
<|im_start|>system
你是书生·万象，英文名是InternVL，是由上海人工智能实验室、清华大学及多家合作单位联合开发的多模态大语言模型。<|im_end|>
<|im_start|>user
<image>
Where is the stage located in the image relative to the musician?
A. Above the musician
B. To the right of the musician
C. To the left of the musician
D. Below the musician
Answer the preceding multiple choice question. The last line of your response should follow this format: 'Answer: \boxed{$LETTER}' (without quotes), where LETTER is one of the options. If you are uncertain or the problem is too complex, make a reasoned guess based on the information provided. Avoid repeating steps indefinitely—provide your best guess even if unsure. Think step by step logically, considering all relevant information before answering.<|im_end|>
<|im_start|>assistant
 The image shows the musician on a stage, and the stage is located above the musician. The musician is standing on the stage, which is elevated.

Answer: A. Above the musician
Infer InternVL3_5-4B-Instruct/MMStar_MINI, Rank 3/8:  79%|███████▉  | 15/19 [00:54<00:11,  2.86s/it]InternVL model version: V2.0
dynamic ViT batch size: 7
[transformers] Setting `pad_token_id` to `eos_token_id`:151645 for open-end generation.
<|im_start|>system
你是书生·万象，英文名是InternVL，是由上海人工智能实验室、清华大学及多家合作单位联合开发的多模态大语言模型。<|im_end|>
<|im_start|>user
<image>
The diagram below represents a food web. what is a food for frog?
A. plant
B. bird
C. lizard
D. ant
Answer the preceding multiple choice question. The last line of your response should follow this format: 'Answer: \boxed{$LETTER}' (without quotes), where LETTER is one of the options. If you are uncertain or the problem is too complex, make a reasoned guess based on the information provided. Avoid repeating steps indefinitely—provide your best guess even if unsure. Think step by step logically, considering all relevant information before answering.<|im_end|>
<|im_start|>assistant
 To determine what is a food for the frog in the given food web, we need to follow the arrows pointing towards the frog. The arrows indicate the direction of energy flow, from prey to predator.

1. Identify the frog in the diagram.
2. Trace the arrows leading to the frog.
3. The arrow from the ant points to the frog, indicating that the frog eats the ant.

Therefore, the correct answer is:

Answer: D
Infer InternVL3_5-4B-Instruct/MMStar_MINI, Rank 0/8:  32%|███▏      | 6/19 [00:54<02:27, 11.34s/it]InternVL model version: V2.0
dynamic ViT batch size: 7
[transformers] Setting `pad_token_id` to `eos_token_id`:151645 for open-end generation.
<|im_start|>system
你是书生·万象，英文名是InternVL，是由上海人工智能实验室、清华大学及多家合作单位联合开发的多模态大语言模型。<|im_end|>
<|im_start|>user
<image>
Hint: Please answer the question and provide the correct option letter, e.g., A, B, C, D, at the end.
Question: As shown in the figure, points A, B, and C are three points on ⊙O, and the straight line CD and ⊙O are tangent to point C. If ∠DCB = 40.0, then the degree of ∠CAB is ()
A. 40°
B. 50°
C. 80°
D. 100°
Answer the preceding multiple choice question. The last line of your response should follow this format: 'Answer: \boxed{$LETTER}' (without quotes), where LETTER is one of the options. If you are uncertain or the problem is too complex, make a reasoned guess based on the information provided. Avoid repeating steps indefinitely—provide your best guess even if unsure. Think step by step logically, considering all relevant information before answering.<|im_end|>
<|im_start|>assistant
 To solve this problem, we need to use the properties of circles and tangents. Here's the step-by-step reasoning:

1. **Identify the given information:**
   - Points \( A \), \( B \), and \( C \) are on the circle \( \odot O \).
   - Line \( CD \) is tangent to the circle at point \( C \).
   - \( \angle DCB = 40^\circ \).

2. **Understand the properties of tangents and circles:**
   - A tangent to a circle is perpendicular to the radius at the point of tangency. Therefore, \( OC \perp CD \).
   - The angle between a tangent and a chord through the point of tangency is equal to the angle in the alternate segment.

3. **Use the property of the angle between a tangent and a chord:**
   - The angle between the tangent \( CD \) and the chord \( CB \) is equal to the angle in the alternate segment. This means \( \angle DCB = \angle CAB \).

4. **Determine the measure of \( \angle CAB \):**
   - Since \( \angle DCB = 40^\circ \), it follows that \( \angle CAB = 40^\circ \).

Therefore, the degree of \( \angle CAB \) is \( 40^\circ \).

The correct answer is \(\boxed{A}\).
Infer InternVL3_5-4B-Instruct/MMStar_MINI, Rank 4/8:  37%|███▋      | 7/19 [00:55<01:54,  9.54s/it]InternVL model version: V2.0
dynamic ViT batch size: 1
[transformers] Setting `pad_token_id` to `eos_token_id`:151645 for open-end generation.
<|im_start|>system
你是书生·万象，英文名是InternVL，是由上海人工智能实验室、清华大学及多家合作单位联合开发的多模态大语言模型。<|im_end|>
<|im_start|>user
<image>
Among the following binary trees, which one may become a binary search decision tree (excluding external nodes)
A. <image 1>
B. <image 2>
C. <image 3>
D. <image 4>
Answer the preceding multiple choice question. The last line of your response should follow this format: 'Answer: \boxed{$LETTER}' (without quotes), where LETTER is one of the options. If you are uncertain or the problem is too complex, make a reasoned guess based on the information provided. Avoid repeating steps indefinitely—provide your best guess even if unsure. Think step by step logically, considering all relevant information before answering.<|im_end|>
<|im_start|>assistant
 To determine which binary tree can become a binary search decision tree, we need to understand the properties of a binary search tree (BST). A BST is a binary tree in which each node has a key, and the keys in the left subtree of a node are less than the node's key, while the keys in the right subtree are greater than the node's key.

Let's analyze the given options:

A. The tree is not balanced and has a skewed structure, which is not typical for a BST.

B. The tree is balanced and has a structure that can be rearranged to satisfy the BST property.

C. The tree is not balanced and has a skewed structure, which is not typical for a BST.

D. The tree is not balanced and has a skewed structure, which is not typical for a BST.

Based on the analysis, option B is the only tree that can be rearranged to satisfy the BST property.

Answer: \boxed{B}
Infer InternVL3_5-4B-Instruct/MMStar_MINI, Rank 1/8:  84%|████████▍ | 16/19 [00:56<00:09,  3.31s/it]<|im_start|>system
你是书生·万象，英文名是InternVL，是由上海人工智能实验室、清华大学及多家合作单位联合开发的多模态大语言模型。<|im_end|>
<|im_start|>user
<image>
What is the primary type of food that is in the image?
A. Cookies
B. Potatoes
C. Indian curry
D. Fried dough
Answer the preceding multiple choice question. The last line of your response should follow this format: 'Answer: \boxed{$LETTER}' (without quotes), where LETTER is one of the options. If you are uncertain or the problem is too complex, make a reasoned guess based on the information provided. Avoid repeating steps indefinitely—provide your best guess even if unsure. Think step by step logically, considering all relevant information before answering.<|im_end|>
<|im_start|>assistant
 The image shows a large pan filled with round, fried items that resemble cookies or fried dough. These items are commonly associated with Indian cuisine, particularly in the context of street food or local markets. The appearance and context suggest that they are not cookies, potatoes, or Indian curry.

Answer: D. Fried dough
InternVL model version: V2.0
Infer InternVL3_5-4B-Instruct/MMStar_MINI, Rank 3/8:  84%|████████▍ | 16/19 [00:56<00:08,  2.71s/it]InternVL model version: V2.0
dynamic ViT batch size: 7
dynamic ViT batch size: 7
[transformers] Setting `pad_token_id` to `eos_token_id`:151645 for open-end generation.
[transformers] Setting `pad_token_id` to `eos_token_id`:151645 for open-end generation.
<|im_start|>system
你是书生·万象，英文名是InternVL，是由上海人工智能实验室、清华大学及多家合作单位联合开发的多模态大语言模型。<|im_end|>
<|im_start|>user
<image>
Which rhetorical appeal is primarily used in this ad?
A. ethos (character)
B. pathos (emotion)
C. logos (reason)
Answer the preceding multiple choice question. The last line of your response should follow this format: 'Answer: \boxed{$LETTER}' (without quotes), where LETTER is one of the options. If you are uncertain or the problem is too complex, make a reasoned guess based on the information provided. Avoid repeating steps indefinitely—provide your best guess even if unsure. Think step by step logically, considering all relevant information before answering.<|im_end|>
<|im_start|>assistant
 The ad primarily uses logos (reason) as the rhetorical appeal. This is evident from the statement "Studies show that Duophase Clinical Strength toothpaste is 96% as effective as a professional dental cleaning," which relies on statistical evidence and factual claims to persuade the audience.

Answer: C
Infer InternVL3_5-4B-Instruct/MMStar_MINI, Rank 0/8:  37%|███▋      | 7/19 [00:56<01:40,  8.37s/it]InternVL model version: V2.0
dynamic ViT batch size: 4
[transformers] Setting `pad_token_id` to `eos_token_id`:151645 for open-end generation.
<|im_start|>system
你是书生·万象，英文名是InternVL，是由上海人工智能实验室、清华大学及多家合作单位联合开发的多模态大语言模型。<|im_end|>
<|im_start|>user
<image>
What is the color theme of the bathroom?
A. Gray and white
B. Beige and white
C. Black and white
D. Brown and white
Answer the preceding multiple choice question. The last line of your response should follow this format: 'Answer: \boxed{$LETTER}' (without quotes), where LETTER is one of the options. If you are uncertain or the problem is too complex, make a reasoned guess based on the information provided. Avoid repeating steps indefinitely—provide your best guess even if unsure. Think step by step logically, considering all relevant information before answering.<|im_end|>
<|im_start|>assistant
 The bathroom features a color theme that includes beige and white. The walls and some fixtures are beige, while the countertops and other elements are white.

Answer: B. Beige and white
Infer InternVL3_5-4B-Instruct/MMStar_MINI, Rank 3/8:  89%|████████▉ | 17/19 [00:57<00:04,  2.34s/it]<|im_start|>system
你是书生·万象，英文名是InternVL，是由上海人工智能实验室、清华大学及多家合作单位联合开发的多模态大语言模型。<|im_end|>
<|im_start|>user
<image>
What is the predominant color of the drum detected in the image?
A. Black
B. Brown
C. Red
D. Blue
Answer the preceding multiple choice question. The last line of your response should follow this format: 'Answer: \boxed{$LETTER}' (without quotes), where LETTER is one of the options. If you are uncertain or the problem is too complex, make a reasoned guess based on the information provided. Avoid repeating steps indefinitely—provide your best guess even if unsure. Think step by step logically, considering all relevant information before answering.<|im_end|>
<|im_start|>assistant
 The drum in the image is predominantly black. This can be determined by observing the drum set in the background, where the drums and cymbals are primarily black.

Answer: A. Black
InternVL model version: V2.0
Infer InternVL3_5-4B-Instruct/MMStar_MINI, Rank 1/8:  89%|████████▉ | 17/19 [00:58<00:05,  2.79s/it]dynamic ViT batch size: 7
InternVL model version: V2.0
[transformers] Setting `pad_token_id` to `eos_token_id`:151645 for open-end generation.
dynamic ViT batch size: 7
[transformers] Setting `pad_token_id` to `eos_token_id`:151645 for open-end generation.
<|im_start|>system
你是书生·万象，英文名是InternVL，是由上海人工智能实验室、清华大学及多家合作单位联合开发的多模态大语言模型。<|im_end|>
<|im_start|>user
<image>
Which image is more brightful?
A. The first image
B. The second image
Answer the preceding multiple choice question. The last line of your response should follow this format: 'Answer: \boxed{$LETTER}' (without quotes), where LETTER is one of the options. If you are uncertain or the problem is too complex, make a reasoned guess based on the information provided. Avoid repeating steps indefinitely—provide your best guess even if unsure. Think step by step logically, considering all relevant information before answering.<|im_end|>
<|im_start|>assistant
 The first image is more brightful. The cross is clearly visible against a blue sky, indicating a bright environment. The second image is much darker, with the Uber sign illuminated in the dark.

Answer: A
Infer InternVL3_5-4B-Instruct/MMStar_MINI, Rank 0/8:  42%|████▏     | 8/19 [00:58<01:08,  6.21s/it]InternVL model version: V2.0
dynamic ViT batch size: 3
[transformers] Setting `pad_token_id` to `eos_token_id`:151645 for open-end generation.
<|im_start|>system
你是书生·万象，英文名是InternVL，是由上海人工智能实验室、清华大学及多家合作单位联合开发的多模态大语言模型。<|im_end|>
<|im_start|>user
<image>
How many people are seen playing music in the image?
A. 1
B. 2
C. 3
D. 4
Answer the preceding multiple choice question. The last line of your response should follow this format: 'Answer: \boxed{$LETTER}' (without quotes), where LETTER is one of the options. If you are uncertain or the problem is too complex, make a reasoned guess based on the information provided. Avoid repeating steps indefinitely—provide your best guess even if unsure. Think step by step logically, considering all relevant information before answering.<|im_end|>
<|im_start|>assistant
 The image shows three people playing music: one drummer, one bassist, and one guitarist. Therefore, the correct answer is:

Answer: C. 3
Infer InternVL3_5-4B-Instruct/MMStar_MINI, Rank 3/8:  95%|█████████▍| 18/19 [00:59<00:02,  2.04s/it]InternVL model version: V2.0
dynamic ViT batch size: 7
[transformers] Setting `pad_token_id` to `eos_token_id`:151645 for open-end generation.
<|im_start|>system
你是书生·万象，英文名是InternVL，是由上海人工智能实验室、清华大学及多家合作单位联合开发的多模态大语言模型。<|im_end|>
<|im_start|>user
<image>
What is the color of the writing in the image?
A. White
B. Black
C. Red
D. Blue
Answer the preceding multiple choice question. The last line of your response should follow this format: 'Answer: \boxed{$LETTER}' (without quotes), where LETTER is one of the options. If you are uncertain or the problem is too complex, make a reasoned guess based on the information provided. Avoid repeating steps indefinitely—provide your best guess even if unsure. Think step by step logically, considering all relevant information before answering.<|im_end|>
<|im_start|>assistant
 The image shows a pair of hands holding puzzle pieces. The writing in the image is "alamy stock photo," which is in black color.

Answer: B. Black
Infer InternVL3_5-4B-Instruct/MMStar_MINI, Rank 1/8:  95%|█████████▍| 18/19 [00:59<00:02,  2.40s/it]InternVL model version: V2.0
dynamic ViT batch size: 1
[transformers] Setting `pad_token_id` to `eos_token_id`:151645 for open-end generation.
<|im_start|>system
你是书生·万象，英文名是InternVL，是由上海人工智能实验室、清华大学及多家合作单位联合开发的多模态大语言模型。<|im_end|>
<|im_start|>user
<image>
Think about the magnetic force between the magnets in each pair. Which of the following statements is true?
A. The magnitude of the magnetic force is smaller in Pair 2.
B. The magnitude of the magnetic force is the same in both pairs.
C. The magnitude of the magnetic force is smaller in Pair 1.
Answer the preceding multiple choice question. The last line of your response should follow this format: 'Answer: \boxed{$LETTER}' (without quotes), where LETTER is one of the options. If you are uncertain or the problem is too complex, make a reasoned guess based on the information provided. Avoid repeating steps indefinitely—provide your best guess even if unsure. Think step by step logically, considering all relevant information before answering.<|im_end|>
<|im_start|>assistant
 To determine which statement about the magnetic force between the magnets in each pair is true, we need to consider the relationship between the distance between the magnets and the strength of the magnetic force.

1. **Understanding Magnetic Force**: The magnetic force between two magnets is inversely proportional to the square of the distance between them. This means that as the distance increases, the magnetic force decreases.

2. **Analyzing the Pairs**:
   - **Pair 1**: The distance between the magnets is 1.5 inches.
   - **Pair 2**: The distance between the magnets is 2.25 inches.

3. **Comparing Distances**:
   - Pair 2 has a greater distance (2.25 inches) compared to Pair 1 (1.5 inches).

4. **Implication for Magnetic Force**:
   - Since the magnetic force decreases with increasing distance, the magnetic force in Pair 2 will be smaller than in Pair 1.

Therefore, the correct statement is:
A. The magnitude of the magnetic force is smaller in Pair 2.

Answer: \boxed{A}
Infer InternVL3_5-4B-Instruct/MMStar_MINI, Rank 2/8:  84%|████████▍ | 16/19 [00:59<00:14,  4.94s/it]InternVL model version: V2.0
dynamic ViT batch size: 1
[transformers] Setting `pad_token_id` to `eos_token_id`:151645 for open-end generation.
<|im_start|>system
你是书生·万象，英文名是InternVL，是由上海人工智能实验室、清华大学及多家合作单位联合开发的多模态大语言模型。<|im_end|>
<|im_start|>user
<image>
Hint: Please answer the question and provide the correct option letter, e.g., A, B, C, D, at the end.
Question: What is the value of the smallest individual bar in the whole chart?
A. 5
B. 10
C. 20
D. 30
Answer the preceding multiple choice question. The last line of your response should follow this format: 'Answer: \boxed{$LETTER}' (without quotes), where LETTER is one of the options. If you are uncertain or the problem is too complex, make a reasoned guess based on the information provided. Avoid repeating steps indefinitely—provide your best guess even if unsure. Think step by step logically, considering all relevant information before answering.<|im_end|>
<|im_start|>assistant
 To determine the value of the smallest individual bar in the whole chart, we need to examine the heights of all the bars in the chart.

1. **Locker**: The blue bar (twist) is approximately 50, and the orange bar (cave) is approximately 30.
2. **Tunnel**: The blue bar (twist) is approximately 30, and the orange bar (cave) is approximately 20.
3. **Niece**: The blue bar (twist) is approximately 80, and the orange bar (cave) is approximately 60.

From the above observations, the smallest individual bar is the orange bar in the "tunnel" category, which is approximately 20.

Therefore, the correct answer is:
C. 20

Answer: \boxed{C}
Infer InternVL3_5-4B-Instruct/MMStar_MINI, Rank 5/8:  84%|████████▍ | 16/19 [01:00<00:14,  4.97s/it]InternVL model version: V2.0
dynamic ViT batch size: 3
[transformers] Setting `pad_token_id` to `eos_token_id`:151645 for open-end generation.
<|im_start|>system
你是书生·万象，英文名是InternVL，是由上海人工智能实验室、清华大学及多家合作单位联合开发的多模态大语言模型。<|im_end|>
<|im_start|>user
<image>
Hint: Please answer the question and provide the correct option letter, e.g., A, B, C, D, at the end.
Question: How many people prefer the most preferred object?
A. 14
B. 5
C. 7
D. 9
Answer the preceding multiple choice question. The last line of your response should follow this format: 'Answer: \boxed{$LETTER}' (without quotes), where LETTER is one of the options. If you are uncertain or the problem is too complex, make a reasoned guess based on the information provided. Avoid repeating steps indefinitely—provide your best guess even if unsure. Think step by step logically, considering all relevant information before answering.<|im_end|>
<|im_start|>assistant
 To determine how many people prefer the most preferred object, we need to look at the bar chart and identify the object with the highest number of people.

1. The bar chart shows three objects: violin, debut, and divine.
2. The violin bar extends to the 7 mark on the x-axis.
3. The debut bar extends to the 5 mark on the x-axis.
4. The divine bar extends to the 6 mark on the x-axis.

The violin bar is the longest, indicating that the most people prefer the violin. The number of people who prefer the violin is 7.

Therefore, the correct answer is C. 7.

Answer: \boxed{C}
Infer InternVL3_5-4B-Instruct/MMStar_MINI, Rank 4/8:  42%|████▏     | 8/19 [01:00<01:28,  8.08s/it]InternVL model version: V2.0
dynamic ViT batch size: 7
[transformers] Setting `pad_token_id` to `eos_token_id`:151645 for open-end generation.
<|im_start|>system
你是书生·万象，英文名是InternVL，是由上海人工智能实验室、清华大学及多家合作单位联合开发的多模态大语言模型。<|im_end|>
<|im_start|>user
<image>
Where is the testa?
A. A
B. C
C. D
D. B
Answer the preceding multiple choice question. The last line of your response should follow this format: 'Answer: \boxed{$LETTER}' (without quotes), where LETTER is one of the options. If you are uncertain or the problem is too complex, make a reasoned guess based on the information provided. Avoid repeating steps indefinitely—provide your best guess even if unsure. Think step by step logically, considering all relevant information before answering.<|im_end|>
<|im_start|>assistant
 The testa is the outermost layer of the seed, which is the protective coat. In the diagram, the label "A" points to the outermost layer of the seed, which is the testa.

Answer: A
Infer InternVL3_5-4B-Instruct/MMStar_MINI, Rank 1/8: 100%|██████████| 19/19 [01:01<00:00,  2.21s/it]Infer InternVL3_5-4B-Instruct/MMStar_MINI, Rank 1/8: 100%|██████████| 19/19 [01:01<00:00,  3.23s/it]
<|im_start|>system
你是书生·万象，英文名是InternVL，是由上海人工智能实验室、清华大学及多家合作单位联合开发的多模态大语言模型。<|im_end|>
<|im_start|>user
<image>
The volume of which object can be calculated using the formula in the figure?
A. Cuboid.
B. Cylinder.
C. Cone.
D. Sphere.
Answer the preceding multiple choice question. The last line of your response should follow this format: 'Answer: \boxed{$LETTER}' (without quotes), where LETTER is one of the options. If you are uncertain or the problem is too complex, make a reasoned guess based on the information provided. Avoid repeating steps indefinitely—provide your best guess even if unsure. Think step by step logically, considering all relevant information before answering.<|im_end|>
<|im_start|>assistant
 The formula in the figure is \(\frac{1}{3} \pi r^2 h\), which is the formula for the volume of a cone. 

Answer: C
Infer InternVL3_5-4B-Instruct/MMStar_MINI, Rank 4/8:  47%|████▋     | 9/19 [01:02<01:00,  6.01s/it]InternVL model version: V2.0
<|im_start|>system
你是书生·万象，英文名是InternVL，是由上海人工智能实验室、清华大学及多家合作单位联合开发的多模态大语言模型。<|im_end|>
<|im_start|>user
<image>
Hint: Please answer the question and provide the correct option letter, e.g., A, B, C, D, at the end.
Question: What is the value of f(0)?
A. -1
B. 0
C. 1
D. 10
Answer the preceding multiple choice question. The last line of your response should follow this format: 'Answer: \boxed{$LETTER}' (without quotes), where LETTER is one of the options. If you are uncertain or the problem is too complex, make a reasoned guess based on the information provided. Avoid repeating steps indefinitely—provide your best guess even if unsure. Think step by step logically, considering all relevant information before answering.<|im_end|>
<|im_start|>assistant
 To determine the value of \( f(0) \), we need to find the y-coordinate of the point on the graph where \( x = 0 \).

From the graph, we can see that the curve intersects the y-axis at \( y = 0 \).

Therefore, the value of \( f(0) \) is 0.

Answer: \boxed{B}
dynamic ViT batch size: 7
Infer InternVL3_5-4B-Instruct/MMStar_MINI, Rank 3/8: 100%|██████████| 19/19 [01:02<00:00,  2.27s/it]Infer InternVL3_5-4B-Instruct/MMStar_MINI, Rank 3/8: 100%|██████████| 19/19 [01:02<00:00,  3.27s/it]
[transformers] Setting `pad_token_id` to `eos_token_id`:151645 for open-end generation.
<|im_start|>system
你是书生·万象，英文名是InternVL，是由上海人工智能实验室、清华大学及多家合作单位联合开发的多模态大语言模型。<|im_end|>
<|im_start|>user
<image>
What the nature relations of these animals
A. predation
B. mutualism
C. parasitism
Answer the preceding multiple choice question. The last line of your response should follow this format: 'Answer: \boxed{$LETTER}' (without quotes), where LETTER is one of the options. If you are uncertain or the problem is too complex, make a reasoned guess based on the information provided. Avoid repeating steps indefinitely—provide your best guess even if unsure. Think step by step logically, considering all relevant information before answering.<|im_end|>
<|im_start|>assistant
 The image shows a green caterpillar with white eggs attached to its body, and a small insect, likely a wasp, is seen in the upper left corner. This scenario is indicative of parasitism, where the wasp is laying eggs inside or on the caterpillar. The caterpillar will likely serve as a host for the developing wasp larvae.

Answer: C. parasitism
Infer InternVL3_5-4B-Instruct/MMStar_MINI, Rank 4/8:  53%|█████▎    | 10/19 [01:05<00:45,  5.07s/it]InternVL model version: V2.0
dynamic ViT batch size: 1
[transformers] Setting `pad_token_id` to `eos_token_id`:151645 for open-end generation.
<|im_start|>system
你是书生·万象，英文名是InternVL，是由上海人工智能实验室、清华大学及多家合作单位联合开发的多模态大语言模型。<|im_end|>
<|im_start|>user
<image>
Hint: Please answer the question and provide the correct option letter, e.g., A, B, C, D, at the end.
Question: Does Dark Violet have the minimum area under the curve?
A. yes
B. no
Answer the preceding multiple choice question. The last line of your response should follow this format: 'Answer: \boxed{$LETTER}' (without quotes), where LETTER is one of the options. If you are uncertain or the problem is too complex, make a reasoned guess based on the information provided. Avoid repeating steps indefinitely—provide your best guess even if unsure. Think step by step logically, considering all relevant information before answering.<|im_end|>
<|im_start|>assistant
 To determine if Dark Violet has the minimum area under the curve, we need to analyze the distribution of the data points for each color. The area under the curve can be approximated by the spread and density of the data points.

1. **Dark Violet**: The data points are clustered at the lower end of the x-axis, around 0-20, and remain relatively low on the y-axis.
2. **Hot Pink**: The data points are spread out more than Dark Violet, with some points higher on the y-axis.
3. **Medium Mint**: The data points are spread out and have a wider range on the y-axis.
4. **Dark Cyan**: The data points are spread out and have a wide range on the y-axis.
5. **Yellow Green**: The data points are spread out and have a wide range on the y-axis.

Given that Dark Violet has the lowest and most concentrated data points on the y-axis, it suggests that it has the minimum area under the curve.

Answer: A. yes
Infer InternVL3_5-4B-Instruct/MMStar_MINI, Rank 0/8:  47%|████▋     | 9/19 [01:05<01:04,  6.47s/it]InternVL model version: V2.0
dynamic ViT batch size: 7
[transformers] Setting `pad_token_id` to `eos_token_id`:151645 for open-end generation.
<|im_start|>system
你是书生·万象，英文名是InternVL，是由上海人工智能实验室、清华大学及多家合作单位联合开发的多模态大语言模型。<|im_end|>
<|im_start|>user
<image>
Hint: Please answer the question and provide the correct option letter, e.g., A, B, C, D, at the end.
Question: The measure of angle BAC equals x*\degree. What is the value of x?
A. 30
B. 10
C. 20
D. 40
Answer the preceding multiple choice question. The last line of your response should follow this format: 'Answer: \boxed{$LETTER}' (without quotes), where LETTER is one of the options. If you are uncertain or the problem is too complex, make a reasoned guess based on the information provided. Avoid repeating steps indefinitely—provide your best guess even if unsure. Think step by step logically, considering all relevant information before answering.<|im_end|>
<|im_start|>assistant
 To find the measure of angle \( \angle BAC \) in the given triangle, we can use trigonometric ratios. The triangle has sides \( AB = 12 \), \( AC = 8\sqrt{3} \), and \( BC = 4\sqrt{3} \).

We can use the cosine rule to find \( \angle BAC \):

\[
\cos(\angle BAC) = \frac{AB^2 + AC^2 - BC^2}{2 \cdot AB \cdot AC}
\]

Substitute the given values:

\[
\cos(\angle BAC) = \frac{12^2 + (8\sqrt{3})^2 - (4\sqrt{3})^2}{2 \cdot 12 \cdot 8\sqrt{3}}
\]

Calculate the squares:

\[
\cos(\angle BAC) = \frac{144 + 192 - 48}{192\sqrt{3}}
\]

Simplify the numerator:

\[
\cos(\angle BAC) = \frac{288}{192\sqrt{3}}
\]

Simplify the fraction:

\[
\cos(\angle BAC) = \frac{3}{2\sqrt{3}} = \frac{\sqrt{3}}{2}
\]

The angle whose cosine is \( \frac{\sqrt{3}}{2} \) is \( 30^\circ \).

Thus, the measure of \( \angle BAC \) is \( 30^\circ \).

Answer: \boxed{A}
Infer InternVL3_5-4B-Instruct/MMStar_MINI, Rank 7/8:  83%|████████▎ | 15/18 [01:05<00:20,  6.96s/it]InternVL model version: V2.0
dynamic ViT batch size: 7
[transformers] Setting `pad_token_id` to `eos_token_id`:151645 for open-end generation.
<|im_start|>system
你是书生·万象，英文名是InternVL，是由上海人工智能实验室、清华大学及多家合作单位联合开发的多模态大语言模型。<|im_end|>
<|im_start|>user
<image>
In the picture, which direction is the baby facing?
A. left
B. right
C. up
D. down
Answer the preceding multiple choice question. The last line of your response should follow this format: 'Answer: \boxed{$LETTER}' (without quotes), where LETTER is one of the options. If you are uncertain or the problem is too complex, make a reasoned guess based on the information provided. Avoid repeating steps indefinitely—provide your best guess even if unsure. Think step by step logically, considering all relevant information before answering.<|im_end|>
<|im_start|>assistant
 To determine the direction the baby is facing, we need to look at the baby's body orientation in the image. The baby is lying on their stomach and reaching towards the teddy bear. The baby's head is facing towards the teddy bear, which is on the right side of the image.

Given this information, the baby is facing towards the right.

Answer: B
Infer InternVL3_5-4B-Instruct/MMStar_MINI, Rank 7/8:  89%|████████▉ | 16/18 [01:08<00:11,  5.73s/it]InternVL model version: V2.0
dynamic ViT batch size: 7
[transformers] Setting `pad_token_id` to `eos_token_id`:151645 for open-end generation.
<|im_start|>system
你是书生·万象，英文名是InternVL，是由上海人工智能实验室、清华大学及多家合作单位联合开发的多模态大语言模型。<|im_end|>
<|im_start|>user
<image>
What object dominates the image in the foreground?
A. A rocky and grassy field
B. Hills in the distance
C. A dirt road leading up a grassy hill to a rocky path
D. A large grey rock
Answer the preceding multiple choice question. The last line of your response should follow this format: 'Answer: \boxed{$LETTER}' (without quotes), where LETTER is one of the options. If you are uncertain or the problem is too complex, make a reasoned guess based on the information provided. Avoid repeating steps indefinitely—provide your best guess even if unsure. Think step by step logically, considering all relevant information before answering.<|im_end|>
<|im_start|>assistant
 The image prominently features a dirt road leading up a grassy hill to a rocky path. This path is the central focus of the image, guiding the viewer's eye through the landscape. The rocky and grassy field, hills in the distance, and a large grey rock are present but do not dominate the image as the dirt road does.

Answer: C
Infer InternVL3_5-4B-Instruct/MMStar_MINI, Rank 7/8:  94%|█████████▍| 17/18 [01:11<00:04,  4.84s/it]InternVL model version: V2.0
dynamic ViT batch size: 1
[transformers] Setting `pad_token_id` to `eos_token_id`:151645 for open-end generation.
<|im_start|>system
你是书生·万象，英文名是InternVL，是由上海人工智能实验室、清华大学及多家合作单位联合开发的多模态大语言模型。<|im_end|>
<|im_start|>user
<image>
what style is this painting?
A. ink wash painting
B. watercolor painting
C. gouache painting
D. pen and ink
Answer the preceding multiple choice question. The last line of your response should follow this format: 'Answer: \boxed{$LETTER}' (without quotes), where LETTER is one of the options. If you are uncertain or the problem is too complex, make a reasoned guess based on the information provided. Avoid repeating steps indefinitely—provide your best guess even if unsure. Think step by step logically, considering all relevant information before answering.<|im_end|>
<|im_start|>assistant
 The painting in the image appears to be created using a technique that involves fine lines and shading, which is characteristic of pen and ink work. The texture and detail suggest that it is not an ink wash painting, watercolor painting, or gouache painting, as these styles typically have different visual characteristics.

Answer: D. pen and ink
Infer InternVL3_5-4B-Instruct/MMStar_MINI, Rank 7/8: 100%|██████████| 18/18 [01:13<00:00,  4.14s/it]Infer InternVL3_5-4B-Instruct/MMStar_MINI, Rank 7/8: 100%|██████████| 18/18 [01:13<00:00,  4.11s/it]
<|im_start|>system
你是书生·万象，英文名是InternVL，是由上海人工智能实验室、清华大学及多家合作单位联合开发的多模态大语言模型。<|im_end|>
<|im_start|>user
<image>
Hint: Please answer the question and provide the correct option letter, e.g., A, B, C, D, at the end.
Question: Choose the answer for the missing picture.
A. A
B. B
C. C
D. D
Answer the preceding multiple choice question. The last line of your response should follow this format: 'Answer: \boxed{$LETTER}' (without quotes), where LETTER is one of the options. If you are uncertain or the problem is too complex, make a reasoned guess based on the information provided. Avoid repeating steps indefinitely—provide your best guess even if unsure. Think step by step logically, considering all relevant information before answering.<|im_end|>
<|im_start|>assistant
 To determine the missing picture, we need to identify the pattern in the arrangement of black squares in the grid. Let's analyze the given grid row by row:

1. **First Row:**
   - The first image has a black square in the top-left corner.
   - The second image has black squares in the top-right and middle-left corners.
   - The third image has black squares in the middle-right and bottom-left corners.

2. **Second Row:**
   - The first image has a black square in the middle-left corner.
   - The second image has black squares in the top-right and middle-left corners.
   - The third image has black squares in the middle-right and bottom-left corners.

3. **Third Row:**
   - The first image has a black square in the middle-left corner.
   - The second image has black squares in the top-right and middle-left corners.
   - The third image (missing) should follow the same pattern as the previous rows.

From the pattern, we can see that each row has a consistent arrangement of black squares. The missing image should have black squares in the middle-right and bottom-left corners, similar to the third image in the first two rows.

Among the options provided, option D matches this pattern with black squares in the middle-right and bottom-left corners.

Answer: \boxed{D}
Infer InternVL3_5-4B-Instruct/MMStar_MINI, Rank 0/8:  53%|█████▎    | 10/19 [01:14<01:06,  7.39s/it]InternVL model version: V2.0
dynamic ViT batch size: 1
[transformers] Setting `pad_token_id` to `eos_token_id`:151645 for open-end generation.
<|im_start|>system
你是书生·万象，英文名是InternVL，是由上海人工智能实验室、清华大学及多家合作单位联合开发的多模态大语言模型。<|im_end|>
<|im_start|>user
<image>
Hint: Please answer the question and provide the correct option letter, e.g., A, B, C, D, at the end.
Question: 如图，两直线a，b被直线c所截，已知a∥b，∠1＝62°，则∠2的度数为（）
A. 118°
B. 108°
C. 62°
D. 128°
请直接回答选项字母。
Answer the preceding multiple choice question. The last line of your response should follow this format: 'Answer: \boxed{$LETTER}' (without quotes), where LETTER is one of the options. If you are uncertain or the problem is too complex, make a reasoned guess based on the information provided. Avoid repeating steps indefinitely—provide your best guess even if unsure. Think step by step logically, considering all relevant information before answering.<|im_end|>
<|im_start|>assistant
 C
Infer InternVL3_5-4B-Instruct/MMStar_MINI, Rank 0/8:  58%|█████▊    | 11/19 [01:15<00:41,  5.20s/it]InternVL model version: V2.0
dynamic ViT batch size: 1
[transformers] Setting `pad_token_id` to `eos_token_id`:151645 for open-end generation.
<|im_start|>system
你是书生·万象，英文名是InternVL，是由上海人工智能实验室、清华大学及多家合作单位联合开发的多模态大语言模型。<|im_end|>
<|im_start|>user
<image>
What is correct Python code to generate the content of the image?
A. fruits = ["apple", "banana", "cherry"]\nfor x in fruits:\n  print(x)
B. mystr = "banana"\nmyit = iter(mystr)\n\nprint(next(myit))\nprint(next(myit))\nprint(next(myit))\nprint(next(myit))\nprint(next(myit))\nprint(next(myit))
C. i = 1\nwhile i < 6:\n  print(i)\n  i += 1\n
D. x = lambda a, b: a * b\nprint(x(5, 6))\n
Answer the preceding multiple choice question. The last line of your response should follow this format: 'Answer: \boxed{$LETTER}' (without quotes), where LETTER is one of the options. If you are uncertain or the problem is too complex, make a reasoned guess based on the information provided. Avoid repeating steps indefinitely—provide your best guess even if unsure. Think step by step logically, considering all relevant information before answering.<|im_end|>
<|im_start|>assistant
 To determine the correct Python code that generates the content of the image, we need to analyze the image and match it with the corresponding code.

The image shows the following text:
```
b
a
n
a
n
a
```

Let's analyze each option:

A. `fruits = ["apple", "banana", "cherry"]
for x in fruits:
  print(x)`

This code will print:
```
apple
banana
cherry
```
This does not match the image content.

B. `mystr = "banana"
myit = iter(mystr)
print(next(myit))
print(next(myit))
print(next(myit))
print(next(myit))
print(next(myit))
print(next(myit))`

This code will print:
```
b
a
n
a
n
a
```
This matches the image content.

C. `i = 1
while i < 6:
  print(i)
  i += 1`

This code will print:
```
1
2
3
4
5
```
This does not match the image content.

D. `x = lambda a, b: a * b
print(x(5, 6))`

This code will print:
```
30
```
This does not match the image content.

Therefore, the correct Python code to generate the content of the image is option B.

Answer: \boxed{B}
Infer InternVL3_5-4B-Instruct/MMStar_MINI, Rank 4/8:  58%|█████▊    | 11/19 [01:15<00:52,  6.61s/it]InternVL model version: V2.0
dynamic ViT batch size: 7
[transformers] Setting `pad_token_id` to `eos_token_id`:151645 for open-end generation.
<|im_start|>system
你是书生·万象，英文名是InternVL，是由上海人工智能实验室、清华大学及多家合作单位联合开发的多模态大语言模型。<|im_end|>
<|im_start|>user
<image>
<image 1> shows a DFA. Is it minimal?
A. yes
B. no
C. not sure
Answer the preceding multiple choice question. The last line of your response should follow this format: 'Answer: \boxed{$LETTER}' (without quotes), where LETTER is one of the options. If you are uncertain or the problem is too complex, make a reasoned guess based on the information provided. Avoid repeating steps indefinitely—provide your best guess even if unsure. Think step by step logically, considering all relevant information before answering.<|im_end|>
<|im_start|>assistant
 To determine if the given DFA is minimal, we need to check if there are any redundant states that can be merged or removed without changing the language recognized by the DFA.

1. **Identify Equivalent States:**
   - States \( G_1 \) and \( G_5 \) both have self-loops on 'a' and transitions to \( G_6 \) on 'a'. They both can be in the same state for any input string that only contains 'a'.
   - States \( G_6 \) and \( G_7 \) both have transitions on 'a' to \( G_4 \) and on 'b' to each other. They can be in the same state for any input string that contains both 'a' and 'b'.

2. **Merge Equivalent States:**
   - Merge \( G_1 \) and \( G_5 \) into a single state, say \( G_{15} \).
   - Merge \( G_6 \) and \( G_7 \) into a single state, say \( G_{67} \).

3. **Construct the New DFA:**
   - The new DFA will have states \( G_{15} \), \( G_{67} \), and \( G_4 \).
   - Transitions:
     - \( G_{15} \) on 'a' goes to \( G_{67} \).
     - \( G_{67} \) on 'a' goes to \( G_4 \).
     - \( G_{67} \) on 'b' stays in \( G_{67} \).
     - \( G_4 \) on 'a' goes to \( G_4 \).
     - \( G_4 \) on 'b' goes to \( G_{67} \).

4. **Check for Minimality:**
   - The new DFA has fewer states than the original DFA, indicating that the original DFA was not minimal.

Therefore, the answer is:

Answer: \boxed{B}
Infer InternVL3_5-4B-Instruct/MMStar_MINI, Rank 5/8:  89%|████████▉ | 17/19 [01:15<00:16,  8.07s/it]InternVL model version: V2.0
dynamic ViT batch size: 7
[transformers] Setting `pad_token_id` to `eos_token_id`:151645 for open-end generation.
<|im_start|>system
你是书生·万象，英文名是InternVL，是由上海人工智能实验室、清华大学及多家合作单位联合开发的多模态大语言模型。<|im_end|>
<|im_start|>user
<image>
What is the color of the shirt worn by the baseball player standing on the right side of the image?
A. Blue
B. White
C. Black
D. Gray
Answer the preceding multiple choice question. The last line of your response should follow this format: 'Answer: \boxed{$LETTER}' (without quotes), where LETTER is one of the options. If you are uncertain or the problem is too complex, make a reasoned guess based on the information provided. Avoid repeating steps indefinitely—provide your best guess even if unsure. Think step by step logically, considering all relevant information before answering.<|im_end|>
<|im_start|>assistant
 The baseball players in the image are wearing gray uniforms. Therefore, the color of the shirt worn by the baseball player standing on the right side of the image is gray.

Answer: D. Gray
Infer InternVL3_5-4B-Instruct/MMStar_MINI, Rank 5/8:  95%|█████████▍| 18/19 [01:17<00:06,  6.17s/it]InternVL model version: V2.0
dynamic ViT batch size: 3
[transformers] Setting `pad_token_id` to `eos_token_id`:151645 for open-end generation.
<|im_start|>system
你是书生·万象，英文名是InternVL，是由上海人工智能实验室、清华大学及多家合作单位联合开发的多模态大语言模型。<|im_end|>
<|im_start|>user
<image>
Hint: Please answer the question and provide the correct option letter, e.g., A, B, C, D, at the end.
Question: What time is shown? Answer by typing a time word, not a number. It is (_) to eight.
A. half
B. quarter
C. o'clock
D. quarter to
Answer the preceding multiple choice question. The last line of your response should follow this format: 'Answer: \boxed{$LETTER}' (without quotes), where LETTER is one of the options. If you are uncertain or the problem is too complex, make a reasoned guess based on the information provided. Avoid repeating steps indefinitely—provide your best guess even if unsure. Think step by step logically, considering all relevant information before answering.<|im_end|>
<|im_start|>assistant
 The time shown on the clock is 7:45. To determine the correct answer, we need to understand how to express this time in words.

- 7:45 is 15 minutes before 8:00.
- "Quarter to" is used to indicate that the time is 15 minutes before the next hour.

Therefore, the correct answer is:

D. quarter to

Answer: \boxed{D}
Infer InternVL3_5-4B-Instruct/MMStar_MINI, Rank 0/8:  63%|██████▎   | 12/19 [01:18<00:31,  4.57s/it]InternVL model version: V2.0
dynamic ViT batch size: 3
[transformers] Setting `pad_token_id` to `eos_token_id`:151645 for open-end generation.
<|im_start|>system
你是书生·万象，英文名是InternVL，是由上海人工智能实验室、清华大学及多家合作单位联合开发的多模态大语言模型。<|im_end|>
<|im_start|>user
<image>
Where is it?
A. Shanghai
B. Xi'an
C. Wuhan
D. Nanjing
Answer the preceding multiple choice question. The last line of your response should follow this format: 'Answer: \boxed{$LETTER}' (without quotes), where LETTER is one of the options. If you are uncertain or the problem is too complex, make a reasoned guess based on the information provided. Avoid repeating steps indefinitely—provide your best guess even if unsure. Think step by step logically, considering all relevant information before answering.<|im_end|>
<|im_start|>assistant
 The image shows the Forbidden City in Beijing, China. The Forbidden City is a historical palace complex that served as the Chinese imperial palace for over 500 years. It is located in the heart of Beijing, the capital of China.

Answer: B. Xi'an
Infer InternVL3_5-4B-Instruct/MMStar_MINI, Rank 0/8:  68%|██████▊   | 13/19 [01:20<00:22,  3.77s/it]InternVL model version: V2.0
dynamic ViT batch size: 7
[transformers] Setting `pad_token_id` to `eos_token_id`:151645 for open-end generation.
<|im_start|>system
你是书生·万象，英文名是InternVL，是由上海人工智能实验室、清华大学及多家合作单位联合开发的多模态大语言模型。<|im_end|>
<|im_start|>user
<image>
How many vases are in the image?
A. 0
B. 2
C. 1
D. 3
Answer the preceding multiple choice question. The last line of your response should follow this format: 'Answer: \boxed{$LETTER}' (without quotes), where LETTER is one of the options. If you are uncertain or the problem is too complex, make a reasoned guess based on the information provided. Avoid repeating steps indefinitely—provide your best guess even if unsure. Think step by step logically, considering all relevant information before answering.<|im_end|>
<|im_start|>assistant
 To determine the number of vases in the image, let's carefully examine the scene:

1. There is a large painting on the wall.
2. Below the painting, there is a wooden cabinet with a few items on top, including what appears to be a small vase.
3. In the center of the room, there is a glass coffee table with a vase containing pink flowers.
4. In the background, there is a fireplace with a plant on top, which could be considered a vase if it's a pot, but it's more likely a plant in a pot.
5. There are no other visible vases in the image.

Based on this analysis, there are two vases in the image: one on the cabinet and one on the coffee table.

Answer: B. 2
Infer InternVL3_5-4B-Instruct/MMStar_MINI, Rank 4/8:  63%|██████▎   | 12/19 [01:20<00:44,  6.38s/it]InternVL model version: V2.0
dynamic ViT batch size: 3
[transformers] Setting `pad_token_id` to `eos_token_id`:151645 for open-end generation.
<|im_start|>system
你是书生·万象，英文名是InternVL，是由上海人工智能实验室、清华大学及多家合作单位联合开发的多模态大语言模型。<|im_end|>
<|im_start|>user
<image>
Given the adjacency matrix of a weighted undirected graph as follows, the total weight of its minimum spanning tree is:<image 1>
A. 22
B. 20
C. 15
D. 8
Answer the preceding multiple choice question. The last line of your response should follow this format: 'Answer: \boxed{$LETTER}' (without quotes), where LETTER is one of the options. If you are uncertain or the problem is too complex, make a reasoned guess based on the information provided. Avoid repeating steps indefinitely—provide your best guess even if unsure. Think step by step logically, considering all relevant information before answering.<|im_end|>
<|im_start|>assistant
 To find the total weight of the minimum spanning tree (MST) of the given graph, we can use Kruskal's algorithm. This algorithm involves sorting all the edges by their weights and then adding the edges one by one to the MST, ensuring that no cycles are formed.

Here are the steps:

1. **List all the edges with their weights:**
   - (1, 2) with weight 3
   - (1, 3) with weight 1
   - (1, 4) with weight 15
   - (1, 5) with weight 1
   - (1, 6) with weight 9
   - (2, 3) with weight 3
   - (2, 4) with weight 13
   - (2, 6) with weight 8
   - (3, 4) with weight 1
   - (3, 5) with weight 1
   - (3, 6) with weight 2
   - (4, 5) with weight 18
   - (4, 6) with weight 2
   - (5, 6) with weight 2

2. **Sort the edges by weight:**
   - (1, 3) with weight 1
   - (1, 5) with weight 1
   - (3, 4) with weight 1
   - (3, 5) with weight 1
   - (2, 3) with weight 3
   - (1, 2) with weight 3
   - (3, 6) with weight 2
   - (4, 6) with weight 2
   - (5, 6) with weight 2
   - (2, 6) with weight 8
   - (1, 6) with weight 9
   - (2, 4) with weight 13
   - (4, 5) with weight 18

3. **Add edges to the MST, ensuring no cycles are formed:**
   - Add (1, 3) with weight 1
   - Add (1, 5) with weight 1
   - Add (3, 4) with weight 1
   - Add (3, 5) with weight 1
   - Add (2, 3) with weight 3
   - Add (1, 2) with weight 3
   - Add (3, 6) with weight 2
   - Add (4, 6) with weight 2
   - Add (5, 6) with weight 2

4. **Calculate the total weight of the MST:**
   - Total weight = 1 + 1 + 1 + 1 + 3 + 3 + 2 + 2 + 2 = 15

Thus, the total weight of the minimum spanning tree is 15.

Answer: \boxed{C}
Infer InternVL3_5-4B-Instruct/MMStar_MINI, Rank 2/8:  89%|████████▉ | 17/19 [01:21<00:19,  9.86s/it]InternVL model version: V2.0
dynamic ViT batch size: 1
[transformers] Setting `pad_token_id` to `eos_token_id`:151645 for open-end generation.
<|im_start|>system
你是书生·万象，英文名是InternVL，是由上海人工智能实验室、清华大学及多家合作单位联合开发的多模态大语言模型。<|im_end|>
<|im_start|>user
<image>
What will happen next?
A. this person is gonna cry
B. this person is gonna laugh
C. this person is gonna get mad
D. both A,B, and C
Answer the preceding multiple choice question. The last line of your response should follow this format: 'Answer: \boxed{$LETTER}' (without quotes), where LETTER is one of the options. If you are uncertain or the problem is too complex, make a reasoned guess based on the information provided. Avoid repeating steps indefinitely—provide your best guess even if unsure. Think step by step logically, considering all relevant information before answering.<|im_end|>
<|im_start|>assistant
 The image shows a person with a smile and the text "法式微笑" (French smile), which is a type of smile that is often associated with being polite and charming. Given this context, the most likely next action would be that this person is gonna laugh.

Answer: B
Infer InternVL3_5-4B-Instruct/MMStar_MINI, Rank 2/8:  95%|█████████▍| 18/19 [01:23<00:07,  7.49s/it]InternVL model version: V2.0
dynamic ViT batch size: 1
[transformers] Setting `pad_token_id` to `eos_token_id`:151645 for open-end generation.
<|im_start|>system
你是书生·万象，英文名是InternVL，是由上海人工智能实验室、清华大学及多家合作单位联合开发的多模态大语言模型。<|im_end|>
<|im_start|>user
<image>
How many soccer players are on the field?
A. 5
B. 11
C. 9
D. 7
Answer the preceding multiple choice question. The last line of your response should follow this format: 'Answer: \boxed{$LETTER}' (without quotes), where LETTER is one of the options. If you are uncertain or the problem is too complex, make a reasoned guess based on the information provided. Avoid repeating steps indefinitely—provide your best guess even if unsure. Think step by step logically, considering all relevant information before answering.<|im_end|>
<|im_start|>assistant
 To determine the number of soccer players on the field, we need to count the visible players in the image. The players are grouped together, and we can see their jerseys and numbers clearly.

1. Count the players in the group: There are 5 players in the group.
2. Check for any additional players: There are no other players visible in the image.

Therefore, the total number of soccer players on the field is 5.

Answer: A
Infer InternVL3_5-4B-Instruct/MMStar_MINI, Rank 0/8:  74%|███████▎  | 14/19 [01:23<00:18,  3.64s/it]InternVL model version: V2.0
dynamic ViT batch size: 7
[transformers] Setting `pad_token_id` to `eos_token_id`:151645 for open-end generation.
<|im_start|>system
你是书生·万象，英文名是InternVL，是由上海人工智能实验室、清华大学及多家合作单位联合开发的多模态大语言模型。<|im_end|>
<|im_start|>user
<image>
Hint: Please answer the question and provide the correct option letter, e.g., A, B, C, D, at the end.
Question: Which number comes next?
A. 2023
B. 2123
C. 2223
D. 2133
Answer the preceding multiple choice question. The last line of your response should follow this format: 'Answer: \boxed{$LETTER}' (without quotes), where LETTER is one of the options. If you are uncertain or the problem is too complex, make a reasoned guess based on the information provided. Avoid repeating steps indefinitely—provide your best guess even if unsure. Think step by step logically, considering all relevant information before answering.<|im_end|>
<|im_start|>assistant
 To determine the next number in the sequence, let's analyze the pattern in the given numbers:

1. 13
2. 57
3. 911
4. 1315
5. 1719

We can observe the following pattern:
- The first digit increases by 4 each time: 1, 5, 9, 13, 17.
- The second digit increases by 4 each time: 3, 7, 11, 15, 19.

Following this pattern:
- The next first digit should be 17 + 4 = 21.
- The next second digit should be 19 + 4 = 23.

Therefore, the next number in the sequence should be 2123.

Answer: B
Infer InternVL3_5-4B-Instruct/MMStar_MINI, Rank 5/8: 100%|██████████| 19/19 [01:23<00:00,  6.23s/it]Infer InternVL3_5-4B-Instruct/MMStar_MINI, Rank 5/8: 100%|██████████| 19/19 [01:23<00:00,  4.41s/it]
<|im_start|>system
你是书生·万象，英文名是InternVL，是由上海人工智能实验室、清华大学及多家合作单位联合开发的多模态大语言模型。<|im_end|>
<|im_start|>user
<image>
<image 1> A major food manufacturer is concerned that the sales for its skinny french fries have been decreasing. As a part of a feasibility study, the company conducts research into the types of fries sold across the country to determine if the type of fries sold is independent of the area of the country. The results of the study are shown in Table 11.43. Conduct a test of independence. At the 5% significance level, what can you conclude?
A. There is insufficient evidence that types of fries and location are dependent.
B. There is sufficient evidence that types of fries and location are dependent.
C. Not certain.
Answer the preceding multiple choice question. The last line of your response should follow this format: 'Answer: \boxed{$LETTER}' (without quotes), where LETTER is one of the options. If you are uncertain or the problem is too complex, make a reasoned guess based on the information provided. Avoid repeating steps indefinitely—provide your best guess even if unsure. Think step by step logically, considering all relevant information before answering.<|im_end|>
<|im_start|>assistant
 To determine if the type of fries sold is independent of the area of the country, we can conduct a chi-square test of independence. Here are the steps:

1. **State the Hypotheses:**
   - Null Hypothesis (\(H_0\)): The type of fries sold is independent of the area of the country.
   - Alternative Hypothesis (\(H_a\)): The type of fries sold is dependent on the area of the country.

2. **Calculate the Expected Frequencies:**
   - The expected frequency for each cell is calculated using the formula:
     \[
     E_{ij} = \frac{(Row \ Total \times Column \ Total)}{Grand \ Total}
     \]

3. **Calculate the Chi-Square Statistic:**
   - The chi-square statistic is calculated using the formula:
     \[
     \chi^2 = \sum \frac{(O_{ij} - E_{ij})^2}{E_{ij}}
     \]
     where \(O_{ij}\) is the observed frequency and \(E_{ij}\) is the expected frequency.

4. **Determine the Degrees of Freedom:**
   - Degrees of freedom (df) = (number of rows - 1) * (number of columns - 1)
   - Here, df = (3 - 1) * (4 - 1) = 2 * 3 = 6

5. **Find the Critical Value:**
   - Using a chi-square distribution table, find the critical value for df = 6 at the 5% significance level. The critical value is approximately 12.592.

6. **Compare the Chi-Square Statistic to the Critical Value:**
   - If the calculated chi-square statistic is greater than the critical value, reject the null hypothesis.

Let's calculate the expected frequencies and the chi-square statistic:

- **Row Totals:**
  - Skinny fries: 145
  - Curly fries: 195
  - Steak fries: 80

- **Column Totals:**
  - Northeast: 190
  - South: 150
  - Central: 45
  - West: 65

- **Grand Total:**
  - 530

- **Expected Frequencies:**
  - Skinny fries:
    - Northeast: \((145 \times 190) / 530 = 52.83\)
    - South: \((145 \times 150) / 530 = 41.04\)
    - Central: \((145 \times 45) / 530 = 12.33\)
    - West: \((145 \times 65) / 530 = 18.59\)
  - Curly fries:
    - Northeast: \((195 \times 190) / 530 = 70.38\)
    - South: \((195 \times 150) / 530 = 55.19\)
    - Central: \((195 \times 45) / 530 = 16.54\)
    - West: \((195 \times 65) / 530 = 22.69\)
  - Steak fries:
    - Northeast: \((80 \times 190) / 530 = 28.30\)
    - South: \((80 \times 150) / 530 = 22.64\)
    - Central: \((80 \times 45) / 530 = 6.62\)
    - West: \((80 \times 65) / 530 = 9.84\)

- **Chi-Square Statistic:**
  - Skinny fries:
    - \((70 - 52.83)^2 / 52.83 = 6.34\)
    - \((50 - 41.04)^2 / 41.04 = 2.14\)
    - \((20 - 12.33)^2 / 12.33 = 3.14\)
    - \((25 - 18.59)^2 / 18.59 = 1.84\)
  - Curly fries:
    - \((100 - 70.38)^2 / 70.38 = 13.44\)
    - \((60 - 55.19)^2 / 55.19 = 0.43\)
    - \((15 - 16.54)^2 / 16.54 = 0.14\)
    - \((30 - 22.69)^2 / 22.69 = 2.24\)
  - Steak fries:
    - \((20 - 28.30)^2 / 28.30 = 2.34\)
    - \((40 - 22.64)^2 / 22.64 = 6.44\)
    - \((10 - 6.62)^2 / 6.62 = 1.34\)
    - \((10 - 9.84)^2 / 9.84 = 0.03\)

  - Total Chi-Square Statistic = 6.34 + 2.14 + 3.14 + 1.84 + 13.44 + 0.43 + 0.14 + 2.24 + 2.34 + 6.44 + 1.34 + 0.03 = 36.44

Since the calculated chi-square statistic (36.44) is greater than the critical value (12.592), we reject the null hypothesis.

**Conclusion:**
There is sufficient evidence that types of fries and location are dependent.

Answer: \boxed{B}
Infer InternVL3_5-4B-Instruct/MMStar_MINI, Rank 6/8:  22%|██▏       | 4/18 [01:25<06:03, 26.00s/it]InternVL model version: V2.0
dynamic ViT batch size: 7
[transformers] Setting `pad_token_id` to `eos_token_id`:151645 for open-end generation.
<|im_start|>system
你是书生·万象，英文名是InternVL，是由上海人工智能实验室、清华大学及多家合作单位联合开发的多模态大语言模型。<|im_end|>
<|im_start|>user
<image>
Which is the main persuasive appeal used in this ad?
A. logos (reason)
B. pathos (emotion)
C. ethos (character)
Answer the preceding multiple choice question. The last line of your response should follow this format: 'Answer: \boxed{$LETTER}' (without quotes), where LETTER is one of the options. If you are uncertain or the problem is too complex, make a reasoned guess based on the information provided. Avoid repeating steps indefinitely—provide your best guess even if unsure. Think step by step logically, considering all relevant information before answering.<|im_end|>
<|im_start|>assistant
 The main persuasive appeal used in this ad is ethos (character). The ad emphasizes the strength of Silcom's wireless signal, which is a claim about the company's capability and reliability. This appeal to the company's character and expertise is intended to build trust and credibility with the audience.

Answer: C
Infer InternVL3_5-4B-Instruct/MMStar_MINI, Rank 2/8: 100%|██████████| 19/19 [01:25<00:00,  5.87s/it]Infer InternVL3_5-4B-Instruct/MMStar_MINI, Rank 2/8: 100%|██████████| 19/19 [01:25<00:00,  4.49s/it]
<|im_start|>system
你是书生·万象，英文名是InternVL，是由上海人工智能实验室、清华大学及多家合作单位联合开发的多模态大语言模型。<|im_end|>
<|im_start|>user
<image>
In the picture, one is a bear doll and the other is a cat. Are they the same size?
A. same
B. Not the same
C. Can't judge
Answer the preceding multiple choice question. The last line of your response should follow this format: 'Answer: \boxed{$LETTER}' (without quotes), where LETTER is one of the options. If you are uncertain or the problem is too complex, make a reasoned guess based on the information provided. Avoid repeating steps indefinitely—provide your best guess even if unsure. Think step by step logically, considering all relevant information before answering.<|im_end|>
<|im_start|>assistant
 To determine if the bear doll and the cat are the same size, we need to compare their sizes visually in the picture.

1. The bear doll is on the left side of the image.
2. The cat is on the right side of the image.
3. The bear doll appears to be larger than the cat.

Based on this visual comparison, the bear doll and the cat are not the same size.

Answer: \boxed{B}
Infer InternVL3_5-4B-Instruct/MMStar_MINI, Rank 0/8:  79%|███████▉  | 15/19 [01:26<00:14,  3.50s/it]InternVL model version: V2.0
dynamic ViT batch size: 7
[transformers] Setting `pad_token_id` to `eos_token_id`:151645 for open-end generation.
<|im_start|>system
你是书生·万象，英文名是InternVL，是由上海人工智能实验室、清华大学及多家合作单位联合开发的多模态大语言模型。<|im_end|>
<|im_start|>user
<image>
Graph 3 shows the number of injuries and illnesses a corporation reported per 100 full-time workers from 2003 to 2011. The solid line is the regression line for the data. The dotted line connects the points for 2003 and 2011; it represents the average rate of change in reported injuries and illness over the eight-year period. <image 1> The least-squares regression line is least successful at predicting the number of injury and illness reports in ____________.
A. 2003
B. 2005
C. 2007
D. 2009
Answer the preceding multiple choice question. The last line of your response should follow this format: 'Answer: \boxed{$LETTER}' (without quotes), where LETTER is one of the options. If you are uncertain or the problem is too complex, make a reasoned guess based on the information provided. Avoid repeating steps indefinitely—provide your best guess even if unsure. Think step by step logically, considering all relevant information before answering.<|im_end|>
<|im_start|>assistant
 To determine the year in which the least-squares regression line is least successful at predicting the number of injury and illness reports, we need to identify the point on the graph that is farthest from the regression line. This point represents the year where the actual number of reported cases deviates the most from the predicted number by the regression line.

Let's analyze the graph:

- In 2003, the point is close to the regression line.
- In 2005, the point is also relatively close to the regression line.
- In 2007, the point is again close to the regression line.
- In 2009, the point is farthest from the regression line.

Therefore, the least-squares regression line is least successful at predicting the number of injury and illness reports in 2009.

Answer: \boxed{D}
Infer InternVL3_5-4B-Instruct/MMStar_MINI, Rank 6/8:  28%|██▊       | 5/18 [01:32<04:10, 19.24s/it]InternVL model version: V2.0
dynamic ViT batch size: 1
[transformers] Setting `pad_token_id` to `eos_token_id`:151645 for open-end generation.
<|im_start|>system
你是书生·万象，英文名是InternVL，是由上海人工智能实验室、清华大学及多家合作单位联合开发的多模态大语言模型。<|im_end|>
<|im_start|>user
<image>
what python code is gonna generate the result as shown in the image?
A. thisdict = {
"brand": "Ford",
"model": "Mustang",
"year": 1967
}
print(thisdict)
B. thisdict = {
"brand": "Ford",
"model": "Mustang",
"year": 1967
}
print(thisdict["brand"])
C. thisdict = {
"brand": "Ford",
"electric": False,
"year": 1967,
"colors": ["red", "white", "blue"]
}

print(thisdict)
D. thisdict = dict(name = "John", age = 39, country = "Norway")

print(thisdict)
Answer the preceding multiple choice question. The last line of your response should follow this format: 'Answer: \boxed{$LETTER}' (without quotes), where LETTER is one of the options. If you are uncertain or the problem is too complex, make a reasoned guess based on the information provided. Avoid repeating steps indefinitely—provide your best guess even if unsure. Think step by step logically, considering all relevant information before answering.<|im_end|>
<|im_start|>assistant
 To generate the result shown in the image, we need to create a dictionary with the keys and values as specified. The dictionary in the image has the following structure:

```python
{'name': 'John', 'age': 36, 'country': 'Norway'}
```

Let's analyze the options:

A. This dictionary has keys "brand", "model", and "year" with different values. It does not match the required structure.

B. This dictionary also has keys "brand", "model", and "year". It does not match the required structure.

C. This dictionary has keys "brand", "electric", "year", and "colors". It does not match the required structure.

D. This dictionary is created using the `dict` constructor with the keys and values as specified in the image. It matches the required structure.

Therefore, the correct answer is:

Answer: \boxed{D}
Infer InternVL3_5-4B-Instruct/MMStar_MINI, Rank 0/8:  84%|████████▍ | 16/19 [01:33<00:13,  4.37s/it]InternVL model version: V2.0
dynamic ViT batch size: 7
[transformers] Setting `pad_token_id` to `eos_token_id`:151645 for open-end generation.
<|im_start|>system
你是书生·万象，英文名是InternVL，是由上海人工智能实验室、清华大学及多家合作单位联合开发的多模态大语言模型。<|im_end|>
<|im_start|>user
<image>
Hint: Please answer the question and provide the correct option letter, e.g., A, B, C, D, at the end.
Question: What number is shown?
A. 9597
B. 9567
C. 6567
D. 9667
Answer the preceding multiple choice question. The last line of your response should follow this format: 'Answer: \boxed{$LETTER}' (without quotes), where LETTER is one of the options. If you are uncertain or the problem is too complex, make a reasoned guess based on the information provided. Avoid repeating steps indefinitely—provide your best guess even if unsure. Think step by step logically, considering all relevant information before answering.<|im_end|>
<|im_start|>assistant
 To determine the number shown in the image, we need to count the cubes of different sizes and then sum their values.

1. **Cubes of size \(10 \times 10 \times 10\)**:
   - There are 9 such cubes.
   - Each cube has a volume of \(10 \times 10 \times 10 = 1000\) cubic units.
   - Total volume from these cubes: \(9 \times 1000 = 9000\).

2. **Cubes of size \(10 \times 10\)**:
   - There are 5 such cubes.
   - Each cube has a volume of \(10 \times 10 = 100\) cubic units.
   - Total volume from these cubes: \(5 \times 100 = 500\).

3. **Cubes of size \(10 \times 1\)**:
   - There are 6 such cubes.
   - Each cube has a volume of \(10 \times 1 = 10\) cubic units.
   - Total volume from these cubes: \(6 \times 10 = 60\).

4. **Individual \(1 \times 1\) cubes**:
   - There are 7 such cubes.
   - Each cube has a volume of \(1 \times 1 = 1\) cubic unit.
   - Total volume from these cubes: \(7 \times 1 = 7\).

Now, we sum all the volumes:
\[ 9000 + 500 + 60 + 7 = 9567 \]

Thus, the number shown is \(\boxed{B}\).
Infer InternVL3_5-4B-Instruct/MMStar_MINI, Rank 4/8:  68%|██████▊   | 13/19 [01:33<00:49,  8.22s/it]InternVL model version: V2.0
dynamic ViT batch size: 7
[transformers] Setting `pad_token_id` to `eos_token_id`:151645 for open-end generation.
<|im_start|>system
你是书生·万象，英文名是InternVL，是由上海人工智能实验室、清华大学及多家合作单位联合开发的多模态大语言模型。<|im_end|>
<|im_start|>user
<image>
How many apples are there in the image? And how many bananas are there?
A. 4 apples and 2 bananas
B. 3 apples and 3 banana
C. 2 apples and 4 bananas
D. 4 apples and 1 bananas
Answer the preceding multiple choice question. The last line of your response should follow this format: 'Answer: \boxed{$LETTER}' (without quotes), where LETTER is one of the options. If you are uncertain or the problem is too complex, make a reasoned guess based on the information provided. Avoid repeating steps indefinitely—provide your best guess even if unsure. Think step by step logically, considering all relevant information before answering.<|im_end|>
<|im_start|>assistant
 To determine the number of apples and bananas in the image, let's count each fruit:

- There are 4 apples.
- There are 3 bananas.

Thus, the correct answer is:

B. 3 apples and 3 bananas

Answer: \boxed{B}
Infer InternVL3_5-4B-Instruct/MMStar_MINI, Rank 6/8:  33%|███▎      | 6/18 [01:34<02:42, 13.51s/it]InternVL model version: V2.0
dynamic ViT batch size: 7
[transformers] Setting `pad_token_id` to `eos_token_id`:151645 for open-end generation.
<|im_start|>system
你是书生·万象，英文名是InternVL，是由上海人工智能实验室、清华大学及多家合作单位联合开发的多模态大语言模型。<|im_end|>
<|im_start|>user
<image>
What is the overall mood of the image?
A. Neutral
B. Somber
C. Tense
D. Joyful
Answer the preceding multiple choice question. The last line of your response should follow this format: 'Answer: \boxed{$LETTER}' (without quotes), where LETTER is one of the options. If you are uncertain or the problem is too complex, make a reasoned guess based on the information provided. Avoid repeating steps indefinitely—provide your best guess even if unsure. Think step by step logically, considering all relevant information before answering.<|im_end|>
<|im_start|>assistant
 The image depicts a person kayaking on a river, surrounded by a natural setting. The person appears to be enjoying the activity, and the overall scene is bright and vibrant, suggesting a positive and joyful mood.

Answer: D. Joyful
Infer InternVL3_5-4B-Instruct/MMStar_MINI, Rank 4/8:  74%|███████▎  | 14/19 [01:35<00:31,  6.31s/it]InternVL model version: V2.0
dynamic ViT batch size: 1
[transformers] Setting `pad_token_id` to `eos_token_id`:151645 for open-end generation.
<|im_start|>system
你是书生·万象，英文名是InternVL，是由上海人工智能实验室、清华大学及多家合作单位联合开发的多模态大语言模型。<|im_end|>
<|im_start|>user
<image>
Hint: Please answer the question and provide the correct option letter, e.g., A, B, C, D, at the end.
Question: A real estate agent drove around the neighborhood and counted the number of houses on each block. How many blocks have exactly 36 houses? (Unit: blocks)
A. 0
B. 1
C. 2
D. 3
Answer the preceding multiple choice question. The last line of your response should follow this format: 'Answer: \boxed{$LETTER}' (without quotes), where LETTER is one of the options. If you are uncertain or the problem is too complex, make a reasoned guess based on the information provided. Avoid repeating steps indefinitely—provide your best guess even if unsure. Think step by step logically, considering all relevant information before answering.<|im_end|>
<|im_start|>assistant
 To determine how many blocks have exactly 36 houses, we need to look at the stem-and-leaf plot provided.

The stem represents the tens place, and the leaf represents the units place. For the number 36, the stem is 3 and the leaf is 6.

Looking at the row where the stem is 3, we see the leaves are: 0, 1, 2, 4, 6, 8.

We can see that the leaf 6 appears once in this row.

Therefore, there is 1 block with exactly 36 houses.

The correct answer is B.

Answer: \boxed{B}
Infer InternVL3_5-4B-Instruct/MMStar_MINI, Rank 0/8:  89%|████████▉ | 17/19 [01:37<00:08,  4.44s/it]InternVL model version: V2.0
dynamic ViT batch size: 7
[transformers] Setting `pad_token_id` to `eos_token_id`:151645 for open-end generation.
<|im_start|>system
你是书生·万象，英文名是InternVL，是由上海人工智能实验室、清华大学及多家合作单位联合开发的多模态大语言模型。<|im_end|>
<|im_start|>user
<image>
Hint: Please answer the question and provide the correct option letter, e.g., A, B, C, D, at the end.
Question: What is the value of the smallest bar?
A. 0
B. 1
C. 10
D. 5
Answer the preceding multiple choice question. The last line of your response should follow this format: 'Answer: \boxed{$LETTER}' (without quotes), where LETTER is one of the options. If you are uncertain or the problem is too complex, make a reasoned guess based on the information provided. Avoid repeating steps indefinitely—provide your best guess even if unsure. Think step by step logically, considering all relevant information before answering.<|im_end|>
<|im_start|>assistant
 To determine the value of the smallest bar, we need to identify the bar with the lowest value on the y-axis. The y-axis is labeled "Values" and ranges from 0 to 100.

By examining the bar chart, we can see that the bar labeled "breast" has the lowest value. The value of this bar is 10.

Therefore, the correct answer is:

C. 10

Answer: \boxed{C}
Infer InternVL3_5-4B-Instruct/MMStar_MINI, Rank 4/8:  79%|███████▉  | 15/19 [01:38<00:21,  5.40s/it]InternVL model version: V2.0
dynamic ViT batch size: 7
[transformers] Setting `pad_token_id` to `eos_token_id`:151645 for open-end generation.
<|im_start|>system
你是书生·万象，英文名是InternVL，是由上海人工智能实验室、清华大学及多家合作单位联合开发的多模态大语言模型。<|im_end|>
<|im_start|>user
<image>
In the picture, which direction is the teddy bear facing?
A. left
B. right
C. upward
D. downward
Answer the preceding multiple choice question. The last line of your response should follow this format: 'Answer: \boxed{$LETTER}' (without quotes), where LETTER is one of the options. If you are uncertain or the problem is too complex, make a reasoned guess based on the information provided. Avoid repeating steps indefinitely—provide your best guess even if unsure. Think step by step logically, considering all relevant information before answering.<|im_end|>
<|im_start|>assistant
 The teddy bear in the picture is lying on its back, with its head and feet pointing towards the camera. This means that the teddy bear is facing away from the camera, which corresponds to the direction of the right side of the image.

Answer: B. right
Infer InternVL3_5-4B-Instruct/MMStar_MINI, Rank 0/8:  95%|█████████▍| 18/19 [01:39<00:03,  3.73s/it]InternVL model version: V2.0
dynamic ViT batch size: 4
[transformers] Setting `pad_token_id` to `eos_token_id`:151645 for open-end generation.
<|im_start|>system
你是书生·万象，英文名是InternVL，是由上海人工智能实验室、清华大学及多家合作单位联合开发的多模态大语言模型。<|im_end|>
<|im_start|>user
<image>
The object shown in this figure:
A. Is a colorless, flammable liquid that is commonly used as a solvent and fuel
B. Has a boiling point of 64.7°C
C. Can be toxic if ingested or absorbed through the skin
D. None of these options are correct.
Answer the preceding multiple choice question. The last line of your response should follow this format: 'Answer: \boxed{$LETTER}' (without quotes), where LETTER is one of the options. If you are uncertain or the problem is too complex, make a reasoned guess based on the information provided. Avoid repeating steps indefinitely—provide your best guess even if unsure. Think step by step logically, considering all relevant information before answering.<|im_end|>
<|im_start|>assistant
 Let's analyze the question step by step:

1. **Identify the object in the image**: The image shows a bottle labeled "Methanol." Methanol is a chemical compound with the formula CH₃OH.

2. **Evaluate each option**:
   - **Option A**: Methanol is indeed a colorless, flammable liquid that is commonly used as a solvent and fuel. This statement is correct.
   - **Option B**: The boiling point of methanol is 64.7°C. This statement is also correct.
   - **Option C**: Methanol can be toxic if ingested or absorbed through the skin. This statement is correct as well.
   - **Option D**: This option states that none of the other options are correct. However, since options A, B, and C are all correct, this option is incorrect.

3. **Conclusion**: Since options A, B, and C are all correct, the correct answer is that none of these options are correct.

Answer: \boxed{D}
Infer InternVL3_5-4B-Instruct/MMStar_MINI, Rank 6/8:  39%|███▉      | 7/18 [01:43<02:10, 11.91s/it]InternVL model version: V2.0
dynamic ViT batch size: 7
[transformers] Setting `pad_token_id` to `eos_token_id`:151645 for open-end generation.
<|im_start|>system
你是书生·万象，英文名是InternVL，是由上海人工智能实验室、清华大学及多家合作单位联合开发的多模态大语言模型。<|im_end|>
<|im_start|>user
<image>
Which image shows the highest contrast?
A. upper left
B. upper right
C. down left
D. down right
Answer the preceding multiple choice question. The last line of your response should follow this format: 'Answer: \boxed{$LETTER}' (without quotes), where LETTER is one of the options. If you are uncertain or the problem is too complex, make a reasoned guess based on the information provided. Avoid repeating steps indefinitely—provide your best guess even if unsure. Think step by step logically, considering all relevant information before answering.<|im_end|>
<|im_start|>assistant
 To determine which image shows the highest contrast, we need to consider the difference between the lightest and darkest areas in each image.

- **Upper left**: The image shows a butterfly on a flower with a relatively uniform background. The contrast is moderate, with the butterfly and flower standing out against the background.
- **Upper right**: This image shows a vineyard with rows of plants. The contrast is moderate, with the green plants and the sky providing a clear distinction.
- **Down left**: The image of the sailboat has a high contrast due to the bright blue sky and the dark sail. The sail's details are clearly visible against the sky.
- **Down right**: The image of the microphone has a high contrast between the black microphone and the white background. The details of the microphone are clearly visible.

Comparing the contrasts, the down right image has the highest contrast because the black microphone stands out sharply against the white background.

Answer: D
Infer InternVL3_5-4B-Instruct/MMStar_MINI, Rank 4/8:  84%|████████▍ | 16/19 [01:45<00:17,  5.81s/it]InternVL model version: V2.0
dynamic ViT batch size: 5
[transformers] Setting `pad_token_id` to `eos_token_id`:151645 for open-end generation.
<|im_start|>system
你是书生·万象，英文名是InternVL，是由上海人工智能实验室、清华大学及多家合作单位联合开发的多模态大语言模型。<|im_end|>
<|im_start|>user
<image>
Which is a full grown plant?
A. d
B. b
C. c
D. a
Answer the preceding multiple choice question. The last line of your response should follow this format: 'Answer: \boxed{$LETTER}' (without quotes), where LETTER is one of the options. If you are uncertain or the problem is too complex, make a reasoned guess based on the information provided. Avoid repeating steps indefinitely—provide your best guess even if unsure. Think step by step logically, considering all relevant information before answering.<|im_end|>
<|im_start|>assistant
 To determine which is a full-grown plant, we need to look for the plant that has developed all the necessary parts: roots, stem, leaves, and flowers.

- Option A shows a plant with roots, stem, leaves, and flowers, indicating it is a full-grown plant.
- Option B shows a seed, which is not a full-grown plant.
- Option C shows a sprout with roots and a stem, but no leaves or flowers, indicating it is not a full-grown plant.
- Option D shows a plant with roots, stem, leaves, and flowers, indicating it is a full-grown plant.

Both options A and D show full-grown plants. However, since the question asks for the correct answer and typically expects a single choice, we should select the first correct option listed.

Answer: \boxed{A}
Infer InternVL3_5-4B-Instruct/MMStar_MINI, Rank 0/8: 100%|██████████| 19/19 [01:45<00:00,  4.36s/it]Infer InternVL3_5-4B-Instruct/MMStar_MINI, Rank 0/8: 100%|██████████| 19/19 [01:45<00:00,  5.56s/it]
<|im_start|>system
你是书生·万象，英文名是InternVL，是由上海人工智能实验室、清华大学及多家合作单位联合开发的多模态大语言模型。<|im_end|>
<|im_start|>user
<image>
How many tires can be seen in the image?
A. 4
B. 3
C. 5
D. 6
Answer the preceding multiple choice question. The last line of your response should follow this format: 'Answer: \boxed{$LETTER}' (without quotes), where LETTER is one of the options. If you are uncertain or the problem is too complex, make a reasoned guess based on the information provided. Avoid repeating steps indefinitely—provide your best guess even if unsure. Think step by step logically, considering all relevant information before answering.<|im_end|>
<|im_start|>assistant
 To determine the number of tires visible in the image, let's carefully examine the scene:

1. There is a race car in the background.
2. The race car has four tires, which are visible in the image.

Therefore, the correct answer is:

Answer: A. 4
Infer InternVL3_5-4B-Instruct/MMStar_MINI, Rank 6/8:  44%|████▍     | 8/18 [01:45<01:29,  8.92s/it]InternVL model version: V2.0
dynamic ViT batch size: 7
[transformers] Setting `pad_token_id` to `eos_token_id`:151645 for open-end generation.
<|im_start|>system
你是书生·万象，英文名是InternVL，是由上海人工智能实验室、清华大学及多家合作单位联合开发的多模态大语言模型。<|im_end|>
<|im_start|>user
<image>
How many archways are there in the image?
A. One
B. Four
C. Three
D. Two
Answer the preceding multiple choice question. The last line of your response should follow this format: 'Answer: \boxed{$LETTER}' (without quotes), where LETTER is one of the options. If you are uncertain or the problem is too complex, make a reasoned guess based on the information provided. Avoid repeating steps indefinitely—provide your best guess even if unsure. Think step by step logically, considering all relevant information before answering.<|im_end|>
<|im_start|>assistant
 The image shows a structure with two archways. The correct answer is:

D. Two

Answer: \boxed{D}
Infer InternVL3_5-4B-Instruct/MMStar_MINI, Rank 6/8:  50%|█████     | 9/18 [01:47<00:58,  6.54s/it]InternVL model version: V2.0
dynamic ViT batch size: 7
[transformers] Setting `pad_token_id` to `eos_token_id`:151645 for open-end generation.
<|im_start|>system
你是书生·万象，英文名是InternVL，是由上海人工智能实验室、清华大学及多家合作单位联合开发的多模态大语言模型。<|im_end|>
<|im_start|>user
<image>
How many ponds are clearly visible in this image?
A. One
B. Three
C. Two
D. Four
Answer the preceding multiple choice question. The last line of your response should follow this format: 'Answer: \boxed{$LETTER}' (without quotes), where LETTER is one of the options. If you are uncertain or the problem is too complex, make a reasoned guess based on the information provided. Avoid repeating steps indefinitely—provide your best guess even if unsure. Think step by step logically, considering all relevant information before answering.<|im_end|>
<|im_start|>assistant
 To determine the number of ponds clearly visible in the image, let's analyze the scene:

1. There is a large pond in the center of the image.
2. There is a smaller pond to the right of the large pond.
3. There is another smaller pond to the left of the large pond.

Thus, there are three ponds clearly visible in the image.

Answer: B. Three
Infer InternVL3_5-4B-Instruct/MMStar_MINI, Rank 6/8:  56%|█████▌    | 10/18 [01:50<00:44,  5.56s/it]InternVL model version: V2.0
dynamic ViT batch size: 1
[transformers] Setting `pad_token_id` to `eos_token_id`:151645 for open-end generation.
<|im_start|>system
你是书生·万象，英文名是InternVL，是由上海人工智能实验室、清华大学及多家合作单位联合开发的多模态大语言模型。<|im_end|>
<|im_start|>user
<image>
How is the sun appearing in the sky?
A. High and bright
B. Just rising
C. Behind the couple
D. Just going down
Answer the preceding multiple choice question. The last line of your response should follow this format: 'Answer: \boxed{$LETTER}' (without quotes), where LETTER is one of the options. If you are uncertain or the problem is too complex, make a reasoned guess based on the information provided. Avoid repeating steps indefinitely—provide your best guess even if unsure. Think step by step logically, considering all relevant information before answering.<|im_end|>
<|im_start|>assistant
 Answer: C. Behind the couple
Infer InternVL3_5-4B-Instruct/MMStar_MINI, Rank 6/8:  61%|██████    | 11/18 [01:50<00:27,  3.99s/it]InternVL model version: V2.0
dynamic ViT batch size: 7
[transformers] Setting `pad_token_id` to `eos_token_id`:151645 for open-end generation.
<|im_start|>system
你是书生·万象，英文名是InternVL，是由上海人工智能实验室、清华大学及多家合作单位联合开发的多模态大语言模型。<|im_end|>
<|im_start|>user
<image>
Hint: Please answer the question and provide the correct option letter, e.g., A, B, C, D, at the end.
Question: A spaceship of mass $m=4.50 \times 10^3 \mathrm{~kg}$ is in a circular Earth orbit of radius $r=8.00 \times 10^6 \mathrm{~m}$ and period $T_0=118.6 \mathrm{~min}=$ $7.119 \times 10^3 \mathrm{~s}$ when a thruster is fired in the forward direction to decrease the speed to $96.0 \%$ of the original speed. What is the period $T$ of the resulting elliptical orbit (Figure)?
A. 4.6
B. 6.5
C. 6.36
D. 8.66
Answer the preceding multiple choice question. The last line of your response should follow this format: 'Answer: \boxed{$LETTER}' (without quotes), where LETTER is one of the options. If you are uncertain or the problem is too complex, make a reasoned guess based on the information provided. Avoid repeating steps indefinitely—provide your best guess even if unsure. Think step by step logically, considering all relevant information before answering.<|im_end|>
<|im_start|>assistant
 To solve this problem, we need to understand the relationship between the orbital period and the radius of the orbit for a circular orbit, and then apply Kepler's Third Law for elliptical orbits.

### Step-by-Step Solution:

1. **Determine the original orbital speed \( v_0 \):**
   The orbital speed \( v_0 \) for a circular orbit is given by:
   \[
   v_0 = \frac{2\pi r}{T_0}
   \]
   where \( r = 8.00 \times 10^6 \, \text{m} \) and \( T_0 = 7.119 \times 10^3 \, \text{s} \).

   \[
   v_0 = \frac{2\pi \times 8.00 \times 10^6}{7.119 \times 10^3} \approx 7.15 \times 10^3 \, \text{m/s}
   \]

2. **Calculate the new speed \( v \) after the thruster is fired:**
   The new speed is 96% of the original speed:
   \[
   v = 0.96 \times v_0 = 0.96 \times 7.15 \times 10^3 \approx 6.86 \times 10^3 \, \text{m/s}
   \]

3. **Determine the semi-major axis \( a \) of the elliptical orbit:**
   For an elliptical orbit, the semi-major axis \( a \) can be found using the vis-viva equation:
   \[
   v^2 = GM \left( \frac{2}{r} - \frac{1}{a} \right)
   \]
   where \( G \) is the gravitational constant and \( M \) is the mass of the Earth. For simplicity, we use the fact that the semi-major axis \( a \) is related to the original radius \( r \) and the new speed \( v \).

4. **Use Kepler's Third Law to find the period \( T \):**
   Kepler's Third Law states:
   \[
   T^2 \propto a^3
   \]
   For a circular orbit, \( T_0^2 \propto r^3 \). For the elliptical orbit, we need to find the new period \( T \) using the new semi-major axis \( a \).

   Since the new speed is less than the original speed, the semi-major axis \( a \) will be larger than \( r \). The period \( T \) of the elliptical orbit can be approximated by:
   \[
   T = T_0 \left( \frac{a}{r} \right)^{3/2}
   \]

   Given the new speed is 96% of the original, the semi-major axis \( a \) will be slightly larger than \( r \). The exact calculation would require more detailed orbital mechanics, but the period \( T \) will be slightly longer than \( T_0 \).

5. **Estimate the period \( T \):**
   Given the options, the closest value to the original period \( T_0 \) with a slight increase due to the larger semi-major axis is approximately 6.36 minutes.

### Final Answer:
C. 6.36
Infer InternVL3_5-4B-Instruct/MMStar_MINI, Rank 4/8:  89%|████████▉ | 17/19 [02:10<00:23, 11.60s/it]InternVL model version: V2.0
dynamic ViT batch size: 7
[transformers] Setting `pad_token_id` to `eos_token_id`:151645 for open-end generation.
<|im_start|>system
你是书生·万象，英文名是InternVL，是由上海人工智能实验室、清华大学及多家合作单位联合开发的多模态大语言模型。<|im_end|>
<|im_start|>user
<image>
Consider the three stocks in the following table. $P_t$ represents price at time $t$, and $Q_t$ represents shares outstanding at time $t$. Stock C splits two for one in the last period. <image 1> Calculate the rate of return for the second period ($t=1$ to $t=2$)
A. 0
B. 1.23%
C. 2.38%
D. 3.57%
Answer the preceding multiple choice question. The last line of your response should follow this format: 'Answer: \boxed{$LETTER}' (without quotes), where LETTER is one of the options. If you are uncertain or the problem is too complex, make a reasoned guess based on the information provided. Avoid repeating steps indefinitely—provide your best guess even if unsure. Think step by step logically, considering all relevant information before answering.<|im_end|>
<|im_start|>assistant
 To calculate the rate of return for the second period (\(t=1\) to \(t=2\)), we need to consider the price and the number of shares outstanding for each stock. The rate of return is calculated as:

\[ \text{Rate of Return} = \frac{\text{Price at } t=2 - \text{Price at } t=1}{\text{Price at } t=1} \]

However, we must also account for the stock split for Stock C, which doubles the number of shares outstanding but halves the price per share.

Let's calculate the rate of return for each stock:

### Stock A:
- \(P_1 = 95\)
- \(P_2 = 95\)
- Rate of Return for Stock A = \(\frac{95 - 95}{95} = 0\)

### Stock B:
- \(P_1 = 45\)
- \(P_2 = 45\)
- Rate of Return for Stock B = \(\frac{45 - 45}{45} = 0\)

### Stock C:
- \(P_1 = 110\)
- \(P_2 = 55\)
- Since Stock C splits 2 for 1, the effective price after the split is halved.
- Rate of Return for Stock C = \(\frac{55 - 110}{110} = \frac{-55}{110} = -0.5\)

Now, we need to find the overall rate of return for the portfolio. The overall rate of return is the weighted average of the individual stock returns, weighted by the number of shares outstanding.

Total shares at \(t=1\):
\[ Q_1 = 100 + 200 + 200 = 500 \]

Total shares at \(t=2\):
\[ Q_2 = 100 + 200 + 400 = 700 \]

Weighted average rate of return:
\[ \text{Overall Rate of Return} = \frac{(100 \times 0) + (200 \times 0) + (400 \times -0.5)}{500} = \frac{0 + 0 - 200}{500} = \frac{-200}{500} = -0.4 \]

The overall rate of return is \(-0.4\), which is not among the provided options. This suggests a need to re-evaluate the calculation or the provided options. Given the options, the closest match to the calculated rate of return is:

Answer: \boxed{C}
Infer InternVL3_5-4B-Instruct/MMStar_MINI, Rank 6/8:  67%|██████▋   | 12/18 [02:12<00:56,  9.44s/it]InternVL model version: V2.0
dynamic ViT batch size: 3
[transformers] Setting `pad_token_id` to `eos_token_id`:151645 for open-end generation.
<|im_start|>system
你是书生·万象，英文名是InternVL，是由上海人工智能实验室、清华大学及多家合作单位联合开发的多模态大语言模型。<|im_end|>
<|im_start|>user
<image>
Hint: Please answer the question and provide the correct option letter, e.g., A, B, C, D, at the end.
Question: When does the function start decreasing?
A. 4
B. 5
C. 6
D. 7
Answer the preceding multiple choice question. The last line of your response should follow this format: 'Answer: \boxed{$LETTER}' (without quotes), where LETTER is one of the options. If you are uncertain or the problem is too complex, make a reasoned guess based on the information provided. Avoid repeating steps indefinitely—provide your best guess even if unsure. Think step by step logically, considering all relevant information before answering.<|im_end|>
<|im_start|>assistant
 To determine when the function starts decreasing, we need to identify the point where the function changes from increasing to decreasing. 

From the graph, we can see that the function is increasing until it reaches the point at \( x = 5 \). After \( x = 5 \), the function starts to decrease.

Therefore, the function starts decreasing at \( x = 5 \).

Answer: B
Infer InternVL3_5-4B-Instruct/MMStar_MINI, Rank 4/8:  95%|█████████▍| 18/19 [02:13<00:08,  8.99s/it]InternVL model version: V2.0
dynamic ViT batch size: 7
[transformers] Setting `pad_token_id` to `eos_token_id`:151645 for open-end generation.
<|im_start|>system
你是书生·万象，英文名是InternVL，是由上海人工智能实验室、清华大学及多家合作单位联合开发的多模态大语言模型。<|im_end|>
<|im_start|>user
<image>
How many people are standing on the stage in the image?
A. One
B. More than three
C. Three
D. Two
Answer the preceding multiple choice question. The last line of your response should follow this format: 'Answer: \boxed{$LETTER}' (without quotes), where LETTER is one of the options. If you are uncertain or the problem is too complex, make a reasoned guess based on the information provided. Avoid repeating steps indefinitely—provide your best guess even if unsure. Think step by step logically, considering all relevant information before answering.<|im_end|>
<|im_start|>assistant
 The image shows two people standing on the stage, each playing a guitar. Therefore, the correct answer is:

D. Two

Answer: \boxed{D}
Infer InternVL3_5-4B-Instruct/MMStar_MINI, Rank 4/8: 100%|██████████| 19/19 [02:14<00:00,  6.71s/it]Infer InternVL3_5-4B-Instruct/MMStar_MINI, Rank 4/8: 100%|██████████| 19/19 [02:14<00:00,  7.09s/it]
<|im_start|>system
你是书生·万象，英文名是InternVL，是由上海人工智能实验室、清华大学及多家合作单位联合开发的多模态大语言模型。<|im_end|>
<|im_start|>user
<image>
Hint: Please answer the question and provide the correct option letter, e.g., A, B, C, D, at the end.
Question: As shown in the figure, in the parallelogram ABCD, CE bisects ∠BCD and it intersects the AD edge at point E, and DE = 3.0, then the length of AB is ()
A. 1
B. 2
C. 3
D. 6
Answer the preceding multiple choice question. The last line of your response should follow this format: 'Answer: \boxed{$LETTER}' (without quotes), where LETTER is one of the options. If you are uncertain or the problem is too complex, make a reasoned guess based on the information provided. Avoid repeating steps indefinitely—provide your best guess even if unsure. Think step by step logically, considering all relevant information before answering.<|im_end|>
<|im_start|>assistant
 To solve this problem, we need to use the properties of a parallelogram and the fact that CE bisects ∠BCD.

1. **Identify the properties of the parallelogram:**
   - Opposite sides of a parallelogram are equal in length.
   - Opposite angles of a parallelogram are equal.
   - Adjacent angles of a parallelogram are supplementary.

2. **Use the given information:**
   - CE bisects ∠BCD, so ∠BCE = ∠ECD.
   - DE = 3.0.

3. **Analyze the triangle formed by the bisector:**
   - Since CE bisects ∠BCD, and ABCD is a parallelogram, ∠BCD = ∠BAD.
   - Therefore, ∠BCE = ∠ECD = \(\frac{1}{2} \angle BCD\).

4. **Use the properties of the parallelogram to find the length of AB:**
   - Since DE = 3.0 and E is on AD, and AD is parallel to BC, DE is equal to the length of the segment from D to the point where CE intersects AD.
   - In a parallelogram, the length of AB is equal to the length of CD.
   - Since DE = 3.0 and E is the midpoint of AD (because CE bisects ∠BCD), the length of AD is twice the length of DE.
   - Therefore, AD = 2 * DE = 2 * 3.0 = 6.0.
   - Since AB = CD and CD = AD, AB = 6.0.

Thus, the length of AB is \(\boxed{6}\). The correct choice is \(\boxed{D}\).
Infer InternVL3_5-4B-Instruct/MMStar_MINI, Rank 6/8:  72%|███████▏  | 13/18 [02:26<00:53, 10.78s/it]InternVL model version: V2.0
dynamic ViT batch size: 7
[transformers] Setting `pad_token_id` to `eos_token_id`:151645 for open-end generation.
<|im_start|>system
你是书生·万象，英文名是InternVL，是由上海人工智能实验室、清华大学及多家合作单位联合开发的多模态大语言模型。<|im_end|>
<|im_start|>user
<image>
Which object is located in the center of the image?
A. The wooden doll
B. The cartoon family
C. The porcelain figurine
D. The film character
Answer the preceding multiple choice question. The last line of your response should follow this format: 'Answer: \boxed{$LETTER}' (without quotes), where LETTER is one of the options. If you are uncertain or the problem is too complex, make a reasoned guess based on the information provided. Avoid repeating steps indefinitely—provide your best guess even if unsure. Think step by step logically, considering all relevant information before answering.<|im_end|>
<|im_start|>assistant
 The image depicts a cartoon family, which is centrally located among other objects. The family members are positioned in the middle of the image, making them the focal point.

Answer: B. The cartoon family
Infer InternVL3_5-4B-Instruct/MMStar_MINI, Rank 6/8:  78%|███████▊  | 14/18 [02:28<00:32,  8.05s/it]InternVL model version: V2.0
dynamic ViT batch size: 7
[transformers] Setting `pad_token_id` to `eos_token_id`:151645 for open-end generation.
<|im_start|>system
你是书生·万象，英文名是InternVL，是由上海人工智能实验室、清华大学及多家合作单位联合开发的多模态大语言模型。<|im_end|>
<|im_start|>user
<image>
What is the main feature of the building in the image?
A. The rooftop
B. The stone wall
C. The clock tower
D. The arched windows
Answer the preceding multiple choice question. The last line of your response should follow this format: 'Answer: \boxed{$LETTER}' (without quotes), where LETTER is one of the options. If you are uncertain or the problem is too complex, make a reasoned guess based on the information provided. Avoid repeating steps indefinitely—provide your best guess even if unsure. Think step by step logically, considering all relevant information before answering.<|im_end|>
<|im_start|>assistant
 The main feature of the building in the image is the clock tower. The tower is tall and prominent, standing out against the sky, and it has a clock face visible near the top. The other options, such as the stone wall, arched windows, and rooftop, are part of the building but do not stand out as the main feature.

Answer: C. The clock tower
Infer InternVL3_5-4B-Instruct/MMStar_MINI, Rank 6/8:  83%|████████▎ | 15/18 [02:31<00:19,  6.57s/it]InternVL model version: V2.0
dynamic ViT batch size: 6
[transformers] Setting `pad_token_id` to `eos_token_id`:151645 for open-end generation.
<|im_start|>system
你是书生·万象，英文名是InternVL，是由上海人工智能实验室、清华大学及多家合作单位联合开发的多模态大语言模型。<|im_end|>
<|im_start|>user
<image>
Suppose you discovered a mutant yeast whose glycolytic pathway was shorter because of the presence of a new enzyme catalyzing the reaction <image 1> Would shortening the glycolytic pathway in this way benefit the cell?
A. Yes.
B. No.
C. Not sure.
Answer the preceding multiple choice question. The last line of your response should follow this format: 'Answer: \boxed{$LETTER}' (without quotes), where LETTER is one of the options. If you are uncertain or the problem is too complex, make a reasoned guess based on the information provided. Avoid repeating steps indefinitely—provide your best guess even if unsure. Think step by step logically, considering all relevant information before answering.<|im_end|>
<|im_start|>assistant
 To determine whether shortening the glycolytic pathway in this way would benefit the cell, we need to consider the role of the reaction depicted in the image and the overall function of glycolysis.

The reaction shown is:

\[ \text{Glyceraldehyde 3-phosphate} + \text{H}_2\text{O} \rightarrow \text{3-phosphoglycerate} \]

This reaction is typically catalyzed by the enzyme glyceraldehyde 3-phosphate dehydrogenase in glycolysis. This enzyme also plays a crucial role in the production of NADH, which is an important electron carrier used in cellular respiration to generate ATP.

If this step is removed or bypassed, the cell would lose the ability to produce NADH efficiently. Without NADH, the electron transport chain in cellular respiration would be impaired, leading to a decrease in ATP production. This would be detrimental to the cell because ATP is the primary energy currency of the cell.

Therefore, shortening the glycolytic pathway by removing this reaction would likely be harmful to the cell.

Answer: B. No.
Infer InternVL3_5-4B-Instruct/MMStar_MINI, Rank 6/8:  89%|████████▉ | 16/18 [02:40<00:14,  7.16s/it]InternVL model version: V2.0
dynamic ViT batch size: 3
[transformers] Setting `pad_token_id` to `eos_token_id`:151645 for open-end generation.
<|im_start|>system
你是书生·万象，英文名是InternVL，是由上海人工智能实验室、清华大学及多家合作单位联合开发的多模态大语言模型。<|im_end|>
<|im_start|>user
<image>
What direction is Syria in the Mediterranean Sea?
A. east
B. south
C. west
D. north
Answer the preceding multiple choice question. The last line of your response should follow this format: 'Answer: \boxed{$LETTER}' (without quotes), where LETTER is one of the options. If you are uncertain or the problem is too complex, make a reasoned guess based on the information provided. Avoid repeating steps indefinitely—provide your best guess even if unsure. Think step by step logically, considering all relevant information before answering.<|im_end|>
<|im_start|>assistant
 To determine the direction of Syria in relation to the Mediterranean Sea, we need to look at the map and identify the position of Syria and the Mediterranean Sea.

1. Locate Syria on the map.
2. Identify the Mediterranean Sea on the map.
3. Determine the relative direction of Syria with respect to the Mediterranean Sea.

From the map:
- Syria is located to the south of the Mediterranean Sea.

Therefore, the correct answer is:
Answer: B. south
Infer InternVL3_5-4B-Instruct/MMStar_MINI, Rank 6/8:  94%|█████████▍| 17/18 [02:43<00:06,  6.04s/it]InternVL model version: V2.0
dynamic ViT batch size: 7
[transformers] Setting `pad_token_id` to `eos_token_id`:151645 for open-end generation.
<|im_start|>system
你是书生·万象，英文名是InternVL，是由上海人工智能实验室、清华大学及多家合作单位联合开发的多模态大语言模型。<|im_end|>
<|im_start|>user
<image>
Think about the magnetic force between the magnets in each pair. Which of the following statements is true?
A. The magnitude of the magnetic force is greater in Pair 2.
B. The magnitude of the magnetic force is the same in both pairs.
C. The magnitude of the magnetic force is greater in Pair 1.
Answer the preceding multiple choice question. The last line of your response should follow this format: 'Answer: \boxed{$LETTER}' (without quotes), where LETTER is one of the options. If you are uncertain or the problem is too complex, make a reasoned guess based on the information provided. Avoid repeating steps indefinitely—provide your best guess even if unsure. Think step by step logically, considering all relevant information before answering.<|im_end|>
<|im_start|>assistant
 To determine which statement about the magnetic force between the magnets in each pair is true, we need to consider the relationship between the distance between the magnets and the strength of the magnetic force.

The magnetic force between two magnets is inversely proportional to the square of the distance between them. This means that as the distance between the magnets increases, the magnetic force decreases.

Given:
- Pair 1: Distance = 38.2 mm
- Pair 2: Distance = 22 mm

Since Pair 2 has a smaller distance between the magnets compared to Pair 1, the magnetic force in Pair 2 will be greater than in Pair 1.

Therefore, the correct statement is:
A. The magnitude of the magnetic force is greater in Pair 2.

Answer: \boxed{A}
Infer InternVL3_5-4B-Instruct/MMStar_MINI, Rank 6/8: 100%|██████████| 18/18 [02:49<00:00,  6.09s/it]Infer InternVL3_5-4B-Instruct/MMStar_MINI, Rank 6/8: 100%|██████████| 18/18 [02:49<00:00,  9.43s/it]
/root/storage/miniconda3/envs/vlmevalkit/lib/python3.10/site-packages/torch/distributed/c10d_logger.py:83: UserWarning: barrier(): using the device under current context. You can specify `device_id` in `init_process_group` to mute this warning.
  return func(*args, **kwargs)
[2026-06-08 07:46:21] ERROR - misc.py: load_env - 220: Did not detect the .env file at /root/storage/mahaoxuan.mhx/code/MMR-Bench/third_party/VLMEvalKit/.env, failed to load. 
[2026-06-08 07:46:21] INFO - vlmeval.api.base: BaseAPI received the following kwargs: {'chat_template_kwargs': {'enable_thinking': False}}
[2026-06-08 07:46:21] INFO - vlmeval.api.base: Will try to use them as kwargs for `generate`. 
[2026-06-08 07:46:21] INFO - vlmeval.api.gpt: Using API Base: http://33.3.178.31:8000/v1/chat/completions; API Key: EMPTY
wings-e5e8bd552edb-master-0:57634:57634 [0] NCCL INFO comm 0x56255bf7bc60 rank 3 nranks 8 cudaDev 0 busId 67000 - Destroy COMPLETE
wings-e5e8bd552edb-master-0:57637:57637 [0] NCCL INFO comm 0x5591c135a0b0 rank 6 nranks 8 cudaDev 0 busId 93000 - Destroy COMPLETE
wings-e5e8bd552edb-master-0:57636:57636 [0] NCCL INFO comm 0x565049f5a4f0 rank 5 nranks 8 cudaDev 0 busId 8c000 - Destroy COMPLETE
wings-e5e8bd552edb-master-0:57635:57635 [0] NCCL INFO comm 0x55fcdd97dbe0 rank 4 nranks 8 cudaDev 0 busId 85000 - Destroy COMPLETE
wings-e5e8bd552edb-master-0:57630:57630 [0] NCCL INFO comm 0x55d905b7de20 rank 2 nranks 8 cudaDev 0 busId 1c000 - Destroy COMPLETE
wings-e5e8bd552edb-master-0:57635:57635 [0] NCCL INFO ENV/Plugin: Closing env plugin ncclEnvDefault
wings-e5e8bd552edb-master-0:57634:57634 [0] NCCL INFO ENV/Plugin: Closing env plugin ncclEnvDefault
wings-e5e8bd552edb-master-0:57630:57630 [0] NCCL INFO ENV/Plugin: Closing env plugin ncclEnvDefault
wings-e5e8bd552edb-master-0:57637:57637 [0] NCCL INFO ENV/Plugin: Closing env plugin ncclEnvDefault
wings-e5e8bd552edb-master-0:57636:57636 [0] NCCL INFO ENV/Plugin: Closing env plugin ncclEnvDefault
  0%|          | 0/150 [00:00<?, ?it/s] 12%|█▏        | 18/150 [00:00<00:00, 173.41it/s] 24%|██▍       | 36/150 [00:00<00:01, 98.83it/s]  32%|███▏      | 48/150 [00:00<00:01, 91.30it/s] 39%|███▊      | 58/150 [00:01<00:02, 39.98it/s] 43%|████▎     | 65/150 [00:01<00:01, 42.55it/s] 49%|████▉     | 74/150 [00:01<00:01, 49.56it/s] 54%|█████▍    | 81/150 [00:01<00:01, 51.66it/s] 59%|█████▊    | 88/150 [00:01<00:01, 38.83it/s] 64%|██████▍   | 96/150 [00:01<00:01, 44.88it/s] 68%|██████▊   | 102/150 [00:02<00:01, 35.54it/s] 73%|███████▎  | 109/150 [00:02<00:01, 35.79it/s] 77%|███████▋  | 116/150 [00:02<00:00, 40.66it/s] 81%|████████  | 121/150 [00:02<00:01, 24.34it/s] 83%|████████▎ | 125/150 [00:03<00:01, 22.22it/s] 87%|████████▋ | 130/150 [00:03<00:00, 25.67it/s] 89%|████████▉ | 134/150 [00:03<00:00, 16.84it/s] 92%|█████████▏| 138/150 [00:03<00:00, 19.41it/s] 94%|█████████▍| 141/150 [00:03<00:00, 20.75it/s] 96%|█████████▌| 144/150 [00:04<00:00, 21.86it/s] 98%|█████████▊| 147/150 [00:04<00:00, 18.95it/s]100%|██████████| 150/150 [00:04<00:00, 16.91it/s]100%|██████████| 150/150 [00:04<00:00, 32.92it/s]
[2026-06-08 07:48:20] INFO - vlmeval.__main__: The evaluation of model InternVL3_5-4B-Instruct x dataset MMStar_MINI has finished! 
[2026-06-08 07:48:20] INFO - vlmeval.__main__: Evaluation Results:
[2026-06-08 07:48:20] INFO - vlmeval.__main__: 
-----------------------  -------------------
split                    none
Overall                  0.6266666666666667
coarse perception        0.8260869565217391
fine-grained perception  0.42857142857142855
instance reasoning       0.7
logical reasoning        0.7619047619047619
math                     0.7142857142857143
science & technology     0.43478260869565216
-----------------------  -------------------
[2026-06-08 07:48:20] INFO - vlmeval.__main__: Run Summary Report:
[2026-06-08 07:48:20] INFO - vlmeval.__main__: 
benchmark    infer_fail_rate    judge_fail_rate    primary_metric      primary_metric_value  skip_reason    eval_error
-----------  -----------------  -----------------  ----------------  ----------------------  -------------  ------------
MMStar_MINI  0.00% (0/150)      0.00% (0/150)      Overall Acc                        62.67  -              -
wings-e5e8bd552edb-master-0:57629:57629 [0] NCCL INFO comm 0x555b3eb7c980 rank 1 nranks 8 cudaDev 0 busId 15000 - Destroy COMPLETE
wings-e5e8bd552edb-master-0:57638:57638 [0] NCCL INFO comm 0x55813257e3e0 rank 7 nranks 8 cudaDev 0 busId e4000 - Destroy COMPLETE
wings-e5e8bd552edb-master-0:57628:57628 [0] NCCL INFO comm 0x557feaf5b690 rank 0 nranks 8 cudaDev 0 busId e000 - Destroy COMPLETE
wings-e5e8bd552edb-master-0:57638:57638 [0] NCCL INFO ENV/Plugin: Closing env plugin ncclEnvDefault
wings-e5e8bd552edb-master-0:57629:57629 [0] NCCL INFO ENV/Plugin: Closing env plugin ncclEnvDefault
wings-e5e8bd552edb-master-0:57628:57628 [0] NCCL INFO ENV/Plugin: Closing env plugin ncclEnvDefault
Skipping merge_to_mmr_csv because benchmarks are not exactly the standard 7 or --no-merge was set.
latest_run_dir=/root/storage/mahaoxuan.mhx/code/MMR-Bench/third_party/VLMEvalKit/outputs/smoke_mmrbench_internvl35_4b_mmstar_mini_retry_20260608_074216/InternVL3_5-4B-Instruct/T20260608-074316
